
   1
   2
   3
   4
   5
   6
   7
   8
   9
  10
  11
  12
  13
  14
  15
  16
  17
  18
  19
  20
  21
  22
  23
  24
  25
  26
  27
  28
  29
  30
  31
  32
  33
  34
  35
  36
  37
  38
  39
  40
  41
  42
  43
  44
  45
  46
  47
  48
  49
  50
  51
  52
  53
  54
  55
  56
  57
  58
  59
  60
  61
  62
  63
  64
  65
  66
  67
  68
  69
  70
  71
  72
  73
  74
  75
  76
  77
  78
  79
  80
  81
  82
  83
  84
  85
  86
  87
  88
  89
  90
  91
  92
  93
  94
  95
  96
  97
  98
  99
 100
 101
 102
 103
 104
 105
 106
 107
 108
 109
 110
 111
 112
 113
 114
 115
 116
 117
 118
 119
 120
 121
 122
 123
 124
 125
 126
 127
 128
 129
 130
 131
 132
 133
 134
 135
 136
 137
 138
 139
 140
 141
 142
 143
 144
 145
 146
 147
 148
 149
 150
 151
 152
 153
 154
 155
 156
 157
 158
 159
 160
 161
 162
 163
 164
 165
 166
 167
 168
 169
 170
 171
 172
 173
 174
 175
 176
 177
 178
 179
 180
 181
 182
 183
 184
 185
 186
 187
 188
 189
 190
 191
 192
 193
 194
 195
 196
 197
 198
 199
 200
 201
 202
 203
 204
 205
 206
 207
 208
 209
 210
 211
 212
 213
 214
 215
 216
 217
 218
 219
 220
 221
 222
 223
 224
 225
 226
 227
 228
 229
 230
 231
 232
 233
 234
 235
 236
 237
 238
 239
 240
 241
 242
 243
 244
 245
 246
 247
 248
 249
 250
 251
 252
 253
 254
 255
 256
 257
 258
 259
 260
 261
 262
 263
 264
 265
 266
 267
 268
 269
 270
 271
 272
 273
 274
 275
 276
 277
 278
 279
 280
 281
 282
 283
 284
 285
 286
 287
 288
 289
 290
 291
 292
 293
 294
 295
 296
 297
 298
 299
 300
 301
 302
 303
 304
 305
 306
 307
 308
 309
 310
 311
 312
 313
 314
 315
 316
 317
 318
 319
 320
 321
 322
 323
 324
 325
 326
 327
 328
 329
 330
 331
 332
 333
 334
 335
 336
 337
 338
 339
 340
 341
 342
 343
 344
 345
 346
 347
 348
 349
 350
 351
 352
 353
 354
 355
 356
 357
 358
 359
 360
 361
 362
 363
 364
 365
 366
 367
 368
 369
 370
 371
 372
 373
 374
 375
 376
 377
 378
 379
 380
 381
 382
 383
 384
 385
 386
 387
 388
 389
 390
 391
 392
 393
 394
 395
 396
 397
 398
 399
 400
 401
 402
 403
 404
 405
 406
 407
 408
 409
 410
 411
 412
 413
 414
 415
 416
 417
 418
 419
 420
 421
 422
 423
 424
 425
 426
 427
 428
 429
 430
 431
 432
 433
 434
 435
 436
 437
 438
 439
 440
 441
 442
 443
 444
 445
 446
 447
 448
 449
 450
 451
 452
 453
 454
 455
 456
 457
 458
 459
 460
 461
 462
 463
 464
 465
 466
 467
 468
 469
 470
 471
 472
 473
 474
 475
 476
 477
 478
 479
 480
 481
 482
 483
 484
 485
 486
 487
 488
 489
 490
 491
 492
 493
 494
 495
 496
 497
 498
 499
 500
 501
 502
 503
 504
 505
 506
 507
 508
 509
 510
 511
 512
 513
 514
 515
 516
 517
 518
 519
 520
 521
 522
 523
 524
 525
 526
 527
 528
 529
 530
 531
 532
 533
 534
 535
 536
 537
 538
 539
 540
 541
 542
 543
 544
 545
 546
 547
 548
 549
 550
 551
 552
 553
 554
 555
 556
 557
 558
 559
 560
 561
 562
 563
 564
 565
 566
 567
 568
 569
 570
 571
 572
 573
 574
 575
 576
 577
 578
 579
 580
 581
 582
 583
 584
 585
 586
 587
 588
 589
 590
 591
 592
 593
 594
 595
 596
 597
 598
 599
 600
 601
 602
 603
 604
 605
 606
 607
 608
 609
 610
 611
 612
 613
 614
 615
 616
 617
 618
 619
 620
 621
 622
 623
 624
 625
 626
 627
 628
 629
 630
 631
 632
 633
 634
 635
 636
 637
 638
 639
 640
 641
 642
 643
 644
 645
 646
 647
 648
 649
 650
 651
 652
 653
 654
 655
 656
 657
 658
 659
 660
 661
 662
 663
 664
 665
 666
 667
 668
 669
 670
 671
 672
 673
 674
 675
 676
 677
 678
 679
 680
 681
 682
 683
 684
 685
 686
 687
 688
 689
 690
 691
 692
 693
 694
 695
 696
 697
 698
 699
 700
 701
 702
 703
 704
 705
 706
 707
 708
 709
 710
 711
 712
 713
 714
 715
 716
 717
 718
 719
 720
 721
 722
 723
 724
 725
 726
 727
 728
 729
 730
 731
 732
 733
 734
 735
 736
 737
 738
 739
 740
 741
 742
 743
 744
 745
 746
 747
 748
 749
 750
 751
 752
 753
 754
 755
 756
 757
 758
 759
 760
 761
 762
 763
 764
 765
 766
 767
 768
 769
 770
 771
 772
 773
 774
 775
 776
 777
 778
 779
 780
 781
 782
 783
 784
 785
 786
 787
 788
 789
 790
 791
 792
 793
 794
 795
 796
 797
 798
 799
 800
 801
 802
 803
 804
 805
 806
 807
 808
 809
 810
 811
 812
 813
 814
 815
 816
 817
 818
 819
 820
 821
 822
 823
 824
 825
 826
 827
 828
 829
 830
 831
 832
 833
 834
 835
 836
 837
 838
 839
 840
 841
 842
 843
 844
 845
 846
 847
 848
 849
 850
 851
 852
 853
 854
 855
 856
 857
 858
 859
 860
 861
 862
 863
 864
 865
 866
 867
 868
 869
 870
 871
 872
 873
 874
 875
 876
 877
 878
 879
 880
 881
 882
 883
 884
 885
 886
 887
 888
 889
 890
 891
 892
 893
 894
 895
 896
 897
 898
 899
 900
 901
 902
 903
 904
 905
 906
 907
 908
 909
 910
 911
 912
 913
 914
 915
 916
 917
 918
 919
 920
 921
 922
 923
 924
 925
 926
 927
 928
 929
 930
 931
 932
 933
 934
 935
 936
 937
 938
 939
 940
 941
 942
 943
 944
 945
 946
 947
 948
 949
 950
 951
 952
 953
 954
 955
 956
 957
 958
 959
 960
 961
 962
 963
 964
 965
 966
 967
 968
 969
 970
 971
 972
 973
 974
 975
 976
 977
 978
 979
 980
 981
 982
 983
 984
 985
 986
 987
 988
 989
 990
 991
 992
 993
 994
 995
 996
 997
 998
 999
1000
1001
1002
1003
1004
1005
1006
1007
1008
1009
1010
1011
1012
1013
1014
1015
1016
1017
1018
1019
1020
1021
1022
1023
1024
1025
1026
1027
1028
1029
1030
1031
1032
1033
1034
1035
1036
1037
1038
1039
1040
1041
1042
1043
1044
1045
1046
1047
1048
1049
1050
1051
1052
1053
1054
1055
1056
1057
1058
1059
1060
1061
1062
1063
1064
1065
1066
1067
1068
1069
1070
1071
1072
1073
1074
1075
1076
1077
1078
1079
1080
1081
1082
1083
1084
1085
1086
1087
1088
1089
1090
1091
1092
1093
1094
1095
1096
1097
1098
1099
1100
1101
1102
1103
1104
1105
1106
1107
1108
1109
1110
1111
1112
1113
1114
1115
1116
1117
1118
1119
1120
1121
1122
1123
1124
1125
1126
1127
1128
1129
1130
1131
1132
1133
1134
1135
1136
1137
1138
1139
1140
1141
1142
1143
1144
1145
1146
1147
1148
1149
1150
1151
1152
1153
1154
1155
1156
1157
1158
1159
1160
1161
1162
1163
1164
1165
1166
1167
1168
1169
1170
1171
1172
1173
1174
1175
1176
1177
1178
1179
1180
1181
1182
1183
1184
1185
1186
1187
1188
1189
1190
1191
1192
1193
1194
1195
1196
1197
1198
1199
1200
1201
1202
1203
1204
1205
1206
1207
1208
1209
1210
1211
1212
1213
1214
1215
1216
1217
1218
1219
1220
1221
1222
1223
1224
1225
1226
1227
1228
1229
1230
1231
1232
1233
1234
1235
1236
1237
1238
1239
1240
1241
1242
1243
1244
1245
1246
1247
1248
1249
1250
1251
1252
1253
1254
1255
1256
1257
1258
1259
1260
1261
1262
1263
1264
1265
1266
1267
1268
1269
1270
1271
1272
1273
1274
1275
1276
1277
1278
1279
1280
1281
1282
1283
1284
1285
1286
1287
1288
1289
1290
1291
1292
1293
1294
1295
1296
1297
1298
1299
1300
1301
1302
1303
1304
1305
1306
1307
1308
1309
1310
1311
1312
1313
1314
1315
1316
1317
1318
1319
1320
1321
1322
1323
1324
1325
1326
1327
1328
1329
1330
1331
1332
1333
1334
1335
1336
1337
1338
1339
1340
1341
1342
1343
1344
1345
1346
1347
1348
1349
1350
1351
1352
1353
1354
1355
1356
1357
1358
1359
1360
1361
1362
1363
1364
1365
1366
1367
1368
1369
1370
1371
1372
1373
1374
1375
1376
1377
1378
1379
1380
1381
1382
1383
1384
1385
1386
1387
1388
1389
1390
1391
1392
1393
1394
1395
1396
1397
1398
1399
1400
1401
1402
1403
1404
1405
1406
1407
1408
1409
1410
1411
1412
1413
1414
1415
1416
1417
1418
1419
1420
1421
1422
1423
1424
1425
1426
1427
1428
1429
1430
1431
1432
1433
1434
1435
1436
1437
1438
1439
1440
1441
1442
1443
1444
1445
1446
1447
1448
1449
1450
1451
1452
1453
1454
1455
1456
1457
1458
1459
1460
1461
1462
1463
1464
1465
1466
1467
1468
1469
1470
1471
1472
1473
1474
1475
1476
1477
1478
1479
1480
1481
1482
1483
1484
1485
1486
1487
1488
1489
1490
1491
1492
1493
1494
1495
1496
1497
1498
1499
1500
1501
1502
1503
1504
1505
1506
1507
1508
1509
1510
1511
1512
1513
1514
1515
1516
1517
1518
1519
1520
1521
1522
1523
1524
1525
1526
1527
1528
1529
1530
1531
1532
1533
1534
1535
1536
1537
1538
1539
1540
1541
1542
1543
1544
1545
1546
1547
1548
1549
1550
1551
1552
1553
1554
1555
1556
1557
1558
1559
1560
1561
1562
1563
1564
1565
1566
1567
1568
1569
1570
1571
1572
1573
1574
1575
1576
1577
1578
1579
1580
1581
1582
1583
1584
1585
1586
1587
1588
1589
1590
1591
1592
1593
1594
1595
1596
1597
1598
1599
1600
1601
1602
1603
1604
1605
1606
1607
1608
1609
1610
1611
1612
1613
1614
1615
1616
1617
1618
1619
1620
1621
1622
1623
1624
1625
1626
1627
1628
1629
1630
1631
1632
1633
1634
1635
1636
1637
1638
1639
1640
1641
1642
1643
1644
1645
1646
1647
1648
1649
1650
1651
1652
1653
1654
1655
1656
1657
1658
1659
1660
1661
1662
1663
1664
1665
1666
1667
1668
1669
1670
1671
1672
1673
1674
1675
1676
1677
1678
1679
1680
1681
1682
1683
1684
1685
1686
1687
1688
1689
1690
1691
1692
1693
1694
1695
1696
1697
1698
1699
1700
1701
1702
1703
1704
1705
1706
1707
1708
1709
1710
1711
1712
1713
1714
1715
1716
1717
1718
1719
1720
1721
1722
1723
1724
1725
1726
1727
1728
1729
1730
1731
1732
1733
1734
1735
1736
1737
1738
1739
1740
1741
1742
1743
1744
1745
1746
1747
1748
1749
1750
1751
1752
1753
1754
1755
1756
1757
1758
1759
1760
1761
1762
1763
1764
1765
1766
1767
1768
1769
1770
1771
1772
1773
1774
1775
1776
1777
1778
1779
1780
1781
1782
1783
1784
1785
1786
1787
1788
1789
1790
1791
1792
1793
1794
1795
1796
1797
1798
1799
1800
1801
1802
1803
1804
1805
1806
1807
1808
1809
1810
1811
1812
1813
1814
1815
1816
1817
1818
1819
1820
1821
1822
1823
1824
1825
1826
1827
1828
1829
1830
1831
1832
1833
1834
1835
1836
1837
1838
1839
1840
1841
1842
1843
1844
1845
1846
1847
1848
1849
1850
1851
1852
1853
1854
1855
1856
1857
1858
1859
1860
1861
1862
1863
1864
1865
1866
1867
1868
1869
1870
1871
1872
1873
1874
1875
1876
1877
1878
1879
1880
1881
1882
1883
1884
1885
1886
1887
1888
1889
1890
1891
1892
1893
1894
1895
1896
1897
1898
1899
1900
1901
1902
1903
1904
1905
1906
1907
1908
1909
1910
1911
1912
1913
1914
1915
1916
1917
1918
1919
1920
1921
1922
1923
1924
1925
1926
1927
1928
1929
1930
1931
1932
1933
1934
1935
1936
1937
1938
1939
1940
1941
1942
1943
1944
1945
1946
1947
1948
1949
1950
1951
1952
1953
1954
1955
1956
1957
1958
1959
1960
1961
1962
1963
1964
1965
1966
1967
1968
1969
1970
1971
1972
1973
1974
1975
1976
1977
1978
1979
1980
1981
1982
1983
1984
1985
1986
1987
1988
1989
1990
1991
1992
1993
1994
1995
1996
1997
1998
1999
2000
2001
2002
2003
2004
2005
2006
2007
2008
2009
2010
2011
2012
2013
2014
2015
2016
2017
2018
2019
2020
2021
2022
2023
2024
2025
2026
2027
2028
2029
2030
2031
2032
2033
2034
2035
2036
2037
2038
2039
2040
2041
2042
2043
2044
2045
2046
2047
2048
2049
2050
2051
2052
2053
2054
2055
2056
2057
2058
2059
2060
2061
2062
2063
2064
2065
2066
2067
2068
2069
2070
2071
2072
2073
2074
2075
2076
2077
2078
2079
2080
2081
2082
2083
2084
2085
2086
2087
2088
2089
2090
2091
2092
2093
2094
2095
2096
2097
2098
2099
2100
2101
2102
2103
2104
2105
2106
2107
2108
2109
2110
2111
2112
2113
2114
2115
2116
2117
2118
2119
2120
2121
2122
2123
2124
2125
2126
2127
2128
2129
2130
2131
2132
2133
2134
2135
2136
2137
2138
2139
2140
2141
2142
2143
2144
2145
2146
2147
2148
2149
2150
2151
2152
2153
2154
2155
2156
2157
2158
2159
2160
2161
2162
2163
2164
2165
2166
2167
2168
2169
2170
2171
2172
2173
2174
2175
2176
2177
2178
2179
2180
2181
2182
2183
2184
2185
2186
2187
2188
2189
2190
2191
2192
2193
2194
2195
2196
2197
2198
2199
2200
2201
2202
2203
2204
2205
2206
2207
2208
2209
2210
2211
2212
2213
2214
2215
2216
2217
2218
2219
2220
2221
2222
2223
2224
2225
2226
2227
2228
2229
2230
2231
2232
2233
2234
2235
2236
2237
2238
2239
2240
2241
2242
2243
2244
2245
2246
2247
2248
2249
2250
2251
2252
2253
2254
2255
2256
2257
2258
2259
2260
2261
2262
2263
2264
2265
2266
2267
2268
2269
2270
2271
2272
2273
2274
2275
2276
2277
2278
2279
2280
2281
2282
2283
2284
2285
2286
2287
2288
2289
2290
2291
2292
2293
2294
2295
2296
2297
2298
2299
2300
2301
2302
2303
2304
2305
2306
2307
2308
2309
2310
2311
2312
2313
2314
2315
2316
2317
2318
2319
2320
2321
2322
2323
2324
2325
2326
2327
2328
2329
2330
2331
2332
2333
2334
2335
2336
2337
2338
2339
2340
2341
2342
2343
2344
2345
2346
2347
2348
2349
2350
2351
2352
2353
2354
2355
2356
2357
2358
2359
2360
2361
2362
2363
2364
2365
2366
2367
2368
2369
2370
2371
2372
2373
2374
2375
2376
2377
2378
2379
2380
2381
2382
2383
2384
2385
2386
2387
2388
2389
2390
2391
2392
2393
2394
2395
2396
2397
2398
2399
2400
2401
2402
2403
2404
2405
2406
2407
2408
2409
2410
2411
2412
2413
2414
2415
2416
2417
2418
2419
2420
2421
2422
2423
2424
2425
2426
2427
2428
2429
2430
2431
2432
2433
2434
2435
2436
2437
2438
2439
2440
2441
2442
2443
2444
2445
2446
2447
2448
2449
2450
2451
2452
2453
2454
2455
2456
2457
2458
2459
2460
2461
2462
2463
2464
2465
2466
2467
2468
2469
2470
2471
2472
2473
2474
2475
2476
2477
2478
2479
2480
2481
2482
2483
2484
2485
2486
2487
2488
2489
2490
2491
2492
2493
2494
2495
2496
2497
2498
2499
2500
2501
2502
2503
2504
2505
2506
2507
2508
2509
2510
2511
2512
2513
2514
2515
2516
2517
2518
2519
2520
2521
2522
2523
2524
2525
2526
2527
2528
2529
2530
2531
2532
2533
2534
2535
2536
2537
2538
2539
2540
2541
2542
2543
2544
2545
2546
2547
2548
2549
2550
2551
2552
2553
2554
2555
2556
2557
2558
2559
2560
2561
2562
2563
2564
2565
2566
2567
2568
2569
2570
2571
2572
2573
2574
2575
2576
2577
2578
2579
2580
2581
2582
2583
2584
2585
2586
2587
2588
2589
2590
2591
2592
2593
2594
2595
2596
2597
2598
2599
2600
2601
2602
2603
2604
2605
2606
2607
2608
2609
2610
2611
2612
2613
2614
2615
2616
2617
2618
2619
2620
2621
2622
2623
2624
2625
2626
2627
2628
2629
2630
2631
2632
2633
2634
2635
2636
2637
2638
2639
2640
2641
2642
2643
2644
2645
2646
2647
2648
2649
2650
2651
2652
2653
2654
2655
2656
2657
2658
2659
2660
2661
2662
2663
2664
2665
2666
2667
2668
2669
2670
2671
2672
2673
2674
2675
2676
2677
2678
2679
2680
2681
2682
2683
2684
2685
2686
2687
2688
2689
2690
2691
2692
2693
2694
2695
2696
2697
2698
2699
2700
2701
2702
2703
2704
2705
2706
2707
2708
2709
2710
2711
2712
2713
2714
2715
2716
2717
2718
2719
2720
2721
2722
2723
2724
2725
2726
2727
2728
2729
2730
2731
2732
2733
2734
2735
2736
2737
2738
2739
2740
2741
2742
2743
2744
2745
2746
2747
2748
2749
2750
2751
2752
2753
2754
2755
2756
2757
2758
2759
2760
2761
2762
2763
2764
2765
2766
2767
2768
2769
2770
2771
2772
2773
2774
2775
2776
2777
2778
2779
2780
2781
2782
2783
2784
2785
2786
2787
2788
2789
2790
2791
2792
2793
2794
2795
2796
2797
2798
2799
2800
2801
2802
2803
2804
2805
2806
2807
2808
2809
2810
2811
2812
2813
2814
2815
2816
2817
2818
2819
2820
2821
2822
2823
2824
2825
2826
2827
2828
2829
2830
2831
2832
2833
2834
2835
2836
2837
2838
2839
2840
2841
2842
2843
2844
2845
2846
2847
2848
2849
2850
2851
2852
2853
2854
2855
2856
2857
2858
2859
2860
2861
2862
2863
2864
2865
2866
2867
2868
2869
2870
2871
2872
2873
2874
2875
2876
2877
2878
2879
2880
2881
2882
2883
2884
2885
2886
2887
2888
2889
2890
2891
2892
2893
2894
2895
2896
2897
2898
2899
2900
2901
2902
2903
2904
2905
2906
2907
2908
2909
2910
2911
2912
2913
2914
2915
2916
2917
2918
2919
2920
2921
2922
2923
2924
2925
2926
2927
2928
2929
2930
2931
2932
2933
2934
2935
2936
2937
2938
2939
2940
2941
2942
2943
2944
2945
2946
2947
2948
2949
2950
2951
2952
2953
2954
2955
2956
2957
2958
2959
2960
2961
2962
2963
2964
2965
2966
2967
2968
2969
2970
2971
2972
2973
2974
2975
2976
2977
2978
2979
2980
2981
2982
2983
2984
2985
2986
2987
2988
2989
2990
2991
2992
2993
2994
2995
2996
2997
2998
2999
3000
3001
3002
3003
3004
3005
3006
3007
3008
3009
3010
3011
3012
3013
3014
3015
3016
3017
3018
3019
3020
3021
3022
3023
3024
3025
3026
3027
3028
3029
3030
3031
3032
3033
3034
3035
3036
3037
3038
3039
3040
3041
3042
3043
3044
3045
3046
3047
3048
3049
3050
3051
3052
3053
3054
3055
3056
3057
3058
3059
3060
3061
3062
3063
3064
3065
3066
3067
3068
3069
3070
3071
3072
3073
3074
3075
3076
3077
3078
3079
3080
3081
3082
3083
3084
3085
3086
3087
3088
3089
3090
3091
3092
3093
3094
3095
3096
3097
3098
3099
3100
3101
3102
3103
3104
3105
3106
3107
3108
3109
3110
3111
3112
3113
3114
3115
3116
3117
3118
3119
3120
3121
3122
3123
3124
3125
3126
3127
3128
3129
3130
3131
3132
3133
3134
3135
3136
3137
3138
3139
3140
3141
3142
3143
3144
3145
3146
3147
3148
3149
3150
3151
3152
3153
3154
3155
3156
3157
3158
3159
3160
3161
3162
3163
3164
3165
3166
3167
3168
3169
3170
3171
3172
3173
3174
3175
3176
3177
3178
3179
3180
3181
3182
3183
3184
3185
3186
3187
3188
3189
3190
3191
3192
3193
3194
3195
3196
3197
3198
3199
3200
3201
3202
3203
3204
3205
3206
3207
3208
3209
3210
3211
3212
3213
3214
3215
3216
3217
3218
3219
3220
3221
3222
3223
3224
3225
3226
3227
3228
3229
3230
3231
3232
3233
3234
3235
3236
3237
3238
3239
3240
3241
3242
3243
3244
3245
3246
3247
3248
3249
3250
3251
3252
3253
3254
3255
3256
3257
3258
3259
3260
3261
3262
3263
3264
3265
3266
3267
3268
3269
3270
3271
3272
3273
3274
3275
3276
3277
3278
3279
3280
3281
3282
3283
3284
3285
3286
3287
3288
3289
3290
3291
3292
3293
3294
3295
3296
3297
3298
3299
3300
3301
3302
3303
3304
3305
3306
3307
3308
3309
3310
3311
3312
3313
3314
3315
3316
3317
3318
3319
3320
3321
3322
3323
3324
3325
3326
3327
3328
3329
3330
3331
3332
3333
3334
3335
3336
3337
3338
3339
3340
3341
3342
3343
3344
3345
3346
3347
3348
3349
3350
3351
3352
3353
3354
3355
3356
3357
3358
3359
3360
3361
3362
3363
3364
3365
3366
3367
3368
3369
3370
3371
3372
3373
3374
3375
3376
3377
3378
3379
3380
3381
3382
3383
3384
3385
3386
3387
3388
3389
3390
3391
3392
3393
3394
3395
3396
3397
3398
3399
3400
3401
3402
3403
3404
3405
3406
3407
3408
3409
3410
3411
3412
3413
3414
3415
3416
3417
3418
3419
3420
3421
3422
3423
3424
3425
3426
3427
3428
3429
3430
3431
3432
3433
3434
3435
3436
3437
3438
3439
3440
3441
3442
3443
3444
3445
3446
3447
3448
3449
3450
3451
3452
3453
3454
3455
3456
3457
3458
3459
3460
3461
3462
3463
3464
3465
3466
3467
3468
3469
3470
3471
3472
3473
3474
3475
3476
3477
3478
3479
3480
3481
3482
3483
3484
3485
3486
3487
3488
3489
3490
3491
3492
3493
3494
3495
3496
3497
3498
3499
3500
3501
3502
3503
3504
3505
3506
3507
3508
3509
3510
3511
3512
3513
3514
3515
3516
3517
3518
3519
3520
3521
3522
3523
3524
3525
3526
3527
3528
3529
3530
3531
3532
3533
3534
3535
3536
3537
3538
3539
3540
3541
3542
3543
3544
3545
3546
3547
3548
3549
3550
3551
3552
3553
3554
3555
3556
3557
3558
3559
3560
3561
3562
3563
3564
3565
3566
3567
3568
3569
3570
3571
3572
3573
3574
3575
3576
3577
3578
3579
3580
3581
3582
3583
3584
3585
3586
3587
3588
3589
3590
3591
3592
3593
3594
3595
3596
3597
3598
3599
3600
3601
3602
3603
3604
3605
3606
3607
3608
3609
3610
3611
3612
3613
3614
3615
3616
3617
3618
3619
3620
3621
3622
3623
3624
3625
3626
3627
3628
3629
3630
3631
3632
3633
3634
3635
3636
3637
3638
3639
3640
3641
3642
3643
3644
3645
3646
3647
3648
3649
3650
3651
3652
3653
3654
3655
3656
3657
3658
3659
3660
3661
3662
3663
3664
3665
3666
3667
3668
3669
3670
3671
3672
3673
3674
3675
3676
3677
3678
3679
3680
3681
3682
3683
3684
3685
3686
3687
3688
3689
3690
3691
3692
3693
3694
3695
3696
3697
3698
3699
3700
3701
3702
3703
3704
3705
3706
3707
3708
3709
3710
3711
3712
3713
3714
3715
3716
3717
3718
3719
3720
3721
3722
3723
3724
3725
3726
3727
3728
3729
3730
3731
3732
3733
3734
3735
3736
3737
3738
3739
3740
3741
3742
3743
3744
3745
3746
3747
3748
3749
3750
3751
3752
3753
3754
3755
3756
3757
3758
3759
3760
3761
3762
3763
3764
3765
3766
3767
3768
3769
3770
3771
3772
3773
3774
3775
3776
3777
3778
3779
3780
3781
3782
3783
3784
3785
3786
3787
3788
3789
3790
3791
3792
3793
3794
3795
3796
3797
3798
3799
3800
3801
3802
3803
3804
3805
3806
3807
3808
3809
3810
3811
3812
3813
3814
3815
3816
3817
3818
3819
3820
3821
3822
3823
3824
3825
3826
3827
3828
3829
3830
3831
3832
3833
3834
3835
3836
3837
3838
3839
3840
3841
3842
3843
3844
3845
3846
3847
3848
3849
3850
3851
3852
3853
3854
3855
3856
3857
3858
3859
3860
3861
3862
3863
3864
3865
3866
3867
3868
3869
3870
3871
3872
3873
3874
3875
3876
3877
3878
3879
3880
3881
3882
3883
3884
3885
3886
3887
3888
3889
3890
3891
3892
3893
3894
3895
3896
3897
3898
3899
3900
3901
3902
3903
3904
3905
3906
3907
3908
3909
3910
3911
3912
3913
3914
3915
3916
3917
3918
3919
3920
3921
3922
3923
3924
3925
3926
3927
3928
3929
3930
3931
3932
3933
3934
3935
3936
3937
3938
3939
3940
3941
3942
3943
3944
3945
3946
3947
3948
3949
3950
3951
3952
3953
3954
3955
3956
3957
3958
3959
3960
3961
3962
3963
3964
3965
3966
3967
3968
3969
3970
3971
3972
3973
3974
3975
3976
3977
3978
3979
3980
3981
3982
3983
3984
3985
3986
3987
3988
3989
3990
3991
3992
3993
3994
3995
3996
3997
3998
3999
4000
4001
4002
4003
4004
4005
4006
4007
4008
4009
4010
4011
4012
4013
4014
4015
4016
4017
4018
4019
4020
4021
4022
4023
4024
4025
4026
4027
4028
4029
4030
4031
4032
4033
4034
4035
4036
4037
4038
4039
4040
4041
4042
4043
4044
4045
4046
4047
4048
4049
4050
4051
4052
4053
4054
4055
4056
4057
4058
4059
4060
4061
4062
4063
4064
4065
4066
4067
4068
4069
4070
4071
4072
4073
4074
4075
4076
4077
4078
4079
4080
4081
4082
4083
4084
4085
4086
4087
4088
4089
4090
4091
4092
4093
4094
4095
4096
4097
4098
4099
4100
4101
4102
4103
4104
4105
4106
4107
4108
4109
4110
4111
4112
4113
4114
4115
4116
4117
4118
4119
4120
4121
4122
4123
4124
4125
4126
4127
4128
4129
4130
4131
4132
4133
4134
4135
4136
4137
4138
4139
4140
4141
4142
4143
4144
4145
4146
4147
4148
4149
4150
4151
4152
4153
4154
4155
4156
4157
4158
4159
4160
4161
4162
4163
4164
4165
4166
4167
4168
4169
4170
4171
4172
4173
4174
4175
4176
4177
4178
4179
4180
4181
4182
4183
4184
4185
4186
4187
4188
4189
4190
4191
4192
4193
4194
4195
4196
4197
4198
4199
4200
4201
4202
4203
4204
4205
4206
4207
4208
4209
4210
4211
4212
4213
4214
4215
4216
4217
4218
4219
4220
4221
4222
4223
4224
4225
4226
4227
4228
4229
4230
4231
4232
4233
4234
4235
4236
4237
4238
4239
4240
4241
4242
4243
4244
4245
4246
4247
4248
4249
4250
4251
4252
4253
4254
4255
4256
4257
4258
4259
4260
4261
4262
4263
4264
4265
4266
4267
4268
4269
4270
4271
4272
4273
4274
4275
4276
4277
4278
4279
4280
4281
4282
4283
4284
4285
4286
4287
4288
4289
4290
4291
4292
4293
4294
4295
4296
4297
4298
4299
4300
4301
4302
4303
4304
4305
4306
4307
4308
4309
4310
4311
4312
4313
4314
4315
4316
4317
4318
4319
4320
4321
4322
4323
4324
4325
4326
4327
4328
4329
4330
4331
4332
4333
4334
4335
4336
4337
4338
4339
4340
4341
4342
4343
4344
4345
4346
4347
4348
4349
4350
4351
4352
4353
4354
4355
4356
4357
4358
4359
4360
4361
4362
4363
4364
4365
4366
4367
4368
4369
4370
4371
4372
4373
4374
4375
4376
4377
4378
4379
4380
4381
4382
4383
4384
4385
4386
4387
4388
4389
4390
4391
4392
4393
4394
4395
4396
4397
4398
4399
4400
4401
4402
4403
4404
4405
4406
4407
4408
4409
4410
4411
4412
4413
4414
4415
4416
4417
4418
4419
4420
4421
4422
4423
4424
4425
4426
4427
4428
4429
4430
4431
4432
4433
4434
4435
4436
4437
4438
4439
4440
4441
4442
4443
4444
4445
4446
4447
4448
4449
4450
4451
4452
4453
4454
4455
4456
4457
4458
4459
4460
4461
4462
4463
4464
4465
4466
4467
4468
4469
4470
4471
4472
4473
4474
4475
4476
4477
4478
4479
4480
4481
4482
4483
4484
4485
4486
4487
4488
4489
4490
4491
4492
4493
4494
4495
4496
4497
4498
4499
4500
4501
4502
4503
4504
4505
4506
4507
4508
4509
4510
4511
4512
4513
4514
4515
4516
4517
4518
4519
4520
4521
4522
4523
4524
4525
4526
4527
4528
4529
4530
4531
4532
4533
4534
4535
4536
4537
4538
4539
4540
4541
4542
4543
4544
4545
4546
4547
4548
4549
4550
4551
4552
4553
4554
4555
4556
4557
4558
4559
4560
4561
4562
4563
4564
4565
4566
4567
4568
4569
4570
4571
4572
4573
4574
4575
4576
4577
4578
4579
4580
4581
4582
4583
4584
4585
4586
4587
4588
4589
4590
4591
4592
4593
4594
4595
4596
4597
4598
4599
4600
4601
4602
4603
4604
4605
4606
4607
4608
4609
4610
4611
4612
4613
4614
4615
4616
4617
4618
4619
4620
4621
4622
4623
4624
4625
4626
4627
4628
4629
4630
4631
4632
4633
4634
4635
4636
4637
4638
4639
4640
4641
4642
4643
4644
4645
4646
4647
4648
4649
4650
4651
4652
4653
4654
4655
4656
4657
4658
4659
4660
4661
4662
4663
4664
4665
4666
4667
4668
4669
4670
4671
4672
4673
4674
4675
4676
4677
4678
4679
4680
4681
4682
4683
4684
4685
4686
4687
4688
4689
4690
4691
4692
4693
4694
4695
4696
4697
4698
4699
4700
4701
4702
4703
4704
4705
4706
4707
4708
4709
4710
4711
4712
4713
4714
4715
4716
4717
4718
4719
4720
4721
4722
4723
4724
4725
4726
4727
4728
4729
4730
4731
4732
4733
4734
4735
4736
4737
4738
4739
4740
4741
4742
4743
4744
4745
4746
4747
4748
4749
4750
4751
4752
4753
4754
4755
4756
4757
4758
4759
4760
4761
4762
4763
4764
4765
4766
4767
4768
4769
4770
4771
4772
4773
4774
4775
4776
4777
4778
4779
4780
4781
4782
4783
4784
4785
4786
4787
4788
4789
4790
4791
4792
4793
4794
4795
4796
4797
4798
4799
4800
4801
4802
4803
4804
4805
4806
4807
4808
4809
4810
4811
4812
4813
4814
4815
4816
4817
4818
4819
4820
4821
4822
4823
4824
4825
4826
4827
4828
4829
4830
4831
4832
4833
4834
4835
4836
4837
4838
4839
4840
4841
4842
4843
4844
4845
4846
4847
4848
4849
4850
4851
4852
4853
4854
4855
4856
4857
4858
4859
4860
4861
4862
4863
4864
4865
4866
4867
4868
4869
4870
4871
4872
4873
4874
4875
4876
4877
4878
4879
4880
4881
4882
4883
4884
4885
4886
4887
4888
4889
4890
4891
4892
4893
4894
4895
4896
4897
4898
4899
4900
4901
4902
4903
4904
4905
4906
4907
4908
4909
4910
4911
4912
4913
4914
4915
4916
4917
4918
4919
4920
4921
4922
4923
4924
4925
4926
4927
4928
4929
4930
4931
4932
4933
4934
4935
4936
4937
4938
4939
4940
4941
4942
4943
4944
4945
4946
4947
4948
4949
4950
4951
4952
4953
4954
4955
4956
4957
4958
4959
4960
4961
4962
4963
4964
4965
4966
4967
4968
4969
4970
4971
4972
4973
4974
4975
4976
4977
4978
4979
4980
4981
4982
4983
4984
4985
4986
4987
4988
4989
4990
4991
4992
4993
4994
4995
4996
4997
4998
4999
5000
5001
5002
5003
5004
5005
5006
5007
5008
5009
5010
5011
5012
5013
5014
5015
5016
5017
5018
5019
5020
5021
5022
5023
5024
5025
5026
5027
5028
5029
5030
5031
5032
5033
5034
5035
5036
5037
5038
5039
5040
5041
5042
5043
5044
5045
5046
5047
5048
5049
5050
5051
5052
5053
5054
5055
5056
5057
5058
5059
5060
5061
5062
5063
5064
5065
5066
5067
5068
5069
5070
5071
5072
5073
5074
5075
5076
5077
5078
5079
5080
5081
5082
5083
5084
5085
5086
5087
5088
5089
5090
5091
5092
5093
5094
5095
5096
5097
5098
5099
5100
5101
5102
5103
5104
5105
5106
5107
5108
5109
5110
5111
5112
5113
5114
5115
5116
5117
5118
5119
5120
5121
5122
5123
5124
5125
5126
5127
5128
5129
5130
5131
5132
5133
5134
5135
5136
5137
5138
5139
5140
5141
5142
5143
5144
5145
5146
5147
5148
5149
5150
5151
5152
5153
5154
5155
5156
5157
5158
5159
5160
5161
5162
5163
5164
5165
5166
5167
5168
5169
5170
5171
5172
5173
5174
5175
5176
5177
5178
5179
5180
5181
5182
5183
5184
5185
5186
5187
5188
5189
5190
5191
5192
5193
5194
5195
5196
5197
5198
5199
5200
5201
5202
5203
5204
5205
5206
5207
5208
5209
5210
5211
5212
5213
5214
5215
5216
5217
5218
5219
5220
5221
5222
5223
5224
5225
5226
5227
5228
5229
5230
5231
5232
5233
5234
5235
5236
5237
5238
5239
5240
5241
5242
5243
5244
5245
5246
5247
5248
5249
5250
5251
5252
5253
5254
5255
5256
5257
5258
5259
5260
5261
5262
5263
5264
5265
5266
5267
5268
5269
5270
5271
5272
5273
5274
5275
5276
5277
5278
5279
5280
5281
5282
5283
5284
5285
5286
5287
5288
5289
5290
5291
5292
5293
5294
5295
5296
5297
5298
5299
5300
5301
5302
5303
5304
5305
5306
5307
5308
5309
5310
5311
5312
5313
5314
5315
5316
5317
5318
5319
5320
5321
5322
5323
5324
5325
5326
5327
5328
5329
5330
5331
5332
5333
5334
5335
5336
5337
5338
5339
5340
5341
5342
5343
5344
5345
5346
5347
5348
5349
5350
5351
5352
5353
5354
5355
5356
5357
5358
5359
5360
5361
5362
5363
5364
5365
5366
5367
5368
5369
5370
5371
5372
5373
5374
5375
5376
5377
5378
5379
5380
5381
5382
5383
5384
5385
5386
5387
5388
5389
5390
5391
5392
5393
5394
5395
5396
5397
5398
5399
5400
5401
5402
5403
5404
5405
5406
5407
5408
5409
5410
5411
5412
5413
5414
5415
5416
5417
5418
5419
5420
5421
5422
5423
5424
5425
5426
5427
5428
5429
5430
5431
5432
5433
5434
5435
5436
5437
5438
5439
5440
5441
5442
5443
5444
5445
5446
5447
5448
5449
5450
5451
5452
5453
5454
5455
5456
5457
5458
5459
5460
5461
5462
5463
5464
5465
5466
5467
5468
5469
5470
5471
5472
5473
5474
5475
5476
5477
5478
5479
5480
5481
5482
5483
5484
5485
5486
5487
5488
5489
5490
5491
5492
5493
5494
5495
5496
5497
5498
5499
5500
5501
5502
5503
5504
5505
5506
5507
5508
5509
5510
5511
5512
5513
5514
5515
5516
5517
5518
5519
5520
5521
5522
5523
5524
5525
5526
5527
5528
5529
5530
5531
5532
5533
5534
5535
5536
5537
5538
5539
5540
5541
5542
5543
5544
5545
5546
5547
5548
5549
5550
5551
5552
5553
5554
5555
5556
5557
5558
5559
5560
5561
5562
5563
5564
5565
5566
5567
5568
5569
5570
5571
5572
5573
5574
5575
5576
5577
5578
5579
5580
5581
5582
5583
5584
5585
5586
5587
5588
5589
5590
5591
5592
5593
5594
5595
5596
5597
5598
5599
5600
5601
5602
5603
5604
5605
5606
5607
5608
5609
5610
5611
5612
5613
5614
5615
5616
5617
5618
5619
5620
5621
5622
5623
5624
5625
5626
5627
5628
5629
5630
5631
5632
5633
5634
5635
5636
5637
5638
5639
5640
5641
5642
5643
5644
5645
5646
5647
5648
5649
5650
5651
5652
5653
5654
5655
5656
5657
5658
5659
5660
5661
5662
5663
5664
5665
5666
5667
5668
5669
5670
5671
5672
5673
5674
5675
5676
5677
5678
5679
5680
5681
5682
5683
5684
5685
5686
5687
5688
5689
5690
5691
5692
5693
5694
5695
5696
5697
5698
5699
5700
5701
5702
5703
5704
5705
5706
5707
5708
5709
5710
5711
5712
5713
5714
5715
5716
5717
5718
5719
5720
5721
5722
5723
5724
5725
5726
5727
5728
5729
5730
5731
5732
5733
5734
5735
5736
5737
5738
5739
5740
5741
5742
5743
5744
5745
5746
5747
5748
5749
5750
5751
5752
5753
5754
5755
5756
5757
5758
5759
5760
5761
5762
5763
5764
5765
5766
5767
5768
5769
5770
5771
5772
5773
5774
5775
5776
5777
5778
5779
5780
5781
5782
5783
5784
5785
5786
5787
5788
5789
5790
5791
5792
5793
5794
5795
5796
5797
5798
5799
5800
5801
5802
5803
5804
5805
5806
5807
5808
5809
5810
5811
5812
5813
5814
5815
5816
5817
5818
5819
5820
5821
5822
5823
5824
5825
5826
5827
5828
5829
5830
5831
5832
5833
5834
5835
5836
5837
5838
5839
5840
5841
5842
5843
5844
5845
5846
5847
5848
5849
5850
5851
5852
5853
5854
5855
5856
5857
5858
5859
5860
5861
5862
5863
5864
5865
5866
5867
5868
5869
5870
5871
5872
5873
5874
5875
5876
5877
5878
5879
5880
5881
5882
5883
5884
5885
5886
5887
5888
5889
5890
5891
5892
5893
5894
5895
5896
5897
5898
5899
5900
5901
5902
5903
5904
5905
5906
5907
5908
5909
5910
5911
5912
5913
5914
5915
5916
5917
5918
5919
5920
5921
5922
5923
5924
5925
5926
5927
5928
5929
5930
5931
5932
5933
5934
5935
5936
5937
5938
5939
5940
5941
5942
5943
5944
5945
5946
5947
5948
5949
5950
5951
5952
5953
5954
5955
5956
5957
5958
5959
5960
5961
5962
5963
5964
5965
5966
5967
5968
5969
5970
5971
5972
5973
5974
5975
5976
5977
5978
5979
5980
5981
5982
5983
5984
5985
5986
5987
5988
5989
5990
5991
5992
5993
5994
5995
5996
5997
5998
5999
6000
6001
6002
6003
6004
6005
6006
6007
6008
6009
6010
6011
6012
6013
6014
6015
6016
6017
6018
6019
6020
6021
6022
6023
6024
6025
6026
6027
6028
6029
6030
6031
6032
6033
6034
6035
6036
6037
6038
6039
6040
6041
6042
6043
6044
6045
6046
6047
6048
6049
6050
6051
6052
6053
6054
6055
6056
6057
6058
6059
6060
6061
6062
6063
6064
6065
6066
6067
6068
6069
6070
6071
6072
6073
6074
6075
6076
6077
6078
6079
6080
6081
6082
6083
6084
6085
6086
6087
6088
6089
6090
6091
6092
6093
6094
6095
6096
6097
6098
6099
6100
6101
6102
6103
6104
6105
6106
6107
6108
6109
6110
6111
6112
6113
6114
6115
6116
6117
6118
6119
6120
6121
6122
6123
6124
6125
6126
6127
6128
6129
6130
6131
6132
6133
6134
6135
6136
6137
6138
6139
6140
6141
6142
6143
6144
6145
6146
6147
6148
6149
6150
6151
6152
6153
6154
6155
6156
6157
6158
6159
6160
6161
6162
6163
6164
6165
6166
6167
6168
6169
6170
6171
6172
6173
6174
6175
6176
6177
6178
6179
6180
6181
6182
6183
6184
6185
6186
6187
6188
6189
6190
6191
6192
6193
6194
6195
6196
6197
6198
6199
6200
6201
6202
6203
6204
6205
6206
6207
6208
6209
6210
6211
6212
6213
6214
6215
6216
6217
6218
6219
6220
6221
6222
6223
6224
6225
6226
6227
6228
6229
6230
6231
6232
6233
6234
6235
6236
6237
6238
6239
6240
6241
6242
6243
6244
6245
6246
6247
6248
6249
6250
6251
6252
6253
6254
6255
6256
6257
6258
6259
6260
6261
6262
6263
6264
6265
6266
6267
6268
6269
6270
6271
6272
6273
6274
6275
6276
6277
6278
6279
6280
6281
6282
6283
6284
6285
6286
6287
6288
6289
6290
6291
6292
6293
6294
6295
6296
6297
6298
6299
6300
6301
6302
6303
6304
6305
6306
6307
6308
6309
6310
6311
6312
6313
6314
6315
6316
6317
6318
6319
6320
6321
6322
6323
6324
6325
6326
6327
6328
6329
6330
6331
6332
6333
6334
6335
6336
6337
6338
6339
6340
6341
6342
6343
6344
6345
6346
6347
6348
6349
6350
6351
6352
6353
6354
6355
6356
6357
6358
6359
6360
6361
6362
6363
6364
6365
6366
6367
6368
6369
6370
6371
6372
6373
6374
6375
6376
6377
6378
6379
6380
6381
6382
6383
6384
6385
6386
6387
6388
6389
6390
6391
6392
6393
6394
6395
6396
6397
6398
6399
6400
6401
6402
6403
6404
6405
6406
6407
6408
6409
6410
6411
6412
6413
6414
6415
6416
6417
6418
6419
6420
6421
6422
6423
6424
6425
6426
6427
6428
6429
6430
6431
6432
6433
6434
6435
6436
6437
6438
6439
6440
6441
6442
6443
6444
6445
6446
6447
6448
6449
6450
6451
6452
6453
6454
6455
6456
6457
6458
6459
6460
6461
6462
6463
6464
6465
6466
6467
6468
6469
6470
6471
6472
6473
6474
6475
6476
6477
6478
6479
6480
6481
6482
6483
6484
6485
6486
6487
6488
6489
6490
6491
6492
6493
6494
6495
6496
6497
6498
6499
6500
6501
6502
6503
6504
6505
6506
6507
6508
6509
6510
6511
6512
6513
6514
6515
6516
6517
6518
6519
6520
6521
6522
6523
6524
6525
6526
6527
6528
6529
6530
6531
6532
6533
6534
6535
6536
6537
6538
6539
6540
6541
6542
6543
6544
6545
6546
6547
6548
6549
6550
6551
6552
6553
6554
6555
6556
6557
6558
6559
6560
6561
6562
6563
6564
6565
6566
6567
6568
6569
6570
6571
6572
6573
6574
6575
6576
6577
6578
6579
6580
6581
6582
6583
6584
6585
6586
6587
6588
6589
6590
6591
6592
6593
6594
6595
6596
6597
6598
6599
6600
6601
6602
6603
6604
6605
6606
6607
6608
6609
6610
6611
6612
6613
6614
6615
6616
6617
6618
6619
6620
6621
6622
6623
6624
6625
6626
6627
6628
6629
6630
6631
6632
6633
6634
6635
6636
6637
6638
6639
6640
6641
6642
6643
6644
6645
6646
6647
6648
6649
6650
6651
6652
6653
6654
6655
6656
6657
6658
6659
6660
6661
6662
6663
6664
6665
6666
6667
6668
6669
6670
6671
6672
6673
6674
6675
6676
6677
6678
6679
6680
6681
6682
6683
6684
6685
6686
6687
6688
6689
6690
6691
6692
6693
6694
6695
6696
6697
6698
6699
6700
6701
6702
6703
6704
6705
6706
6707
6708
6709
6710
6711
6712
6713
6714
6715
6716
6717
6718
6719
6720
6721
6722
6723
6724
6725
6726
6727
6728
6729
6730
6731
6732
6733
6734
6735
6736
6737
6738
6739
6740
6741
6742
6743
6744
6745
6746
6747
6748
6749
6750
6751
6752
6753
6754
6755
6756
6757
6758
6759
6760
6761
6762
6763
6764
6765
6766
6767
6768
6769
6770
6771
6772
6773
6774
6775
6776
6777
6778
6779
6780
6781
6782
6783
6784
6785
6786
6787
6788
6789
6790
6791
6792
6793
6794
6795
6796
6797
6798
6799
6800
6801
6802
6803
6804
6805
6806
6807
6808
6809
6810
6811
6812
6813
6814
6815
6816
6817
6818
6819
6820
6821
6822
6823
6824
6825
6826
6827
6828
6829
6830
6831
6832
6833
6834
6835
6836
6837
6838
6839
6840
6841
6842
6843
6844
6845
6846
6847
6848
6849
6850
6851
6852
6853
6854
6855
6856
6857
6858
6859
6860
6861
6862
6863
6864
6865
6866
6867
6868
6869
6870
6871
6872
6873
6874
6875
6876
6877
6878
6879
6880
6881
6882
6883
6884
6885
6886
6887
6888
6889
6890
6891
6892
6893
6894
6895
6896
6897
6898
6899
6900
6901
6902
6903
6904
6905
6906
6907
6908
6909
6910
6911
6912
6913
6914
6915
6916
6917
6918
6919
6920
6921
6922
6923
6924
6925
6926
6927
6928
6929
6930
6931
6932
6933
6934
6935
6936
6937
6938
6939
6940
6941
6942
6943
6944
6945
6946
6947
6948
6949
6950
6951
6952
6953
6954
6955
6956
6957
6958
6959
6960
6961
6962
6963
6964
6965
6966
6967
6968
6969
6970
6971
6972
6973
6974
6975
6976
6977
6978
6979
6980
6981
6982
6983
6984
6985
6986
6987
6988
6989
6990
6991
6992
6993
6994
6995
6996
6997
6998
6999
7000
7001
7002
7003
7004
7005
7006
7007
7008
7009
7010
7011
7012
7013
7014
7015
7016
7017
7018
7019
7020
7021
7022
7023
7024
7025
7026
7027
7028
7029
7030
7031
7032
7033
7034
7035
7036
7037
7038
7039
7040
7041
7042
7043
7044
7045
7046
7047
7048
7049
7050
7051
7052
7053
7054
7055
7056
7057
7058
7059
7060
7061
7062
7063
7064
7065
7066
7067
7068
7069
7070
7071
7072
7073
7074
7075
7076
7077
7078
7079
7080
7081
7082
7083
7084
7085
7086
7087
7088
7089
7090
7091
7092
7093
7094
7095
7096
7097
7098
7099
7100
7101
7102
7103
7104
7105
7106
7107
7108
7109
7110
7111
7112
7113
7114
7115
7116
7117
7118
7119
7120
7121
7122
7123
7124
7125
7126
7127
7128
7129
7130
7131
7132
7133
7134
7135
7136
7137
7138
7139
7140
7141
7142
7143
7144
7145
7146
7147
7148
7149
7150
7151
7152
7153
7154
7155
7156
7157
7158
7159
7160
7161
7162
7163
7164
7165
7166
7167
7168
7169
7170
7171
7172
7173
7174
7175
7176
7177
7178
7179
7180
7181
7182
7183
7184
7185
7186
7187
7188
7189
7190
7191
7192
7193
7194
7195
7196
7197
7198
7199
7200
7201
7202
7203
7204
7205
7206
7207
7208
7209
7210
7211
7212
7213
7214
7215
7216
7217
7218
7219
7220
7221
7222
7223
7224
7225
7226
7227
7228
7229
7230
7231
7232
7233
7234
7235
7236
7237
7238
7239
7240
7241
7242
7243
7244
7245
7246
7247
7248
7249
7250
7251
7252
7253
7254
7255
7256
7257
7258
7259
7260
7261
7262
7263
7264
7265
7266
7267
7268
7269
7270
7271
7272
7273
7274
7275
7276
7277
7278
7279
7280
7281
7282
7283
7284
7285
7286
7287
7288
7289
7290
7291
7292
7293
7294
7295
7296
7297
7298
7299
7300
7301
7302
7303
7304
7305
7306
7307
7308
7309
7310
7311
7312
7313
7314
7315
7316
7317
7318
7319
7320
7321
7322
7323
7324
7325
7326
7327
7328
7329
7330
7331
7332
7333
7334
7335
7336
7337
7338
7339
7340
7341
7342
7343
7344
7345
7346
7347
7348
7349
7350
7351
7352
7353
7354
7355
7356
7357
7358
7359
7360
7361
7362
7363
7364
7365
7366
7367
7368
7369
7370
7371
7372
7373
7374
7375
7376
7377
7378
7379
7380
7381
7382
7383
7384
7385
7386
7387
7388
7389
7390
7391
7392
7393
7394
7395
7396
7397
7398
7399
7400
7401
7402
7403
7404
7405
7406
7407
7408
7409
7410
7411
7412
7413
7414
7415
7416
7417
7418
7419
7420
7421
7422
7423
7424
7425
7426
7427
7428
7429
7430
7431
7432
7433
7434
7435
7436
7437
7438
7439
7440
7441
7442
7443
7444
7445
7446
7447
7448
7449
7450
7451
7452
7453
7454
7455
7456
7457
7458
7459
7460
7461
7462
7463
7464
7465
7466
7467
7468
7469
7470
7471
7472
7473
7474
7475
7476
7477
7478
7479
7480
7481
7482
7483
7484
7485
7486
7487
7488
7489
7490
7491
7492
7493
7494
7495
7496
7497
7498
7499
7500
7501
7502
7503
7504
7505
7506
7507
7508
7509
7510
7511
7512
7513
7514
7515
7516
7517
7518
7519
7520
7521
7522
7523
7524
7525
7526
7527
7528
7529
7530
7531
7532
7533
7534
7535
7536
7537
7538
7539
7540
7541
7542
7543
7544
7545
7546
7547
7548
7549
7550
7551
7552
7553
7554
7555
7556
7557
7558
7559
7560
7561
7562
7563
7564
7565
7566
7567
7568
7569
7570
7571
7572
7573
7574
7575
7576
7577
7578
7579
7580
7581
7582
7583
7584
7585
7586
7587
7588
7589
7590
7591
7592
7593
7594
7595
7596
7597
7598
7599
7600
7601
7602
7603
7604
7605
7606
7607
7608
7609
7610
7611
7612
7613
7614
7615
7616
7617
7618
7619
7620
7621
7622
7623
7624
7625
7626
7627
7628
7629
7630
7631
7632
7633
7634
7635
7636
7637
7638
7639
7640
7641
7642
7643
7644
7645
7646
7647
7648
7649
7650
7651
7652
7653
7654
7655
7656
7657
7658
7659
7660
7661
7662
7663
7664
7665
7666
7667
7668
7669
7670
7671
7672
7673
7674
7675
7676
7677
7678
7679
7680
7681
7682
7683
7684
7685
7686
7687
7688
7689
7690
7691
7692
7693
7694
7695
7696
7697
7698
7699
7700
7701
7702
7703
7704
7705
7706
7707
7708
7709
7710
7711
7712
7713
7714
7715
7716
7717
7718
7719
7720
7721
7722
7723
7724
7725
7726
7727
7728
7729
7730
7731
7732
7733
7734
7735
7736
7737
7738
7739
7740
7741
7742
7743
7744
7745
7746
7747
7748
7749
7750
7751
7752
7753
7754
7755
7756
7757
7758
7759
7760
7761
7762
7763
7764
7765
7766
7767
7768
7769
7770
7771
7772
7773
7774
7775
7776
7777
7778
7779
7780
7781
7782
7783
7784
7785
7786
7787
7788
7789
7790
7791
7792
7793
7794
7795
7796
7797
7798
7799
7800
7801
7802
7803
7804
7805
7806
7807
7808
7809
7810
7811
7812
7813
7814
7815
7816
7817
7818
7819
7820
7821
7822
7823
7824
7825
7826
7827
7828
7829
7830
7831
7832
7833
7834
7835
7836
7837
7838
7839
7840
7841
7842
7843
7844
7845
7846
7847
7848
7849
7850
7851
7852
7853
7854
7855
7856
7857
7858
7859
7860
7861
7862
7863
7864
7865
7866
7867
7868
7869
7870
7871
7872
7873
7874
7875
7876
7877
7878
7879
7880
7881
7882
7883
7884
7885
7886
7887
7888
7889
7890
7891
7892
7893
7894
7895
7896
7897
7898
7899
7900
7901
7902
7903
7904
7905
7906
7907
7908
7909
7910
7911
7912
7913
7914
7915
7916
7917
7918
7919
7920
7921
7922
7923
7924
7925
7926
7927
7928
7929
7930
7931
7932
7933
7934
7935
7936
7937
7938
7939
7940
7941
7942
7943
7944
7945
7946
7947
7948
7949
7950
7951
7952
7953
7954
7955
7956
7957
7958
7959
7960
7961
7962
7963
7964
7965
7966
7967
7968
7969
7970
7971
7972
7973
7974
7975
7976
7977
7978
7979
7980
7981
7982
7983
7984
7985
7986
7987
7988
7989
7990
7991
7992
7993
7994
7995
7996
7997
7998
7999
8000
8001
8002
8003
8004
8005
8006
8007
8008
8009
8010
8011
8012
8013
8014
8015
8016
8017
8018
8019
8020
8021
8022
8023
8024
8025
8026
8027
8028
8029
8030
8031
8032
8033
8034
8035
8036
8037
8038
8039
8040
8041
8042
8043
8044
8045
8046
8047
8048
8049
8050
8051
8052
8053
8054
8055
8056
8057
8058
8059
8060
8061
8062
8063
8064
8065
8066
8067
8068
8069
8070
8071
8072
8073
8074
8075
8076
8077
8078
8079
8080
8081
8082
8083
8084
8085
8086
8087
8088
8089
8090
8091
8092
8093
8094
8095
8096
8097
8098
8099
8100
8101
8102
8103
8104
8105
8106
8107
8108
8109
8110
8111
8112
8113
8114
8115
8116
8117
8118
8119
8120
8121
8122
8123
8124
8125
8126
8127
8128
8129
8130
8131
8132
8133
8134
8135
8136
8137
8138
8139
8140
8141
8142
8143
8144
8145
8146
8147
8148
8149
8150
8151
8152
8153
8154
8155
8156
8157
8158
8159
8160
8161
8162
8163
8164
8165
8166
8167
8168
8169
8170
8171
8172
8173
8174
8175
8176
8177
8178
8179
8180
8181
8182
8183
8184
8185
8186
8187
8188
8189
8190
8191
8192
8193
8194
8195
8196
8197
8198
8199
8200
8201
8202
8203
8204
8205
8206
8207
8208
8209
8210
8211
8212
8213
8214
8215
8216
8217
8218
8219
8220
8221
8222
8223
8224
8225
8226
8227
8228
8229
8230
8231
8232
8233
8234
8235
8236
8237
8238
8239
8240
8241
8242
8243
8244
8245
8246
8247
8248
8249
8250
8251
8252
8253
8254
8255
8256
8257
8258
8259
8260
8261
8262
8263
8264
8265
8266
8267
8268
8269
8270
8271
8272
8273
8274
8275
8276
8277
8278
8279
8280
8281
8282
8283
8284
8285
8286
8287
8288
8289
8290
8291
8292
8293
8294
8295
8296
8297
8298
8299
8300
8301
8302
8303
8304
8305
8306
8307
8308
8309
8310
8311
8312
8313
8314
8315
8316
8317
8318
8319
8320
8321
8322
8323
8324
8325
8326
8327
8328
8329
8330
8331
8332
8333
8334
8335
8336
8337
8338
8339
8340
8341
8342
8343
8344
8345
8346
8347
8348
8349
8350
8351
8352
8353
8354
8355
8356
8357
8358
8359
8360
8361
8362
8363
8364
8365
8366
8367
8368
8369
8370
8371
8372
8373
8374
8375
8376
8377
8378
8379
8380
8381
8382
8383
8384
8385
8386
8387
8388
8389
8390
8391
8392
8393
8394
8395
8396
8397
8398
8399
8400
8401
8402
8403
8404
8405
8406
8407
8408
8409
8410
8411
8412
8413
8414
8415
8416
8417
8418
8419
8420
8421
8422
8423
8424
8425
8426
8427
8428
8429
8430
8431
8432
8433
8434
8435
8436
8437
8438
8439
8440
8441
8442
8443
8444
8445
8446
8447
8448
8449
8450
8451
8452
8453
8454
8455
8456
8457
8458
8459
8460
8461
8462
8463
8464
8465
8466
8467
8468
8469
8470
8471
8472
8473
8474
8475
8476
8477
8478
8479
8480
8481
8482
8483
8484
8485
8486
8487
8488
8489
8490
8491
8492
8493
8494
8495
8496
8497
8498
8499
8500
8501
8502
8503
8504
8505
8506
8507
8508
8509
8510
8511
8512
8513
8514
8515
8516
8517
8518
8519
8520
8521
8522
8523
8524
8525
8526
8527
8528
8529
8530
8531
8532
8533
8534
8535
8536
8537
8538
8539
8540
8541
8542
8543
8544
8545
8546
8547
8548
8549
8550
8551
8552
8553
8554
8555
8556
8557
8558
8559
8560
8561
8562
8563
8564
8565
8566
8567
8568
8569
8570
8571
8572
8573
8574
8575
8576
8577
8578
8579
8580
8581
8582
8583
8584
8585
8586
8587
8588
8589
8590
8591
8592
8593
8594
8595
8596
8597
8598
8599
8600
8601
8602
8603
8604
8605
8606
8607
8608
8609
8610
8611
8612
8613
8614
8615
8616
8617
8618
8619
8620
8621
8622
8623
8624
8625
8626
8627
8628
8629
8630
8631
8632
8633
8634
8635
8636
8637
8638
8639
8640
8641
8642
8643
8644
8645
8646
8647
8648
8649
8650
8651
8652
8653
8654
8655
8656
8657
8658
8659
8660
8661
8662
8663
8664
8665
8666
8667
8668
8669
8670
8671
8672
8673
8674
8675
8676
8677
8678
8679
8680
8681
8682
8683
8684
8685
8686
8687
8688
8689
8690
8691
8692
8693
8694
8695
8696
8697
8698
8699
8700
8701
8702
8703
8704
8705
8706
8707
8708
8709
8710
8711
8712
8713
8714
8715
8716
8717
8718
8719
8720
8721
8722
8723
8724
8725
8726
8727
8728
8729
8730
8731
8732
8733
8734
8735
8736
8737
8738
8739
8740
8741
8742
8743
8744
8745
8746
8747
8748
8749
8750
8751
8752
8753
8754
8755
8756
8757
8758
8759
8760
8761
8762
8763
8764
8765
8766
8767
8768
8769
8770
8771
8772
8773
8774
8775
8776
8777
8778
8779
8780
8781
8782
8783
8784
8785
8786
8787
8788
8789
8790
8791
8792
8793
8794
8795
8796
8797
8798
8799
8800
8801
8802
8803
8804
8805
8806
8807
8808
8809
8810
8811
8812
8813
8814
8815
8816
8817
8818
8819
8820
8821
8822
8823
8824
8825
8826
8827
8828
8829
8830
8831
8832
8833
8834
8835
8836
8837
8838
8839
8840
8841
8842
8843
8844
8845
8846
8847
8848
8849
8850
8851
8852
8853
8854
8855
8856
8857
8858
8859
8860
8861
8862
8863
8864
8865
8866
8867
8868
8869
8870
8871
8872
8873
8874
8875
8876
8877
8878
8879
8880
8881
8882
8883
8884
8885
8886
8887
8888
8889
8890
8891
8892
8893
8894
8895
8896
8897
8898
8899
8900
8901
8902
8903
8904
8905
8906
8907
8908
8909
8910
8911
8912
8913
8914
8915
8916
8917
8918
8919
8920
8921
8922
8923
8924
8925
8926
8927
8928
8929
8930
8931
8932
8933
8934
8935
8936
8937
8938
8939
8940
8941
8942
8943
8944
8945
8946
8947
8948
8949
8950
8951
8952
8953
8954
8955
8956
8957
8958
8959
8960
8961
8962
8963
8964
8965
8966
8967
8968
8969
8970
8971
8972
8973
8974
8975
8976
8977
8978
8979
8980
8981
8982
8983
8984
8985
8986
8987
8988
8989
8990
8991
8992
8993
8994
8995
8996
8997
8998
8999
9000
9001
9002
9003
9004
9005
9006
9007
9008
9009
9010
9011
9012
9013
9014
9015
9016
9017
9018
9019
9020
9021
9022
9023
9024
9025
9026
9027
9028
9029
9030
9031
9032
9033
9034
9035
9036
9037
9038
9039
9040
9041
9042
9043
9044
9045
9046
9047
9048
9049
9050
9051
9052
9053
9054
9055
9056
9057
9058
9059
9060
9061
9062
9063
9064
9065
9066
9067
9068
9069
9070
9071
9072
9073
9074
9075
9076
9077
9078
9079
9080
9081
9082
9083
9084
9085
9086
9087
9088
9089
9090
9091
9092
9093
9094
9095
9096
9097
9098
9099
9100
9101
9102
9103
9104
9105
9106
9107
9108
9109
9110
9111
9112
9113
9114
9115
9116
9117
9118
9119
9120
9121
9122
9123
9124
9125
9126
9127
9128
9129
9130
9131
9132
9133
9134
9135
9136
9137
9138
9139
9140
9141
9142
9143
9144
9145
9146
9147
9148
9149
9150
9151
9152
9153
9154
9155
9156
9157
9158
9159
9160
9161
9162
9163
9164
9165
9166
9167
9168
9169
9170
9171
9172
9173
9174
9175
9176
9177
9178
9179
9180
9181
9182
9183
9184
9185
9186
9187
9188
9189
9190
9191
9192
9193
9194
9195
9196
9197
9198
9199
9200
9201
9202
9203
9204
9205
9206
9207
9208
9209
9210
9211
9212
9213
9214
9215
9216
9217
9218
9219
9220
9221
9222
9223
9224
9225
9226
9227
9228
9229
9230
9231
9232
9233
9234
9235
9236
9237
9238
9239
9240
9241
9242
9243
9244
9245
9246
9247
9248
9249
9250
9251
9252
9253
9254
9255
9256
9257
9258
9259
9260
9261
9262
9263
9264
9265
9266
9267
9268
9269
9270
9271
9272
9273
9274
9275
9276
9277
9278
9279
9280
9281
9282
9283
9284
9285
9286
9287
9288
9289
9290
9291
9292
9293
9294
9295
9296
9297
9298
9299
9300
9301
9302
9303
9304
9305
9306
9307
9308
9309
9310
9311
9312
9313
9314
9315
9316
9317
9318
9319
9320
9321
9322
9323
9324
9325
9326
9327
9328
9329
9330
9331
9332
9333
9334
9335
9336
9337
9338
9339
9340
9341
9342
9343
9344
9345
9346
9347
9348
9349
9350
9351
9352
9353
9354
9355
9356
9357
9358
9359
9360
9361
9362
9363
9364
9365
9366
9367
9368
9369
9370
9371
-- phpMyAdmin SQL Dump
-- version 4.8.5
-- https://www.phpmyadmin.net/
--
-- Host: 127.0.0.1
-- Generation Time: Jul 30, 2020 at 04:10 PM
-- Server version: 10.1.40-MariaDB
-- PHP Version: 7.3.5

SET SQL_MODE = "NO_AUTO_VALUE_ON_ZERO";
SET AUTOCOMMIT = 0;
START TRANSACTION;
SET time_zone = "+00:00";


/*!40101 SET @OLD_CHARACTER_SET_CLIENT=@@CHARACTER_SET_CLIENT */;
/*!40101 SET @OLD_CHARACTER_SET_RESULTS=@@CHARACTER_SET_RESULTS */;
/*!40101 SET @OLD_COLLATION_CONNECTION=@@COLLATION_CONNECTION */;
/*!40101 SET NAMES utf8mb4 */;

--
-- Database: `lco_films`
--
DROP DATABASE IF EXISTS lco_films;
CREATE DATABASE lco_films;
USE lco_films;
-- --------------------------------------------------------

--
-- Table structure for table `actor`
--

CREATE TABLE `actor` (
  `actor_id` smallint(5) UNSIGNED NOT NULL,
  `first_name` varchar(45) NOT NULL,
  `last_name` varchar(45) NOT NULL,
  `address_id` smallint(5) UNSIGNED NOT NULL,
  `last_update` timestamp NOT NULL DEFAULT CURRENT_TIMESTAMP ON UPDATE CURRENT_TIMESTAMP
) ENGINE=InnoDB DEFAULT CHARSET=utf8mb4;

--
-- Dumping data for table `actor`
--

INSERT INTO `actor` (`actor_id`, `first_name`, `last_name`, `address_id`, `last_update`) VALUES
(1, 'PENELOPE', 'GUINESS', 1, '2020-07-30 12:37:51'),
(2, 'NICK', 'WAHLBERG', 4, '2020-07-30 12:37:51'),
(3, 'ED', 'CHASE', 2, '2020-07-30 12:37:51'),
(4, 'JENNIFER', 'DAVIS', 3, '2020-07-30 12:37:51'),
(5, 'JOHNNY', 'LOLLOBRIGIDA', 5, '2020-07-30 12:37:51'),
(6, 'BETTE', 'NICHOLSON', 7, '2020-07-30 12:37:51'),
(7, 'GRACE', 'MOSTEL', 6, '2020-07-30 12:37:51'),
(8, 'MATTHEW', 'JOHANSSON', 8, '2020-07-30 12:37:51'),
(9, 'JOE', 'SWANK', 10, '2020-07-30 12:37:51'),
(10, 'CHRISTIAN', 'GABLE', 9, '2020-07-30 12:37:51'),
(11, 'ZERO', 'CAGE', 11, '2020-07-30 12:37:51'),
(12, 'KARL', 'BERRY', 13, '2020-07-30 12:37:51'),
(13, 'UMA', 'WOOD', 110, '2020-07-30 12:37:51'),
(14, 'VIVIEN', 'BERGEN', 25, '2020-07-30 12:37:51'),
(15, 'CUBA', 'OLIVIER', 40, '2020-07-30 12:37:51'),
(16, 'FRED', 'COSTNER', 65, '2020-07-30 12:37:51'),
(17, 'HELEN', 'VOIGHT', 77, '2020-07-30 12:37:51'),
(18, 'DAN', 'TORN', 414, '2020-07-30 12:37:51'),
(19, 'BOB', 'FAWCETT', 125, '2020-07-30 12:37:51'),
(20, 'LUCILLE', 'TRACY', 80, '2020-07-30 12:37:51'),
(21, 'KIRSTEN', 'PALTROW', 99, '2020-07-30 12:37:51'),
(22, 'ELVIS', 'MARX', 44, '2020-07-30 12:37:51'),
(23, 'SANDRA', 'KILMER', 33, '2020-07-30 12:39:05'),
(24, 'CAMERON', 'STREEP', 63, '2020-07-30 12:37:51'),
(25, 'KEVIN', 'BLOOM', 67, '2020-07-30 12:39:44'),
(26, 'RIP', 'CRAWFORD', 46, '2020-07-30 12:37:51'),
(27, 'JULIA', 'MCQUEEN', 47, '2020-07-30 12:37:51'),
(28, 'WOODY', 'HOFFMAN', 57, '2020-07-30 12:37:51'),
(29, 'ALEC', 'WAYNE', 74, '2020-07-30 12:37:51'),
(30, 'SANDRA', 'PECK', 75, '2020-07-30 12:37:51'),
(31, 'SISSY', 'SOBIESKI', 16, '2020-07-30 12:37:51'),
(32, 'TIM', 'HACKMAN', 68, '2020-07-30 12:37:51'),
(33, 'MILLA', 'PECK', 86, '2020-07-30 12:37:51'),
(34, 'AUDREY', 'OLIVIER', 78, '2020-07-30 12:37:51'),
(35, 'JUDY', 'DEAN', 53, '2020-07-30 12:37:51'),
(36, 'BURT', 'DUKAKIS', 35, '2020-07-30 12:37:51'),
(37, 'VAL', 'BOLGER', 72, '2020-07-30 12:37:51'),
(38, 'TOM', 'MCKELLEN', 27, '2020-07-30 12:37:51'),
(39, 'GOLDIE', 'BRODY', 66, '2020-07-30 12:37:51'),
(40, 'JOHNNY', 'CAGE', 61, '2020-07-30 12:37:51'),
(41, 'JODIE', 'DEGENERES', 42, '2020-07-30 12:37:51'),
(42, 'TOM', 'MIRANDA', 79, '2020-07-30 12:37:51'),
(43, 'KIRK', 'JOVOVICH', 24, '2020-07-30 12:37:51'),
(44, 'NICK', 'STALLONE', 97, '2020-07-30 12:37:51'),
(45, 'REESE', 'KILMER', 100, '2020-07-30 12:37:51'),
(46, 'PARKER', 'GOLDBERG', 411, '2020-07-30 12:40:25'),
(47, 'JULIA', 'BARRYMORE', 104, '2020-07-30 12:37:51'),
(48, 'FRANCES', 'DAY-LEWIS', 108, '2020-07-30 12:37:51'),
(49, 'ANNE', 'CRONYN', 128, '2020-07-30 12:37:51'),
(50, 'NATALIE', 'HOPKINS', 54, '2020-07-30 12:37:51'),
(51, 'GARY', 'PHOENIX', 200, '2020-07-30 12:37:51'),
(52, 'CARMEN', 'HUNT', 158, '2020-07-30 12:37:51'),
(53, 'MENA', 'TEMPLE', 154, '2020-07-30 12:37:51'),
(54, 'PENELOPE', 'PINKETT', 199, '2020-07-30 12:37:51'),
(55, 'FAY', 'KILMER', 19, '2020-07-30 12:37:51'),
(56, 'DAN', 'HARRIS', 327, '2020-07-30 12:37:51'),
(57, 'JUDE', 'CRUISE', 124, '2020-07-30 12:37:51'),
(58, 'CHRISTIAN', 'AKROYD', 121, '2020-07-30 12:37:51'),
(59, 'DUSTIN', 'TAUTOU', 119, '2020-07-30 12:37:51'),
(60, 'HENRY', 'BERRY', 191, '2020-07-30 12:37:51'),
(61, 'CHRISTIAN', 'NEESON', 185, '2020-07-30 12:37:51'),
(62, 'JAYNE', 'NEESON', 351, '2020-07-30 12:37:51'),
(63, 'CAMERON', 'WRAY', 135, '2020-07-30 12:37:51'),
(64, 'RAY', 'JOHANSSON', 153, '2020-07-30 12:37:51'),
(65, 'ANGELA', 'HUDSON', 103, '2020-07-30 12:37:51'),
(66, 'MARY', 'TANDY', 217, '2020-07-30 12:37:51'),
(67, 'JESSICA', 'BAILEY', 45, '2020-07-30 12:37:51'),
(68, 'RIP', 'WINSLET', 148, '2020-07-30 12:37:51'),
(69, 'KENNETH', 'PALTROW', 184, '2020-07-30 12:37:51'),
(70, 'MICHELLE', 'MCCONAUGHEY', 265, '2020-07-30 12:37:51'),
(71, 'ADAM', 'GRANT', 258, '2020-07-30 12:37:51'),
(72, 'SEAN', 'WILLIAMS', 252, '2020-07-30 14:09:58'),
(73, 'GARY', 'PENN', 175, '2020-07-30 12:37:51'),
(74, 'MILLA', 'KEITEL', 157, '2020-07-30 12:37:51'),
(75, 'BURT', 'POSEY', 141, '2020-07-30 12:37:51'),
(76, 'ANGELINA', 'ASTAIRE', 114, '2020-07-30 12:37:51'),
(77, 'CARY', 'MCCONAUGHEY', 315, '2020-07-30 12:37:51'),
(78, 'GROUCHO', 'SINATRA', 112, '2020-07-30 12:37:51'),
(79, 'MAE', 'HOFFMAN', 113, '2020-07-30 12:37:51'),
(80, 'RALPH', 'CRUZ', 132, '2020-07-30 12:37:51'),
(81, 'SCARLETT', 'DAMON', 123, '2020-07-30 12:37:51'),
(82, 'WOODY', 'JOLIE', 131, '2020-07-30 12:37:51'),
(83, 'BEN', 'WILLIS', 183, '2020-07-30 12:37:51'),
(84, 'JAMES', 'PITT', 138, '2020-07-30 12:37:51'),
(85, 'MINNIE', 'ZELLWEGER', 171, '2020-07-30 12:37:51'),
(86, 'GREG', 'CHAPLIN', 117, '2020-07-30 12:37:51'),
(87, 'SPENCER', 'PECK', 235, '2020-07-30 12:37:51'),
(88, 'KENNETH', 'PESCI', 213, '2020-07-30 12:37:51'),
(89, 'CHARLIZE', 'DENCH', 216, '2020-07-30 12:41:41'),
(90, 'SEAN', 'GUINESS', 201, '2020-07-30 12:37:51'),
(91, 'CHRISTOPHER', 'BERRY', 118, '2020-07-30 12:37:51'),
(92, 'KIRSTEN', 'AKROYD', 181, '2020-07-30 12:37:51'),
(93, 'ELLEN', 'PRESLEY', 219, '2020-07-30 12:37:51'),
(94, 'KENNETH', 'TORN', 143, '2020-07-30 12:37:51'),
(95, 'DARYL', 'WAHLBERG', 144, '2020-07-30 12:37:51'),
(96, 'GENE', 'WILLIS', 187, '2020-07-30 12:37:51'),
(97, 'MEG', 'HAWKE', 178, '2020-07-30 12:37:51'),
(98, 'CHRIS', 'BRIDGES', 116, '2020-07-30 12:37:51'),
(99, 'JIM', 'MOSTEL', 161, '2020-07-30 12:37:51'),
(100, 'SPENCER', 'DEPP', 142, '2020-07-30 12:37:51'),
(101, 'SUSAN', 'DAVIS', 242, '2020-07-30 12:37:51'),
(102, 'WALTER', 'TORN', 173, '2020-07-30 12:37:51'),
(103, 'MATTHEW', 'LEIGH', 137, '2020-07-30 12:37:51'),
(104, 'PENELOPE', 'CRONYN', 168, '2020-07-30 12:37:51'),
(105, 'SIDNEY', 'CROWE', 186, '2020-07-30 12:37:51'),
(106, 'GROUCHO', 'DUNST', 197, '2020-07-30 12:37:51'),
(107, 'GINA', 'DEGENERES', 169, '2020-07-30 12:37:51'),
(108, 'WARREN', 'NOLTE', 69, '2020-07-30 12:37:51'),
(109, 'SYLVESTER', 'DERN', 177, '2020-07-30 12:37:51'),
(110, 'SUSAN', 'DAVIS', 188, '2020-07-30 12:37:51'),
(111, 'CAMERON', 'ZELLWEGER', 133, '2020-07-30 12:37:51'),
(112, 'RUSSELL', 'BACALL', 122, '2020-07-30 12:37:51'),
(113, 'MORGAN', 'HOPKINS', 111, '2020-07-30 12:37:51'),
(114, 'MORGAN', 'MCDORMAND', 211, '2020-07-30 12:37:51'),
(115, 'HARRISON', 'BALE', 233, '2020-07-30 12:37:51'),
(116, 'DAN', 'STREEP', 288, '2020-07-30 12:37:51'),
(117, 'RENEE', 'TRACY', 277, '2020-07-30 12:37:51'),
(118, 'CUBA', 'ALLEN', 237, '2020-07-30 12:37:51'),
(119, 'WARREN', 'JACKMAN', 269, '2020-07-30 12:37:51'),
(120, 'PENELOPE', 'MONROE', 297, '2020-07-30 12:37:51'),
(121, 'LIZA', 'BERGMAN', 286, '2020-07-30 12:37:51'),
(122, 'SALMA', 'NOLTE', 268, '2020-07-30 12:37:51'),
(123, 'JULIANNE', 'DENCH', 241, '2020-07-30 12:37:51'),
(124, 'SCARLETT', 'BENING', 243, '2020-07-30 12:37:51'),
(125, 'ALBERT', 'NOLTE', 281, '2020-07-30 12:37:51'),
(126, 'FRANCES', 'TOMEI', 218, '2020-07-30 12:37:51'),
(127, 'KEVIN', 'GARLAND', 283, '2020-07-30 12:37:51'),
(128, 'CATE', 'MCQUEEN', 238, '2020-07-30 12:37:51'),
(129, 'DARYL', 'CRAWFORD', 208, '2020-07-30 12:37:51'),
(130, 'GRETA', 'KEITEL', 204, '2020-07-30 12:37:51'),
(131, 'JANE', 'JACKMAN', 214, '2020-07-30 12:37:51'),
(132, 'ADAM', 'HOPPER', 224, '2020-07-30 12:37:51'),
(133, 'RICHARD', 'PENN', 222, '2020-07-30 12:37:51'),
(134, 'GENE', 'HOPKINS', 251, '2020-07-30 12:37:51'),
(135, 'RITA', 'REYNOLDS', 250, '2020-07-30 12:37:51'),
(136, 'ED', 'MANSFIELD', 256, '2020-07-30 12:37:51'),
(137, 'MORGAN', 'WILLIAMS', 245, '2020-07-30 12:37:51'),
(138, 'LUCILLE', 'DEE', 231, '2020-07-30 12:42:03'),
(139, 'EWAN', 'GOODING', 225, '2020-07-30 12:37:51'),
(140, 'WHOOPI', 'HURT', 234, '2020-07-30 12:37:51'),
(141, 'CATE', 'HARRIS', 210, '2020-07-30 12:41:19'),
(142, 'JADA', 'RYDER', 236, '2020-07-30 12:37:51'),
(143, 'RIVER', 'DEAN', 36, '2020-07-30 12:37:51'),
(144, 'ANGELA', 'WITHERSPOON', 64, '2020-07-30 12:37:51'),
(145, 'KIM', 'ALLEN', 264, '2020-07-30 12:37:51'),
(146, 'ALBERT', 'JOHANSSON', 136, '2020-07-30 12:37:51'),
(147, 'FAY', 'WINSLET', 220, '2020-07-30 12:42:23'),
(148, 'EMILY', 'DEE', 209, '2020-07-30 12:37:51'),
(149, 'RUSSELL', 'TEMPLE', 313, '2020-07-30 12:37:51'),
(150, 'JAYNE', 'NOLTE', 345, '2020-07-30 12:37:51'),
(151, 'GEOFFREY', 'HESTON', 325, '2020-07-30 12:37:51'),
(152, 'BEN', 'HARRIS', 311, '2020-07-30 12:37:51'),
(153, 'MINNIE', 'KILMER', 336, '2020-07-30 12:37:51'),
(154, 'MERYL', 'GIBSON', 337, '2020-07-30 12:37:51'),
(155, 'IAN', 'TANDY', 324, '2020-07-30 12:37:51'),
(156, 'FAY', 'WOOD', 304, '2020-07-30 12:37:51'),
(157, 'GRETA', 'MALDEN', 355, '2020-07-30 12:37:51'),
(158, 'VIVIEN', 'BASINGER', 365, '2020-07-30 12:37:51'),
(159, 'LAURA', 'BRODY', 366, '2020-07-30 12:37:51'),
(160, 'CHRIS', 'DEPP', 377, '2020-07-30 12:37:51'),
(161, 'HARVEY', 'HOPE', 375, '2020-07-30 12:37:51'),
(162, 'OPRAH', 'KILMER', 357, '2020-07-30 12:37:51'),
(163, 'CHRISTOPHER', 'WEST', 388, '2020-07-30 12:37:51'),
(164, 'HUMPHREY', 'WILLIS', 387, '2020-07-30 12:37:51'),
(165, 'AL', 'GARLAND', 386, '2020-07-30 12:37:51'),
(166, 'NICK', 'DEGENERES', 310, '2020-07-30 14:10:21'),
(167, 'LAURENCE', 'BULLOCK', 314, '2020-07-30 12:37:51'),
(168, 'WILL', 'WILSON', 333, '2020-07-30 12:37:51'),
(169, 'KENNETH', 'HOFFMAN', 303, '2020-07-30 12:37:51'),
(170, 'MENA', 'HOPPER', 317, '2020-07-30 12:37:51'),
(171, 'OLYMPIA', 'PFEIFFER', 371, '2020-07-30 12:37:51'),
(172, 'GROUCHO', 'WILLIAMS', 358, '2020-07-30 12:37:51'),
(173, 'ALAN', 'DREYFUSS', 369, '2020-07-30 12:37:51'),
(174, 'MICHAEL', 'BENING', 368, '2020-07-30 12:37:51'),
(175, 'WILLIAM', 'HACKMAN', 397, '2020-07-30 12:37:51'),
(176, 'JON', 'CHASE', 300, '2020-07-30 12:37:51'),
(177, 'GENE', 'MCKELLEN', 305, '2020-07-30 12:37:51'),
(178, 'LISA', 'MONROE', 359, '2020-07-30 12:37:51'),
(179, 'ED', 'GUINESS', 353, '2020-07-30 12:37:51'),
(180, 'JEFF', 'SILVERSTONE', 308, '2020-07-30 12:37:51'),
(181, 'MATTHEW', 'CARREY', 380, '2020-07-30 12:37:51'),
(182, 'DEBBIE', 'AKROYD', 319, '2020-07-30 12:37:51'),
(183, 'RUSSELL', 'CLOSE', 321, '2020-07-30 12:37:51'),
(184, 'HUMPHREY', 'GARLAND', 312, '2020-07-30 12:37:51'),
(185, 'MICHAEL', 'BOLGER', 101, '2020-07-30 12:37:51'),
(186, 'JULIA', 'ZELLWEGER', 301, '2020-07-30 12:37:51'),
(187, 'RENEE', 'BALL', 307, '2020-07-30 12:37:51'),
(188, 'ROCK', 'DUKAKIS', 372, '2020-07-30 12:37:51'),
(189, 'CUBA', 'BIRCH', 341, '2020-07-30 12:37:51'),
(190, 'AUDREY', 'BAILEY', 263, '2020-07-30 12:37:51'),
(191, 'GREGORY', 'GOODING', 339, '2020-07-30 12:37:51'),
(192, 'JOHN', 'SUVARI', 363, '2020-07-30 12:37:51'),
(193, 'BURT', 'TEMPLE', 239, '2020-07-30 12:37:51'),
(194, 'MERYL', 'ALLEN', 240, '2020-07-30 12:37:51'),
(195, 'JAYNE', 'SILVERSTONE', 347, '2020-07-30 12:37:51'),
(196, 'BELA', 'WALKEN', 350, '2020-07-30 12:37:51'),
(197, 'REESE', 'WEST', 360, '2020-07-30 12:37:51'),
(198, 'MARY', 'KEITEL', 260, '2020-07-30 12:37:51'),
(199, 'JULIA', 'FAWCETT', 361, '2020-07-30 12:37:51'),
(200, 'THORA', 'TEMPLE', 401, '2020-07-30 12:37:51');

-- --------------------------------------------------------

--
-- Table structure for table `address`
--

CREATE TABLE `address` (
  `address_id` smallint(5) UNSIGNED NOT NULL,
  `address` varchar(50) NOT NULL,
  `address2` varchar(50) DEFAULT NULL,
  `district` varchar(20) NOT NULL,
  `city_id` smallint(5) UNSIGNED NOT NULL,
  `postal_code` varchar(10) DEFAULT NULL,
  `phone` varchar(20) NOT NULL,
  `last_update` timestamp NOT NULL DEFAULT CURRENT_TIMESTAMP ON UPDATE CURRENT_TIMESTAMP
) ENGINE=InnoDB DEFAULT CHARSET=utf8mb4;

--
-- Dumping data for table `address`
--

INSERT INTO `address` (`address_id`, `address`, `address2`, `district`, `city_id`, `postal_code`, `phone`, `last_update`) VALUES
(1, '47 MySakila Drive', NULL, 'Alberta', 300, '', '', '2020-07-30 12:37:51'),
(2, '28 MySQL Boulevard', NULL, 'QLD', 576, '', '', '2020-07-30 12:37:51'),
(3, '23 Workhaven Lane', NULL, 'Alberta', 300, '', '14033335568', '2020-07-30 12:37:51'),
(4, '1411 Lillydale Drive', NULL, 'QLD', 576, '', '6172235589', '2020-07-30 12:37:51'),
(5, '1913 Hanoi Way', '', 'Nagasaki', 463, '35200', '28303384290', '2020-07-30 12:37:51'),
(6, '1121 Loja Avenue', '', 'California', 449, '17886', '838635286649', '2020-07-30 12:37:51'),
(7, '692 Joliet Street', '', 'Attika', 38, '83579', '448477190408', '2020-07-30 12:37:51'),
(8, '1566 Inegl Manor', '', 'Mandalay', 349, '53561', '705814003527', '2020-07-30 12:37:51'),
(9, '53 Idfu Parkway', '', 'Nantou', 361, '42399', '10655648674', '2020-07-30 12:37:51'),
(10, '1795 Santiago de Compostela Way', '', 'Texas', 295, '18743', '860452626434', '2020-07-30 12:37:51'),
(11, '900 Santiago de Compostela Parkway', '', 'Central Serbia', 280, '93896', '716571220373', '2020-07-30 12:37:51'),
(12, '478 Joliet Way', '', 'Hamilton', 200, '77948', '657282285970', '2020-07-30 12:37:51'),
(13, '613 Korolev Drive', '', 'Masqat', 329, '45844', '380657522649', '2020-07-30 12:37:51'),
(14, '1531 Sal Drive', '', 'Esfahan', 162, '53628', '648856936185', '2020-07-30 12:37:51'),
(15, '1542 Tarlac Parkway', '', 'Kanagawa', 440, '1027', '635297277345', '2020-07-30 12:37:51'),
(16, '808 Bhopal Manor', '', 'Haryana', 582, '10672', '465887807014', '2020-07-30 12:37:51'),
(17, '270 Amroha Parkway', '', 'Osmaniye', 384, '29610', '695479687538', '2020-07-30 12:37:51'),
(18, '770 Bydgoszcz Avenue', '', 'California', 120, '16266', '517338314235', '2020-07-30 12:37:51'),
(19, '419 Iligan Lane', '', 'Madhya Pradesh', 76, '72878', '990911107354', '2020-07-30 12:37:51'),
(20, '360 Toulouse Parkway', '', 'England', 495, '54308', '949312333307', '2020-07-30 12:37:51'),
(21, '270 Toulon Boulevard', '', 'Kalmykia', 156, '81766', '407752414682', '2020-07-30 12:37:51'),
(22, '320 Brest Avenue', '', 'Kaduna', 252, '43331', '747791594069', '2020-07-30 12:37:51'),
(23, '1417 Lancaster Avenue', '', 'Northern Cape', 267, '72192', '272572357893', '2020-07-30 12:37:51'),
(24, '1688 Okara Way', '', 'Nothwest Border Prov', 327, '21954', '144453869132', '2020-07-30 12:37:51'),
(25, '262 A Corua (La Corua) Parkway', '', 'Dhaka', 525, '34418', '892775750063', '2020-07-30 12:37:51'),
(26, '28 Charlotte Amalie Street', '', 'Rabat-Sal-Zammour-Z', 443, '37551', '161968374323', '2020-07-30 12:37:51'),
(27, '1780 Hino Boulevard', '', 'Liepaja', 303, '7716', '902731229323', '2020-07-30 12:37:51'),
(28, '96 Tafuna Way', '', 'Crdoba', 128, '99865', '934730187245', '2020-07-30 12:37:51'),
(29, '934 San Felipe de Puerto Plata Street', '', 'Sind', 472, '99780', '196495945706', '2020-07-30 12:37:51'),
(30, '18 Duisburg Boulevard', '', '', 121, '58327', '998009777982', '2020-07-30 12:37:51'),
(31, '217 Botshabelo Place', '', 'Southern Mindanao', 138, '49521', '665356572025', '2020-07-30 12:37:51'),
(32, '1425 Shikarpur Manor', '', 'Bihar', 346, '65599', '678220867005', '2020-07-30 12:37:51'),
(33, '786 Aurora Avenue', '', 'Yamaguchi', 474, '65750', '18461860151', '2020-07-30 12:37:51'),
(34, '1668 Anpolis Street', '', 'Taipei', 316, '50199', '525255540978', '2020-07-30 12:37:51'),
(35, '33 Gorontalo Way', '', 'West Bengali', 257, '30348', '745994947458', '2020-07-30 12:37:51'),
(36, '176 Mandaluyong Place', '', 'Uttar Pradesh', 239, '65213', '627705991774', '2020-07-30 12:37:51'),
(37, '127 Purnea (Purnia) Manor', '', 'Piemonte', 17, '79388', '911872220378', '2020-07-30 12:37:51'),
(38, '61 Tama Street', '', 'Okayama', 284, '94065', '708403338270', '2020-07-30 12:37:51'),
(39, '391 Callao Drive', '', 'Midi-Pyrnes', 544, '34021', '440512153169', '2020-07-30 12:37:51'),
(40, '334 Munger (Monghyr) Lane', '', 'Markazi', 31, '38145', '481183273622', '2020-07-30 12:37:51'),
(41, '1440 Fukuyama Loop', '', 'Henan', 362, '47929', '912257250465', '2020-07-30 12:37:51'),
(42, '269 Cam Ranh Parkway', '', 'Chisinau', 115, '34689', '489783829737', '2020-07-30 12:37:51'),
(43, '306 Antofagasta Place', '', 'Esprito Santo', 569, '3989', '378318851631', '2020-07-30 12:37:51'),
(44, '671 Graz Street', '', 'Oriental', 353, '94399', '680768868518', '2020-07-30 12:37:51'),
(45, '42 Brindisi Place', '', 'Yerevan', 586, '16744', '42384721397', '2020-07-30 12:37:51'),
(46, '1632 Bislig Avenue', '', 'Nonthaburi', 394, '61117', '471675840679', '2020-07-30 12:37:51'),
(47, '1447 Imus Way', '', 'Tahiti', 167, '48942', '539758313890', '2020-07-30 12:37:51'),
(48, '1998 Halifax Drive', '', 'Lipetsk', 308, '76022', '177727722820', '2020-07-30 12:37:51'),
(49, '1718 Valencia Street', '', 'Antofagasta', 27, '37359', '675292816413', '2020-07-30 12:37:51'),
(50, '46 Pjatigorsk Lane', '', 'Moscow (City)', 343, '23616', '262076994845', '2020-07-30 12:37:51'),
(51, '686 Garland Manor', '', 'Cear', 247, '52535', '69493378813', '2020-07-30 12:37:51'),
(52, '909 Garland Manor', '', 'Tatarstan', 367, '69367', '705800322606', '2020-07-30 12:37:51'),
(53, '725 Isesaki Place', '', 'Mekka', 237, '74428', '876295323994', '2020-07-30 12:37:51'),
(54, '115 Hidalgo Parkway', '', 'Khartum', 379, '80168', '307703950263', '2020-07-30 12:37:51'),
(55, '1135 Izumisano Parkway', '', 'California', 171, '48150', '171822533480', '2020-07-30 12:37:51'),
(56, '939 Probolinggo Loop', '', 'Galicia', 1, '4166', '680428310138', '2020-07-30 12:37:51'),
(57, '17 Kabul Boulevard', '', 'Chiba', 355, '38594', '697760867968', '2020-07-30 12:37:51'),
(58, '1964 Allappuzha (Alleppey) Street', '', 'Yamaguchi', 227, '48980', '920811325222', '2020-07-30 12:37:51'),
(59, '1697 Kowloon and New Kowloon Loop', '', 'Moskova', 49, '57807', '499352017190', '2020-07-30 12:37:51'),
(60, '1668 Saint Louis Place', '', 'Tahiti', 397, '39072', '347487831378', '2020-07-30 12:37:51'),
(61, '943 Tokat Street', '', 'Vaduz', 560, '45428', '889318963672', '2020-07-30 12:37:51'),
(62, '1114 Liepaja Street', '', 'Sarawak', 282, '69226', '212869228936', '2020-07-30 12:37:51'),
(63, '1213 Ranchi Parkway', '', 'Karnataka', 350, '94352', '800024380485', '2020-07-30 12:37:51'),
(64, '81 Hodeida Way', '', 'Rajasthan', 231, '55561', '250767749542', '2020-07-30 12:37:51'),
(65, '915 Ponce Place', '', 'Basel-Stadt', 56, '83980', '1395251317', '2020-07-30 12:37:51'),
(66, '1717 Guadalajara Lane', '', 'Missouri', 441, '85505', '914090181665', '2020-07-30 12:37:51'),
(67, '1214 Hanoi Way', '', 'Nebraska', 306, '67055', '491001136577', '2020-07-30 12:37:51'),
(68, '1966 Amroha Avenue', '', 'Sichuan', 139, '70385', '333489324603', '2020-07-30 12:37:51'),
(69, '698 Otsu Street', '', 'Cayenne', 105, '71110', '409983924481', '2020-07-30 12:37:51'),
(70, '1150 Kimchon Manor', '', 'Skne ln', 321, '96109', '663449333709', '2020-07-30 12:37:51'),
(71, '1586 Guaruj Place', '', 'Hunan', 579, '5135', '947233365992', '2020-07-30 12:37:51'),
(72, '57 Arlington Manor', '', 'Madhya Pradesh', 475, '48960', '990214419142', '2020-07-30 12:37:51'),
(73, '1031 Daugavpils Parkway', '', 'Bchar', 63, '59025', '107137400143', '2020-07-30 12:37:51'),
(74, '1124 Buenaventura Drive', '', 'Mekka', 13, '6856', '407733804223', '2020-07-30 12:37:51'),
(75, '492 Cam Ranh Street', '', 'Eastern Visayas', 61, '50805', '565018274456', '2020-07-30 12:37:51'),
(76, '89 Allappuzha (Alleppey) Manor', '', 'National Capital Reg', 517, '75444', '255800440636', '2020-07-30 12:37:51'),
(77, '1947 Poos de Caldas Boulevard', '', 'Chiayi', 114, '60951', '427454485876', '2020-07-30 12:37:51'),
(78, '1206 Dos Quebradas Place', '', 'So Paulo', 431, '20207', '241832790687', '2020-07-30 12:37:51'),
(79, '1551 Rampur Lane', '', 'Changhwa', 108, '72394', '251164340471', '2020-07-30 12:37:51'),
(80, '602 Paarl Street', '', 'Pavlodar', 402, '98889', '896314772871', '2020-07-30 12:37:51'),
(81, '1692 Ede Loop', '', 'So Paulo', 30, '9223', '918711376618', '2020-07-30 12:37:51'),
(82, '936 Salzburg Lane', '', 'Uttar Pradesh', 425, '96709', '875756771675', '2020-07-30 12:37:51'),
(83, '586 Tete Way', '', 'Kanagawa', 256, '1079', '18581624103', '2020-07-30 12:37:51'),
(84, '1888 Kabul Drive', '', 'Oyo & Osun', 217, '20936', '701457319790', '2020-07-30 12:37:51'),
(85, '320 Baiyin Parkway', '', 'Mahajanga', 319, '37307', '223664661973', '2020-07-30 12:37:51'),
(86, '927 Baha Blanca Parkway', '', 'Krim', 479, '9495', '821972242086', '2020-07-30 12:37:51'),
(87, '929 Tallahassee Loop', '', 'Gauteng', 497, '74671', '800716535041', '2020-07-30 12:37:51'),
(88, '125 Citt del Vaticano Boulevard', '', 'Puebla', 40, '67912', '48417642933', '2020-07-30 12:37:51'),
(89, '1557 Ktahya Boulevard', '', 'England', 88, '88002', '720998247660', '2020-07-30 12:37:51'),
(90, '870 Ashqelon Loop', '', 'Songkhla', 489, '84931', '135117278909', '2020-07-30 12:37:51'),
(91, '1740 Portoviejo Avenue', '', 'Sucre', 480, '29932', '198123170793', '2020-07-30 12:37:51'),
(92, '1942 Ciparay Parkway', '', 'Cheju', 113, '82624', '978987363654', '2020-07-30 12:37:51'),
(93, '1926 El Alto Avenue', '', 'Buenos Aires', 289, '75543', '846225459260', '2020-07-30 12:37:51'),
(94, '1952 Chatsworth Drive', '', 'Guangdong', 332, '25958', '991562402283', '2020-07-30 12:37:51'),
(95, '1370 Le Mans Avenue', '', 'Brunei and Muara', 53, '52163', '345679835036', '2020-07-30 12:37:51'),
(96, '984 Effon-Alaiye Avenue', '', 'Gois', 183, '17119', '132986892228', '2020-07-30 12:37:51'),
(97, '832 Nakhon Sawan Manor', '', 'Inner Mongolia', 592, '49021', '275595571388', '2020-07-30 12:37:51'),
(98, '152 Kitwe Parkway', '', 'Caraga', 82, '53182', '835433605312', '2020-07-30 12:37:51'),
(99, '1697 Tanauan Lane', '', 'Punjab', 399, '22870', '4764773857', '2020-07-30 12:37:51'),
(100, '1308 Arecibo Way', '', 'Georgia', 41, '30695', '6171054059', '2020-07-30 12:37:51'),
(101, '1599 Plock Drive', '', 'Tete', 534, '71986', '817248913162', '2020-07-30 12:37:51'),
(102, '669 Firozabad Loop', '', 'Abu Dhabi', 12, '92265', '412903167998', '2020-07-30 12:37:51'),
(103, '588 Vila Velha Manor', '', 'Kyongsangbuk', 268, '51540', '333339908719', '2020-07-30 12:37:51'),
(104, '1913 Kamakura Place', '', 'Lipetsk', 238, '97287', '942570536750', '2020-07-30 12:37:51'),
(105, '733 Mandaluyong Place', '', 'Asir', 2, '77459', '196568435814', '2020-07-30 12:37:51'),
(106, '659 Vaduz Drive', '', 'Ha Darom', 34, '49708', '709935135487', '2020-07-30 12:37:51'),
(107, '1177 Jelets Way', '', 'Kwara & Kogi', 220, '3305', '484292626944', '2020-07-30 12:37:51'),
(108, '1386 Yangor Avenue', '', 'Provence-Alpes-Cte', 543, '80720', '449216226468', '2020-07-30 12:37:51'),
(109, '454 Nakhon Sawan Boulevard', '', 'Funafuti', 173, '76383', '963887147572', '2020-07-30 12:37:51'),
(110, '1867 San Juan Bautista Tuxtepec Avenue', '', 'Ivanovo', 225, '78311', '547003310357', '2020-07-30 12:37:51'),
(111, '1532 Dzerzinsk Way', '', 'Buenos Aires', 334, '9599', '330838016880', '2020-07-30 12:37:51'),
(112, '1002 Ahmadnagar Manor', '', 'Mxico', 213, '93026', '371490777743', '2020-07-30 12:37:51'),
(113, '682 Junan Way', '', 'North West', 273, '30418', '622255216127', '2020-07-30 12:37:51'),
(114, '804 Elista Drive', '', 'Hubei', 159, '61069', '379804592943', '2020-07-30 12:37:51'),
(115, '1378 Alvorada Avenue', '', 'Distrito Federal', 102, '75834', '272234298332', '2020-07-30 12:37:51'),
(116, '793 Cam Ranh Avenue', '', 'California', 292, '87057', '824370924746', '2020-07-30 12:37:51'),
(117, '1079 Tel Aviv-Jaffa Boulevard', '', 'Sucre', 132, '10885', '358178933857', '2020-07-30 12:37:51'),
(118, '442 Rae Bareli Place', '', 'Nordrhein-Westfalen', 148, '24321', '886636413768', '2020-07-30 12:37:51'),
(119, '1107 Nakhon Sawan Avenue', '', 'Mxico', 365, '75149', '867546627903', '2020-07-30 12:37:51'),
(120, '544 Malm Parkway', '', 'Central Java', 403, '63502', '386759646229', '2020-07-30 12:37:51'),
(121, '1967 Sincelejo Place', '', 'Gujarat', 176, '73644', '577812616052', '2020-07-30 12:37:51'),
(122, '333 Goinia Way', '', 'Texas', 185, '78625', '909029256431', '2020-07-30 12:37:51'),
(123, '1987 Coacalco de Berriozbal Loop', '', 'al-Qalyubiya', 476, '96065', '787654415858', '2020-07-30 12:37:51'),
(124, '241 Mosul Lane', '', 'Risaralda', 147, '76157', '765345144779', '2020-07-30 12:37:51'),
(125, '211 Chiayi Drive', '', 'Uttar Pradesh', 164, '58186', '665993880048', '2020-07-30 12:37:51'),
(126, '1175 Tanauan Way', '', 'Lima', 305, '64615', '937222955822', '2020-07-30 12:37:51'),
(127, '117 Boa Vista Way', '', 'Uttar Pradesh', 566, '6804', '677976133614', '2020-07-30 12:37:51'),
(128, '848 Tafuna Manor', '', 'Ktahya', 281, '45142', '614935229095', '2020-07-30 12:37:51'),
(129, '569 Baicheng Lane', '', 'Gauteng', 85, '60304', '490211944645', '2020-07-30 12:37:51'),
(130, '1666 Qomsheh Drive', '', 'So Paulo', 410, '66255', '582835362905', '2020-07-30 12:37:51'),
(131, '801 Hagonoy Drive', '', 'Smolensk', 484, '8439', '237426099212', '2020-07-30 12:37:51'),
(132, '1050 Garden Grove Avenue', '', 'Slaskie', 236, '4999', '973047364353', '2020-07-30 12:37:51'),
(133, '1854 Tieli Street', '', 'Shandong', 302, '15819', '509492324775', '2020-07-30 12:37:51'),
(134, '758 Junan Lane', '', 'Gois', 190, '82639', '935448624185', '2020-07-30 12:37:51'),
(135, '1752 So Leopoldo Parkway', '', 'Taka-Karpatia', 345, '14014', '252265130067', '2020-07-30 12:37:51'),
(136, '898 Belm Manor', '', 'Free State', 87, '49757', '707169393853', '2020-07-30 12:37:51'),
(137, '261 Saint Louis Way', '', 'Coahuila de Zaragoza', 541, '83401', '321944036800', '2020-07-30 12:37:51'),
(138, '765 Southampton Drive', '', 'al-Qalyubiya', 421, '4285', '23712411567', '2020-07-30 12:37:51'),
(139, '943 Johannesburg Avenue', '', 'Maharashtra', 417, '5892', '90921003005', '2020-07-30 12:37:51'),
(140, '788 Atinsk Street', '', 'Karnataka', 211, '81691', '146497509724', '2020-07-30 12:37:51'),
(141, '1749 Daxian Place', '', 'Gelderland', 29, '11044', '963369996279', '2020-07-30 12:37:51'),
(142, '1587 Sullana Lane', '', 'Inner Mongolia', 207, '85769', '468060467018', '2020-07-30 12:37:51'),
(143, '1029 Dzerzinsk Manor', '', 'Ynlin', 542, '57519', '33173584456', '2020-07-30 12:37:51'),
(144, '1666 Beni-Mellal Place', '', 'Tennessee', 123, '13377', '9099941466', '2020-07-30 12:37:51'),
(145, '928 Jaffna Loop', '', 'Hiroshima', 172, '93762', '581852137991', '2020-07-30 12:37:51'),
(146, '483 Ljubertsy Parkway', '', 'Scotland', 149, '60562', '581174211853', '2020-07-30 12:37:51'),
(147, '374 Bat Yam Boulevard', '', 'Kilis', 266, '97700', '923261616249', '2020-07-30 12:37:51'),
(148, '1027 Songkhla Manor', '', 'Minsk', 340, '30861', '563660187896', '2020-07-30 12:37:51'),
(149, '999 Sanaa Loop', '', 'Gauteng', 491, '3439', '918032330119', '2020-07-30 12:37:51'),
(150, '879 Newcastle Way', '', 'Michigan', 499, '90732', '206841104594', '2020-07-30 12:37:51'),
(151, '1337 Lincoln Parkway', '', 'Saitama', 555, '99457', '597815221267', '2020-07-30 12:37:51'),
(152, '1952 Pune Lane', '', 'Saint-Denis', 442, '92150', '354615066969', '2020-07-30 12:37:51'),
(153, '782 Mosul Street', '', 'Massachusetts', 94, '25545', '885899703621', '2020-07-30 12:37:51'),
(154, '781 Shimonoseki Drive', '', 'Michoacn de Ocampo', 202, '95444', '632316273199', '2020-07-30 12:37:51'),
(155, '1560 Jelets Boulevard', '', 'Shandong', 291, '77777', '189446090264', '2020-07-30 12:37:51'),
(156, '1963 Moscow Place', '', 'Assam', 354, '64863', '761379480249', '2020-07-30 12:37:51'),
(157, '456 Escobar Way', '', 'Jakarta Raya', 232, '36061', '719202533520', '2020-07-30 12:37:51'),
(158, '798 Cianjur Avenue', '', 'Shanxi', 590, '76990', '499408708580', '2020-07-30 12:37:51'),
(159, '185 Novi Sad Place', '', 'Bern', 72, '41778', '904253967161', '2020-07-30 12:37:51'),
(160, '1367 Yantai Manor', '', 'Ondo & Ekiti', 381, '21294', '889538496300', '2020-07-30 12:37:51'),
(161, '1386 Nakhon Sawan Boulevard', '', 'Pyongyang-si', 420, '53502', '368899174225', '2020-07-30 12:37:51'),
(162, '369 Papeete Way', '', 'North Carolina', 187, '66639', '170117068815', '2020-07-30 12:37:51'),
(163, '1440 Compton Place', '', 'North Austria', 307, '81037', '931059836497', '2020-07-30 12:37:51'),
(164, '1623 Baha Blanca Manor', '', 'Moskova', 310, '81511', '149981248346', '2020-07-30 12:37:51'),
(165, '97 Shimoga Avenue', '', 'Tel Aviv', 533, '44660', '177167004331', '2020-07-30 12:37:51'),
(166, '1740 Le Mans Loop', '', 'Pays de la Loire', 297, '22853', '168476538960', '2020-07-30 12:37:51'),
(167, '1287 Xiangfan Boulevard', '', 'Gifu', 253, '57844', '819416131190', '2020-07-30 12:37:51'),
(168, '842 Salzburg Lane', '', 'Adana', 529, '3313', '697151428760', '2020-07-30 12:37:51'),
(169, '154 Tallahassee Loop', '', 'Xinxiang', 199, '62250', '935508855935', '2020-07-30 12:37:51'),
(170, '710 San Felipe del Progreso Avenue', '', 'Lilongwe', 304, '76901', '843801144113', '2020-07-30 12:37:51'),
(171, '1540 Wroclaw Drive', '', 'Maharashtra', 107, '62686', '182363341674', '2020-07-30 12:37:51'),
(172, '475 Atinsk Way', '', 'Gansu', 240, '59571', '201705577290', '2020-07-30 12:37:51'),
(173, '1294 Firozabad Drive', '', 'Jiangxi', 407, '70618', '161801569569', '2020-07-30 12:37:51'),
(174, '1877 Ezhou Lane', '', 'Rajasthan', 550, '63337', '264541743403', '2020-07-30 12:37:51'),
(175, '316 Uruapan Street', '', 'Perak', 223, '58194', '275788967899', '2020-07-30 12:37:51'),
(176, '29 Pyongyang Loop', '', 'Batman', 58, '47753', '734780743462', '2020-07-30 12:37:51'),
(177, '1010 Klerksdorp Way', '', 'Steiermark', 186, '6802', '493008546874', '2020-07-30 12:37:51'),
(178, '1848 Salala Boulevard', '', 'Miranda', 373, '25220', '48265851133', '2020-07-30 12:37:51'),
(179, '431 Xiangtan Avenue', '', 'Kerala', 18, '4854', '230250973122', '2020-07-30 12:37:51'),
(180, '757 Rustenburg Avenue', '', 'Skikda', 483, '89668', '506134035434', '2020-07-30 12:37:51'),
(181, '146 Johannesburg Way', '', 'Tamaulipas', 330, '54132', '953689007081', '2020-07-30 12:37:51'),
(182, '1891 Rizhao Boulevard', '', 'So Paulo', 456, '47288', '391065549876', '2020-07-30 12:37:51'),
(183, '1089 Iwatsuki Avenue', '', 'Kirov', 270, '35109', '866092335135', '2020-07-30 12:37:51'),
(184, '1410 Benin City Parkway', '', 'Risaralda', 405, '29747', '104150372603', '2020-07-30 12:37:51'),
(185, '682 Garden Grove Place', '', 'Tennessee', 333, '67497', '72136330362', '2020-07-30 12:37:51'),
(186, '533 al-Ayn Boulevard', '', 'California', 126, '8862', '662227486184', '2020-07-30 12:37:51'),
(187, '1839 Szkesfehrvr Parkway', '', 'Gois', 317, '55709', '947468818183', '2020-07-30 12:37:51'),
(188, '741 Ambattur Manor', '', 'Noord-Brabant', 438, '43310', '302590383819', '2020-07-30 12:37:51'),
(189, '927 Barcelona Street', '', 'Chaharmahal va Bakht', 467, '65121', '951486492670', '2020-07-30 12:37:51'),
(190, '435 0 Way', '', 'West Bengali', 195, '74750', '760171523969', '2020-07-30 12:37:51'),
(191, '140 Chiayi Parkway', '', 'Sumy', 506, '38982', '855863906434', '2020-07-30 12:37:51'),
(192, '1166 Changhwa Street', '', 'Caraga', 62, '58852', '650752094490', '2020-07-30 12:37:51'),
(193, '891 Novi Sad Manor', '', 'Ontario', 383, '5379', '247646995453', '2020-07-30 12:37:51'),
(194, '605 Rio Claro Parkway', '', 'Tabora', 513, '49348', '352469351088', '2020-07-30 12:37:51'),
(195, '1077 San Felipe de Puerto Plata Place', '', 'Rostov-na-Donu', 369, '65387', '812824036424', '2020-07-30 12:37:51'),
(196, '9 San Miguel de Tucumn Manor', '', 'Uttar Pradesh', 169, '90845', '956188728558', '2020-07-30 12:37:51'),
(197, '447 Surakarta Loop', '', 'Nyanza', 271, '10428', '940830176580', '2020-07-30 12:37:51'),
(198, '345 Oshawa Boulevard', '', 'Tokyo-to', 204, '32114', '104491201771', '2020-07-30 12:37:51'),
(199, '1792 Valle de la Pascua Place', '', 'Nordrhein-Westfalen', 477, '15540', '419419591240', '2020-07-30 12:37:51'),
(200, '1074 Binzhou Manor', '', 'Baden-Wrttemberg', 325, '36490', '331132568928', '2020-07-30 12:37:51'),
(201, '817 Bradford Loop', '', 'Jiangsu', 109, '89459', '264286442804', '2020-07-30 12:37:51'),
(202, '955 Bamenda Way', '', 'Ondo & Ekiti', 218, '1545', '768481779568', '2020-07-30 12:37:51'),
(203, '1149 A Corua (La Corua) Boulevard', '', 'Haiphong', 194, '95824', '470884141195', '2020-07-30 12:37:51'),
(204, '387 Mwene-Ditu Drive', '', 'Ahal', 35, '8073', '764477681869', '2020-07-30 12:37:51'),
(205, '68 Molodetno Manor', '', 'Nordrhein-Westfalen', 575, '4662', '146640639760', '2020-07-30 12:37:51'),
(206, '642 Nador Drive', '', 'Maharashtra', 77, '3924', '369050085652', '2020-07-30 12:37:51'),
(207, '1688 Nador Lane', '', 'Sulawesi Utara', 184, '61613', '652218196731', '2020-07-30 12:37:51'),
(208, '1215 Pyongyang Parkway', '', 'Usak', 557, '25238', '646237101779', '2020-07-30 12:37:51'),
(209, '1679 Antofagasta Street', '', 'Alto Paran', 122, '86599', '905903574913', '2020-07-30 12:37:51'),
(210, '1304 s-Hertogenbosch Way', '', 'Santa Catarina', 83, '10925', '90336226227', '2020-07-30 12:37:51'),
(211, '850 Salala Loop', '', 'Kitaa', 371, '10800', '403404780639', '2020-07-30 12:37:51'),
(212, '624 Oshawa Boulevard', '', 'West Bengali', 51, '89959', '49677664184', '2020-07-30 12:37:51'),
(213, '43 Dadu Avenue', '', 'Rajasthan', 74, '4855', '95666951770', '2020-07-30 12:37:51'),
(214, '751 Lima Loop', '', 'Aden', 7, '99405', '756460337785', '2020-07-30 12:37:51'),
(215, '1333 Haldia Street', '', 'Jilin', 174, '82161', '408304391718', '2020-07-30 12:37:51'),
(216, '660 Jedda Boulevard', '', 'Washington', 65, '25053', '168758068397', '2020-07-30 12:37:51'),
(217, '1001 Miyakonojo Lane', '', 'Taizz', 518, '67924', '584316724815', '2020-07-30 12:37:51'),
(218, '226 Brest Manor', '', 'California', 508, '2299', '785881412500', '2020-07-30 12:37:51'),
(219, '1229 Valencia Parkway', '', 'Haskovo', 498, '99124', '352679173732', '2020-07-30 12:37:51'),
(220, '1201 Qomsheh Manor', '', 'Gois', 28, '21464', '873492228462', '2020-07-30 12:37:51'),
(221, '866 Shivapuri Manor', '', 'Uttar Pradesh', 448, '22474', '778502731092', '2020-07-30 12:37:51'),
(222, '1168 Najafabad Parkway', '', 'Kabol', 251, '40301', '886649065861', '2020-07-30 12:37:51'),
(223, '1244 Allappuzha (Alleppey) Place', '', 'Buenos Aires', 567, '20657', '991802825778', '2020-07-30 12:37:51'),
(224, '1842 Luzinia Boulevard', '', 'Zanzibar West', 593, '94420', '706878974831', '2020-07-30 12:37:51'),
(225, '1926 Gingoog Street', '', 'Sisilia', 511, '22824', '469738825391', '2020-07-30 12:37:51'),
(226, '810 Palghat (Palakkad) Boulevard', '', 'Jaroslavl', 235, '73431', '516331171356', '2020-07-30 12:37:51'),
(227, '1820 Maring Parkway', '', 'Punjab', 324, '88307', '99760893676', '2020-07-30 12:37:51'),
(228, '60 Poos de Caldas Street', '', 'Rajasthan', 243, '82338', '963063788669', '2020-07-30 12:37:51'),
(229, '1014 Loja Manor', '', 'Tamil Nadu', 22, '66851', '460795526514', '2020-07-30 12:37:51'),
(230, '201 Effon-Alaiye Way', '', 'Asuncin', 37, '64344', '684192903087', '2020-07-30 12:37:51'),
(231, '430 Alessandria Loop', '', 'Saarland', 439, '47446', '669828224459', '2020-07-30 12:37:51'),
(232, '754 Valencia Place', '', 'Phnom Penh', 406, '87911', '594319417514', '2020-07-30 12:37:51'),
(233, '356 Olomouc Manor', '', 'Gois', 26, '93323', '22326410776', '2020-07-30 12:37:51'),
(234, '1256 Bislig Boulevard', '', 'Botosani', 86, '50598', '479007229460', '2020-07-30 12:37:51'),
(235, '954 Kimchon Place', '', 'West Bengali', 559, '42420', '541327526474', '2020-07-30 12:37:51'),
(236, '885 Yingkou Manor', '', 'Kaduna', 596, '31390', '588964509072', '2020-07-30 12:37:51'),
(237, '1736 Cavite Place', '', 'Qina', 216, '98775', '431770603551', '2020-07-30 12:37:51'),
(238, '346 Skikda Parkway', '', 'Hawalli', 233, '90628', '630424482919', '2020-07-30 12:37:51'),
(239, '98 Stara Zagora Boulevard', '', 'Valle', 96, '76448', '610173756082', '2020-07-30 12:37:51'),
(240, '1479 Rustenburg Boulevard', '', 'Southern Tagalog', 527, '18727', '727785483194', '2020-07-30 12:37:51'),
(241, '647 A Corua (La Corua) Street', '', 'Chollanam', 357, '36971', '792557457753', '2020-07-30 12:37:51'),
(242, '1964 Gijn Manor', '', 'Karnataka', 473, '14408', '918119601885', '2020-07-30 12:37:51'),
(243, '47 Syktyvkar Lane', '', 'West Java', 118, '22236', '63937119031', '2020-07-30 12:37:51'),
(244, '1148 Saarbrcken Parkway', '', 'Fukushima', 226, '1921', '137773001988', '2020-07-30 12:37:51'),
(245, '1103 Bilbays Parkway', '', 'Hubei', 578, '87660', '279979529227', '2020-07-30 12:37:51'),
(246, '1246 Boksburg Parkway', '', 'Hebei', 422, '28349', '890283544295', '2020-07-30 12:37:51'),
(247, '1483 Pathankot Street', '', 'Tucumn', 454, '37288', '686015532180', '2020-07-30 12:37:51'),
(248, '582 Papeete Loop', '', 'Central Visayas', 294, '27722', '569868543137', '2020-07-30 12:37:51'),
(249, '300 Junan Street', '', 'Kyonggi', 553, '81314', '890289150158', '2020-07-30 12:37:51'),
(250, '829 Grand Prairie Way', '', 'Paran', 328, '6461', '741070712873', '2020-07-30 12:37:51'),
(251, '1473 Changhwa Parkway', '', 'Mxico', 124, '75933', '266798132374', '2020-07-30 12:37:51'),
(252, '1309 Weifang Street', '', 'Florida', 520, '57338', '435785045362', '2020-07-30 12:37:51'),
(253, '1760 Oshawa Manor', '', 'Tianjin', 535, '38140', '56257502250', '2020-07-30 12:37:51'),
(254, '786 Stara Zagora Way', '', 'Oyo & Osun', 390, '98332', '716256596301', '2020-07-30 12:37:51'),
(255, '1966 Tonghae Street', '', 'Anhalt Sachsen', 198, '36481', '567359279425', '2020-07-30 12:37:51'),
(256, '1497 Yuzhou Drive', '', 'England', 312, '3433', '246810237916', '2020-07-30 12:37:51'),
(258, '752 Ondo Loop', '', 'Miyazaki', 338, '32474', '134673576619', '2020-07-30 12:37:51'),
(259, '1338 Zalantun Lane', '', 'Minas Gerais', 413, '45403', '840522972766', '2020-07-30 12:37:51'),
(260, '127 Iwakuni Boulevard', '', 'Central Luzon', 192, '20777', '987442542471', '2020-07-30 12:37:51'),
(261, '51 Laredo Avenue', '', 'Sagaing', 342, '68146', '884536620568', '2020-07-30 12:37:51'),
(262, '771 Yaound Manor', '', 'Sofala', 64, '86768', '245477603573', '2020-07-30 12:37:51'),
(263, '532 Toulon Street', '', 'Santiago', 460, '69517', '46871694740', '2020-07-30 12:37:51'),
(264, '1027 Banjul Place', '', 'West Bengali', 197, '50390', '538241037443', '2020-07-30 12:37:51'),
(265, '1158 Mandi Bahauddin Parkway', '', 'Shanxi', 136, '98484', '276555730211', '2020-07-30 12:37:51'),
(266, '862 Xintai Lane', '', 'Cagayan Valley', 548, '30065', '265153400632', '2020-07-30 12:37:51'),
(267, '816 Cayenne Parkway', '', 'Manab', 414, '93629', '282874611748', '2020-07-30 12:37:51'),
(268, '1831 Nam Dinh Loop', '', 'National Capital Reg', 323, '51990', '322888976727', '2020-07-30 12:37:51'),
(269, '446 Kirovo-Tepetsk Lane', '', 'Osaka', 203, '19428', '303967439816', '2020-07-30 12:37:51'),
(270, '682 Halisahar Place', '', 'Severn Morava', 378, '20536', '475553436330', '2020-07-30 12:37:51'),
(271, '1587 Loja Manor', '', 'Salzburg', 447, '5410', '621625204422', '2020-07-30 12:37:51'),
(272, '1762 Paarl Parkway', '', 'Hunan', 298, '53928', '192459639410', '2020-07-30 12:37:51'),
(273, '1519 Ilorin Place', '', 'Kerala', 395, '49298', '357445645426', '2020-07-30 12:37:51'),
(274, '920 Kumbakonam Loop', '', 'California', 446, '75090', '685010736240', '2020-07-30 12:37:51'),
(275, '906 Goinia Way', '', 'Wielkopolskie', 255, '83565', '701767622697', '2020-07-30 12:37:51'),
(276, '1675 Xiangfan Manor', '', 'Tamil Nadu', 283, '11763', '271149517630', '2020-07-30 12:37:51'),
(277, '85 San Felipe de Puerto Plata Drive', '', 'Shandong', 584, '46063', '170739645687', '2020-07-30 12:37:51'),
(278, '144 South Hill Loop', '', 'Guanajuato', 445, '2012', '45387294817', '2020-07-30 12:37:51'),
(279, '1884 Shikarpur Avenue', '', 'Haryana', 263, '85548', '959949395183', '2020-07-30 12:37:51'),
(280, '1980 Kamjanets-Podilskyi Street', '', 'Illinois', 404, '89502', '874337098891', '2020-07-30 12:37:51'),
(281, '1944 Bamenda Way', '', 'Michigan', 573, '24645', '75975221996', '2020-07-30 12:37:51'),
(282, '556 Baybay Manor', '', 'Oyo & Osun', 374, '55802', '363982224739', '2020-07-30 12:37:51'),
(283, '457 Tongliao Loop', '', 'Bursa', 222, '56254', '880756161823', '2020-07-30 12:37:51'),
(284, '600 Bradford Street', '', 'East Azerbaidzan', 514, '96204', '117592274996', '2020-07-30 12:37:51'),
(285, '1006 Santa Brbara dOeste Manor', '', 'Ondo & Ekiti', 389, '36229', '85059738746', '2020-07-30 12:37:51'),
(286, '1308 Sumy Loop', '', 'Fujian', 175, '30657', '583021225407', '2020-07-30 12:37:51'),
(287, '1405 Chisinau Place', '', 'Ponce', 411, '8160', '62781725285', '2020-07-30 12:37:51'),
(288, '226 Halifax Street', '', 'Xinxiang', 277, '58492', '790651020929', '2020-07-30 12:37:51'),
(289, '1279 Udine Parkway', '', 'Edo & Delta', 69, '75860', '195003555232', '2020-07-30 12:37:51'),
(290, '1336 Benin City Drive', '', 'Shiga', 386, '46044', '341242939532', '2020-07-30 12:37:51'),
(291, '1155 Liaocheng Place', '', 'Oyo & Osun', 152, '22650', '558236142492', '2020-07-30 12:37:51'),
(292, '1993 Tabuk Lane', '', 'Tamil Nadu', 522, '64221', '648482415405', '2020-07-30 12:37:51'),
(293, '86 Higashiosaka Lane', '', 'Guanajuato', 563, '33768', '957128697225', '2020-07-30 12:37:51'),
(294, '1912 Allende Manor', '', 'Kowloon and New Kowl', 279, '58124', '172262454487', '2020-07-30 12:37:51'),
(295, '544 Tarsus Boulevard', '', 'Gurico', 562, '53145', '892523334', '2020-07-30 12:37:51'),
(296, '1936 Cuman Avenue', '', 'Virginia', 433, '61195', '976798660411', '2020-07-30 12:37:51'),
(297, '1192 Tongliao Street', '', 'Sharja', 470, '19065', '350970907017', '2020-07-30 12:37:51'),
(298, '44 Najafabad Way', '', 'Baskimaa', 146, '61391', '96604821070', '2020-07-30 12:37:51'),
(299, '32 Pudukkottai Lane', '', 'Ohio', 140, '38834', '967274728547', '2020-07-30 12:37:51'),
(300, '661 Chisinau Lane', '', 'Pietari', 274, '8856', '816436065431', '2020-07-30 12:37:51'),
(301, '951 Stara Zagora Manor', '', 'Punjab', 400, '98573', '429925609431', '2020-07-30 12:37:51'),
(302, '922 Vila Velha Loop', '', 'Maharashtra', 9, '4085', '510737228015', '2020-07-30 12:37:51'),
(303, '898 Jining Lane', '', 'Pohjois-Pohjanmaa', 387, '40070', '161643343536', '2020-07-30 12:37:51'),
(304, '1635 Kuwana Boulevard', '', 'Hiroshima', 205, '52137', '710603868323', '2020-07-30 12:37:51'),
(305, '41 El Alto Parkway', '', 'Maharashtra', 398, '56883', '51917807050', '2020-07-30 12:37:51'),
(306, '1883 Maikop Lane', '', 'Kaliningrad', 254, '68469', '96110042435', '2020-07-30 12:37:51'),
(307, '1908 Gaziantep Place', '', 'Liaoning', 536, '58979', '108053751300', '2020-07-30 12:37:51'),
(308, '687 Alessandria Parkway', '', 'Sanaa', 455, '57587', '407218522294', '2020-07-30 12:37:51'),
(309, '827 Yuncheng Drive', '', 'Callao', 99, '79047', '504434452842', '2020-07-30 12:37:51'),
(310, '913 Coacalco de Berriozbal Loop', '', 'Texas', 33, '42141', '262088367001', '2020-07-30 12:37:51'),
(311, '715 So Bernardo do Campo Lane', '', 'Kedah', 507, '84804', '181179321332', '2020-07-30 12:37:51'),
(312, '1354 Siegen Street', '', 'Rio de Janeiro', 25, '80184', '573441801529', '2020-07-30 12:37:51'),
(313, '1191 Sungai Petani Boulevard', '', 'Missouri', 262, '9668', '983259819766', '2020-07-30 12:37:51'),
(314, '1224 Huejutla de Reyes Boulevard', '', 'Lombardia', 91, '70923', '806016930576', '2020-07-30 12:37:51'),
(315, '543 Bergamo Avenue', '', 'Minas Gerais', 215, '59686', '103602195112', '2020-07-30 12:37:51'),
(316, '746 Joliet Lane', '', 'Kursk', 286, '94878', '688485191923', '2020-07-30 12:37:51'),
(317, '780 Kimberley Way', '', 'Tabuk', 515, '17032', '824396883951', '2020-07-30 12:37:51'),
(318, '1774 Yaound Place', '', 'Hubei', 166, '91400', '613124286867', '2020-07-30 12:37:51'),
(319, '1957 Yantai Lane', '', 'So Paulo', 490, '59255', '704948322302', '2020-07-30 12:37:51'),
(320, '1542 Lubumbashi Boulevard', '', 'Tel Aviv', 57, '62472', '508800331065', '2020-07-30 12:37:51'),
(321, '651 Pathankot Loop', '', 'Maharashtra', 336, '59811', '139378397418', '2020-07-30 12:37:51'),
(322, '1359 Zhoushan Parkway', '', 'Streymoyar', 545, '29763', '46568045367', '2020-07-30 12:37:51'),
(323, '1769 Iwaki Lane', '', 'Kujawsko-Pomorskie', 97, '25787', '556100547674', '2020-07-30 12:37:51'),
(324, '1145 Vilnius Manor', '', 'Mxico', 451, '73170', '674805712553', '2020-07-30 12:37:51'),
(325, '1892 Nabereznyje Telny Lane', '', 'Tutuila', 516, '28396', '478229987054', '2020-07-30 12:37:51'),
(326, '470 Boksburg Street', '', 'Central', 81, '97960', '908029859266', '2020-07-30 12:37:51'),
(327, '1427 A Corua (La Corua) Place', '', 'Buenos Aires', 45, '85799', '972574862516', '2020-07-30 12:37:51'),
(328, '479 San Felipe del Progreso Avenue', '', 'Morelos', 130, '54949', '869051782691', '2020-07-30 12:37:51'),
(329, '867 Benin City Avenue', '', 'Henan', 591, '78543', '168884817145', '2020-07-30 12:37:51'),
(330, '981 Kumbakonam Place', '', 'Distrito Federal', 89, '87611', '829116184079', '2020-07-30 12:37:51'),
(331, '1016 Iwakuni Street', '', 'St George', 269, '49833', '961370847344', '2020-07-30 12:37:51'),
(332, '663 Baha Blanca Parkway', '', 'Adana', 5, '33463', '834418779292', '2020-07-30 12:37:51'),
(333, '1860 Taguig Loop', '', 'West Java', 119, '59550', '38158430589', '2020-07-30 12:37:51'),
(334, '1816 Bydgoszcz Loop', '', 'Dhaka', 234, '64308', '965273813662', '2020-07-30 12:37:51'),
(335, '587 Benguela Manor', '', 'Illinois', 42, '91590', '165450987037', '2020-07-30 12:37:51'),
(336, '430 Kumbakonam Drive', '', 'Santa F', 457, '28814', '105470691550', '2020-07-30 12:37:51'),
(337, '1838 Tabriz Lane', '', 'Dhaka', 143, '1195', '38988715447', '2020-07-30 12:37:51'),
(338, '431 Szkesfehrvr Avenue', '', 'Baki', 48, '57828', '119501405123', '2020-07-30 12:37:51'),
(339, '503 Sogamoso Loop', '', 'Sumqayit', 505, '49812', '834626715837', '2020-07-30 12:37:51'),
(340, '507 Smolensk Loop', '', 'Sousse', 492, '22971', '80303246192', '2020-07-30 12:37:51'),
(341, '1920 Weifang Avenue', '', 'Uttar Pradesh', 427, '15643', '869507847714', '2020-07-30 12:37:51'),
(342, '124 al-Manama Way', '', 'Hiroshima', 382, '52368', '647899404952', '2020-07-30 12:37:51'),
(343, '1443 Mardan Street', '', 'Western Cape', 392, '31483', '231383037471', '2020-07-30 12:37:51'),
(344, '1909 Benguela Lane', '', 'Henan', 581, '19913', '624138001031', '2020-07-30 12:37:51'),
(345, '68 Ponce Parkway', '', 'Hanoi', 201, '85926', '870635127812', '2020-07-30 12:37:51'),
(346, '1217 Konotop Avenue', '', 'Gelderland', 151, '504', '718917251754', '2020-07-30 12:37:51'),
(347, '1293 Nam Dinh Way', '', 'Roraima', 84, '71583', '697656479977', '2020-07-30 12:37:51'),
(348, '785 Vaduz Street', '', 'Baja California', 335, '36170', '895616862749', '2020-07-30 12:37:51'),
(349, '1516 Escobar Drive', '', 'Tongatapu', 370, '46069', '64536069371', '2020-07-30 12:37:51'),
(350, '1628 Nagareyama Lane', '', 'Central', 453, '60079', '20194292617', '2020-07-30 12:37:51'),
(351, '1157 Nyeri Loop', '', 'Adygea', 320, '56380', '262744791493', '2020-07-30 12:37:51'),
(352, '1673 Tangail Drive', '', 'Daugavpils', 137, '26857', '627924259271', '2020-07-30 12:37:51'),
(353, '381 Kabul Way', '', 'Taipei', 209, '87272', '55477302294', '2020-07-30 12:37:51'),
(354, '953 Hodeida Street', '', 'Southern Tagalog', 221, '18841', '53912826864', '2020-07-30 12:37:51'),
(355, '469 Nakhon Sawan Street', '', 'Tuvassia', 531, '58866', '689199636560', '2020-07-30 12:37:51'),
(356, '1378 Beira Loop', '', 'Krasnojarsk', 597, '40792', '840957664136', '2020-07-30 12:37:51'),
(357, '1641 Changhwa Place', '', 'Nord-Ouest', 52, '37636', '256546485220', '2020-07-30 12:37:51'),
(358, '1698 Southport Loop', '', 'Hidalgo', 393, '49009', '754358349853', '2020-07-30 12:37:51'),
(359, '519 Nyeri Manor', '', 'So Paulo', 461, '37650', '764680915323', '2020-07-30 12:37:51'),
(360, '619 Hunuco Avenue', '', 'Shimane', 331, '81508', '142596392389', '2020-07-30 12:37:51'),
(361, '45 Aparecida de Goinia Place', '', 'Madhya Pradesh', 464, '7431', '650496654258', '2020-07-30 12:37:51'),
(362, '482 Kowloon and New Kowloon Manor', '', 'Bratislava', 90, '97056', '738968474939', '2020-07-30 12:37:51'),
(363, '604 Bern Place', '', 'Jharkhand', 429, '5373', '620719383725', '2020-07-30 12:37:51'),
(364, '1623 Kingstown Drive', '', 'Buenos Aires', 20, '91299', '296394569728', '2020-07-30 12:37:51'),
(365, '1009 Zanzibar Lane', '', 'Arecibo', 32, '64875', '102396298916', '2020-07-30 12:37:51'),
(366, '114 Jalib al-Shuyukh Manor', '', 'Centre', 585, '60440', '845378657301', '2020-07-30 12:37:51'),
(367, '1163 London Parkway', '', 'Par', 66, '6066', '675120358494', '2020-07-30 12:37:51'),
(368, '1658 Jastrzebie-Zdrj Loop', '', 'Central', 372, '96584', '568367775448', '2020-07-30 12:37:51'),
(369, '817 Laredo Avenue', '', 'Jalisco', 188, '77449', '151249681135', '2020-07-30 12:37:51'),
(370, '1565 Tangail Manor', '', 'Okinawa', 377, '45750', '634445428822', '2020-07-30 12:37:51'),
(371, '1912 Emeishan Drive', '', 'Balikesir', 50, '33050', '99883471275', '2020-07-30 12:37:51'),
(372, '230 Urawa Drive', '', 'Andhra Pradesh', 8, '2738', '166898395731', '2020-07-30 12:37:51'),
(373, '1922 Miraj Way', '', 'Esfahan', 356, '13203', '320471479776', '2020-07-30 12:37:51'),
(374, '433 Florencia Street', '', 'Chihuahua', 250, '91330', '561729882725', '2020-07-30 12:37:51'),
(375, '1049 Matamoros Parkway', '', 'Karnataka', 191, '69640', '960505250340', '2020-07-30 12:37:51'),
(376, '1061 Ede Avenue', '', 'Southern Tagalog', 98, '57810', '333390595558', '2020-07-30 12:37:51'),
(377, '154 Oshawa Manor', '', 'East Java', 415, '72771', '440365973660', '2020-07-30 12:37:51'),
(378, '1191 Tandil Drive', '', 'Southern Tagalog', 523, '6362', '45554316010', '2020-07-30 12:37:51'),
(379, '1133 Rizhao Avenue', '', 'Pernambuco', 572, '2800', '600264533987', '2020-07-30 12:37:51'),
(380, '1519 Santiago de los Caballeros Loop', '', 'East Kasai', 348, '22025', '409315295763', '2020-07-30 12:37:51'),
(381, '1618 Olomouc Manor', '', 'Kurgan', 285, '26385', '96846695220', '2020-07-30 12:37:51'),
(382, '220 Hidalgo Drive', '', 'Kermanshah', 265, '45298', '342720754566', '2020-07-30 12:37:51'),
(383, '686 Donostia-San Sebastin Lane', '', 'Guangdong', 471, '97390', '71857599858', '2020-07-30 12:37:51'),
(384, '97 Mogiljov Lane', '', 'Gujarat', 73, '89294', '924815207181', '2020-07-30 12:37:51'),
(385, '1642 Charlotte Amalie Drive', '', 'Slaskie', 549, '75442', '821476736117', '2020-07-30 12:37:51'),
(386, '1368 Maracabo Boulevard', '', '', 493, '32716', '934352415130', '2020-07-30 12:37:51'),
(387, '401 Sucre Boulevard', '', 'New Hampshire', 322, '25007', '486395999608', '2020-07-30 12:37:51'),
(388, '368 Hunuco Boulevard', '', 'Namibe', 360, '17165', '106439158941', '2020-07-30 12:37:51'),
(389, '500 Lincoln Parkway', '', 'Jiangsu', 210, '95509', '550306965159', '2020-07-30 12:37:51'),
(390, '102 Chapra Drive', '', 'Ibaragi', 521, '14073', '776031833752', '2020-07-30 12:37:51'),
(391, '1793 Meixian Place', '', 'Hmelnytskyi', 258, '33535', '619966287415', '2020-07-30 12:37:51'),
(392, '514 Ife Way', '', 'Shaba', 315, '69973', '900235712074', '2020-07-30 12:37:51'),
(393, '717 Changzhou Lane', '', 'Southern Tagalog', 104, '21615', '426255288071', '2020-07-30 12:37:51'),
(394, '753 Ilorin Avenue', '', 'Sichuan', 157, '3656', '464511145118', '2020-07-30 12:37:51'),
(395, '1337 Mit Ghamr Avenue', '', 'Nakhon Sawan', 358, '29810', '175283210378', '2020-07-30 12:37:51'),
(396, '767 Pyongyang Drive', '', 'Osaka', 229, '83536', '667736124769', '2020-07-30 12:37:51'),
(397, '614 Pak Kret Street', '', 'Addis Abeba', 6, '27796', '47808359842', '2020-07-30 12:37:51'),
(398, '954 Lapu-Lapu Way', '', 'Moskova', 278, '8816', '737229003916', '2020-07-30 12:37:51'),
(399, '331 Bydgoszcz Parkway', '', 'Asturia', 181, '966', '537374465982', '2020-07-30 12:37:51'),
(400, '1152 Citrus Heights Manor', '', 'al-Qadarif', 15, '5239', '765957414528', '2020-07-30 12:37:51'),
(401, '168 Cianjur Manor', '', 'Saitama', 228, '73824', '679095087143', '2020-07-30 12:37:51'),
(402, '616 Hagonoy Avenue', '', 'Krasnojarsk', 39, '46043', '604177838256', '2020-07-30 12:37:51'),
(403, '1190 0 Place', '', 'Rio Grande do Sul', 44, '10417', '841876514789', '2020-07-30 12:37:51'),
(404, '734 Bchar Place', '', 'Punjab', 375, '30586', '280578750435', '2020-07-30 12:37:51'),
(405, '530 Lausanne Lane', '', 'Texas', 135, '11067', '775235029633', '2020-07-30 12:37:51'),
(406, '454 Patiala Lane', '', 'Fukushima', 276, '13496', '794553031307', '2020-07-30 12:37:51'),
(407, '1346 Mysore Drive', '', 'Bretagne', 92, '61507', '516647474029', '2020-07-30 12:37:51'),
(408, '990 Etawah Loop', '', 'Tamil Nadu', 564, '79940', '206169448769', '2020-07-30 12:37:51'),
(409, '1266 Laredo Parkway', '', 'Saitama', 380, '7664', '1483365694', '2020-07-30 12:37:51'),
(410, '88 Nagaon Manor', '', 'Buenos Aires', 524, '86868', '779461480495', '2020-07-30 12:37:51'),
(411, '264 Bhimavaram Manor', '', 'St Thomas', 111, '54749', '302526949177', '2020-07-30 12:37:51'),
(412, '1639 Saarbrcken Drive', '', 'North West', 437, '9827', '328494873422', '2020-07-30 12:37:51'),
(413, '692 Amroha Drive', '', 'Northern', 230, '35575', '359478883004', '2020-07-30 12:37:51'),
(414, '1936 Lapu-Lapu Parkway', '', 'Bauchi & Gombe', 141, '7122', '653436985797', '2020-07-30 12:37:51'),
(415, '432 Garden Grove Street', '', 'Ontario', 430, '65630', '615964523510', '2020-07-30 12:37:51'),
(416, '1445 Carmen Parkway', '', 'West Java', 117, '70809', '598912394463', '2020-07-30 12:37:51'),
(417, '791 Salinas Street', '', 'Punjab', 208, '40509', '129953030512', '2020-07-30 12:37:51'),
(418, '126 Acua Parkway', '', 'West Bengali', 71, '58888', '480039662421', '2020-07-30 12:37:51'),
(419, '397 Sunnyvale Avenue', '', 'Guanajuato', 19, '55566', '680851640676', '2020-07-30 12:37:51'),
(420, '992 Klerksdorp Loop', '', 'Utrecht', 23, '33711', '855290087237', '2020-07-30 12:37:51'),
(421, '966 Arecibo Loop', '', 'Sind', 134, '94018', '15273765306', '2020-07-30 12:37:51'),
(422, '289 Santo Andr Manor', '', 'al-Sharqiya', 16, '72410', '214976066017', '2020-07-30 12:37:51'),
(423, '437 Chungho Drive', '', 'Puerto Plata', 450, '59489', '491271355190', '2020-07-30 12:37:51'),
(424, '1948 Bayugan Parkway', '', 'Bihar', 264, '60622', '987306329957', '2020-07-30 12:37:51'),
(425, '1866 al-Qatif Avenue', '', 'California', 155, '89420', '546793516940', '2020-07-30 12:37:51'),
(426, '1661 Abha Drive', '', 'Tamil Nadu', 416, '14400', '270456873752', '2020-07-30 12:37:51'),
(427, '1557 Cape Coral Parkway', '', 'Hubei', 293, '46875', '368284120423', '2020-07-30 12:37:51'),
(428, '1727 Matamoros Place', '', 'Sawhaj', 465, '78813', '129673677866', '2020-07-30 12:37:51'),
(429, '1269 Botosani Manor', '', 'Guangdong', 468, '47394', '736517327853', '2020-07-30 12:37:51'),
(430, '355 Vitria de Santo Anto Way', '', 'Oaxaca', 452, '81758', '548003849552', '2020-07-30 12:37:51'),
(431, '1596 Acua Parkway', '', 'Jharkhand', 418, '70425', '157133457169', '2020-07-30 12:37:51'),
(432, '259 Ipoh Drive', '', 'So Paulo', 189, '64964', '419009857119', '2020-07-30 12:37:51'),
(433, '1823 Hoshiarpur Lane', '', 'Komi', 510, '33191', '307133768620', '2020-07-30 12:37:51'),
(434, '1404 Taguig Drive', '', 'Okayama', 547, '87212', '572068624538', '2020-07-30 12:37:51'),
(435, '740 Udaipur Lane', '', 'Nizni Novgorod', 150, '33505', '497288595103', '2020-07-30 12:37:51'),
(436, '287 Cuautla Boulevard', '', 'Chuquisaca', 501, '72736', '82619513349', '2020-07-30 12:37:51'),
(437, '1766 Almirante Brown Street', '', 'KwaZulu-Natal', 364, '63104', '617567598243', '2020-07-30 12:37:51'),
(438, '596 Huixquilucan Place', '', 'Nampula', 351, '65892', '342709348083', '2020-07-30 12:37:51'),
(439, '1351 Aparecida de Goinia Parkway', '', 'Northern Mindanao', 391, '41775', '959834530529', '2020-07-30 12:37:51'),
(440, '722 Bradford Lane', '', 'Shandong', 249, '90920', '746251338300', '2020-07-30 12:37:51'),
(441, '983 Santa F Way', '', 'British Colombia', 565, '47472', '145720452260', '2020-07-30 12:37:51'),
(442, '1245 Ibirit Way', '', 'La Romana', 290, '40926', '331888642162', '2020-07-30 12:37:51'),
(443, '1836 Korla Parkway', '', 'Copperbelt', 272, '55405', '689681677428', '2020-07-30 12:37:51'),
(444, '231 Kaliningrad Place', '', 'Lombardia', 70, '57833', '575081026569', '2020-07-30 12:37:51'),
(445, '495 Bhimavaram Lane', '', 'Maharashtra', 144, '3', '82088937724', '2020-07-30 12:37:51'),
(446, '1924 Shimonoseki Drive', '', 'Batna', 59, '52625', '406784385440', '2020-07-30 12:37:51'),
(447, '105 Dzerzinsk Manor', '', 'Inner Mongolia', 540, '48570', '240776414296', '2020-07-30 12:37:51'),
(448, '614 Denizli Parkway', '', 'Rio Grande do Sul', 486, '29444', '876491807547', '2020-07-30 12:37:51'),
(449, '1289 Belm Boulevard', '', 'Tartumaa', 530, '88306', '237368926031', '2020-07-30 12:37:51'),
(450, '203 Tambaram Street', '', 'Buenos Aires', 161, '73942', '411549550611', '2020-07-30 12:37:51'),
(451, '1704 Tambaram Manor', '', 'West Bengali', 554, '2834', '39463554936', '2020-07-30 12:37:51'),
(452, '207 Cuernavaca Loop', '', 'Tatarstan', 352, '52671', '782900030287', '2020-07-30 12:37:51'),
(453, '319 Springs Loop', '', 'Baijeri', 160, '99552', '72524459905', '2020-07-30 12:37:51'),
(454, '956 Nam Dinh Manor', '', 'Kerman', 481, '21872', '474047727727', '2020-07-30 12:37:51'),
(455, '1947 Paarl Way', '', 'Central Java', 509, '23636', '834061016202', '2020-07-30 12:37:51'),
(456, '814 Simferopol Loop', '', 'Sinaloa', 154, '48745', '524567129902', '2020-07-30 12:37:51'),
(457, '535 Ahmadnagar Manor', '', 'Abu Dhabi', 3, '41136', '985109775584', '2020-07-30 12:37:51'),
(458, '138 Caracas Boulevard', '', 'Zulia', 326, '16790', '974433019532', '2020-07-30 12:37:51'),
(459, '251 Florencia Drive', '', 'Michoacn de Ocampo', 556, '16119', '118011831565', '2020-07-30 12:37:51'),
(460, '659 Gatineau Boulevard', '', 'La Paz', 153, '28587', '205524798287', '2020-07-30 12:37:51'),
(461, '1889 Valparai Way', '', 'Ziguinchor', 600, '75559', '670370974122', '2020-07-30 12:37:51'),
(462, '1485 Bratislava Place', '', 'Illinois', 435, '83183', '924663855568', '2020-07-30 12:37:51'),
(463, '935 Aden Boulevard', '', 'Central Java', 532, '64709', '335052544020', '2020-07-30 12:37:51'),
(464, '76 Kermanshah Manor', '', 'Esfahan', 423, '23343', '762361821578', '2020-07-30 12:37:51'),
(465, '734 Tanshui Avenue', '', 'Caquet', 170, '70664', '366776723320', '2020-07-30 12:37:51'),
(466, '118 Jaffna Loop', '', 'Northern Mindanao', 182, '10447', '325526730021', '2020-07-30 12:37:51'),
(467, '1621 Tongliao Avenue', '', 'Irkutsk', 558, '22173', '209342540247', '2020-07-30 12:37:51'),
(468, '1844 Usak Avenue', '', 'Nova Scotia', 196, '84461', '164414772677', '2020-07-30 12:37:51'),
(469, '1872 Toulon Loop', '', 'OHiggins', 428, '7939', '928809465153', '2020-07-30 12:37:51'),
(470, '1088 Ibirit Place', '', 'Jalisco', 595, '88502', '49084281333', '2020-07-30 12:37:51'),
(471, '1322 Mosul Parkway', '', 'Shandong', 145, '95400', '268053970382', '2020-07-30 12:37:51'),
(472, '1447 Chatsworth Place', '', 'Chihuahua', 129, '41545', '769370126331', '2020-07-30 12:37:51'),
(473, '1257 Guadalajara Street', '', 'Karnataka', 78, '33599', '195337700615', '2020-07-30 12:37:51'),
(474, '1469 Plock Lane', '', 'Galicia', 388, '95835', '622884741180', '2020-07-30 12:37:51'),
(475, '434 Ourense (Orense) Manor', '', 'Hodeida', 206, '14122', '562370137426', '2020-07-30 12:37:51'),
(476, '270 Tambaram Parkway', '', 'Gauteng', 244, '9668', '248446668735', '2020-07-30 12:37:51'),
(477, '1786 Salinas Place', '', 'Nam Ha', 359, '66546', '206060652238', '2020-07-30 12:37:51'),
(478, '1078 Stara Zagora Drive', '', 'Aceh', 301, '69221', '932992626595', '2020-07-30 12:37:51'),
(479, '1854 Okara Boulevard', '', 'Drenthe', 158, '42123', '131912793873', '2020-07-30 12:37:51'),
(480, '421 Yaound Street', '', 'Sumy', 385, '11363', '726875628268', '2020-07-30 12:37:51'),
(481, '1153 Allende Way', '', 'Qubec', 179, '20336', '856872225376', '2020-07-30 12:37:51'),
(482, '808 Naala-Porto Parkway', '', 'England', 500, '41060', '553452430707', '2020-07-30 12:37:51'),
(483, '632 Usolje-Sibirskoje Parkway', '', 'Ha Darom', 36, '73085', '667648979883', '2020-07-30 12:37:51'),
(484, '98 Pyongyang Boulevard', '', 'Ohio', 11, '88749', '191958435142', '2020-07-30 12:37:51'),
(485, '984 Novoterkassk Loop', '', 'Gaziantep', 180, '28165', '435118527255', '2020-07-30 12:37:51'),
(486, '64 Korla Street', '', 'Mwanza', 347, '25145', '510383179153', '2020-07-30 12:37:51'),
(487, '1785 So Bernardo do Campo Street', '', 'Veracruz', 125, '71182', '684529463244', '2020-07-30 12:37:51'),
(488, '698 Jelets Boulevard', '', 'Denizli', 142, '2596', '975185523021', '2020-07-30 12:37:51'),
(489, '1297 Alvorada Parkway', '', 'Ningxia', 587, '11839', '508348602835', '2020-07-30 12:37:51'),
(490, '1909 Dayton Avenue', '', 'Guangdong', 469, '88513', '702955450528', '2020-07-30 12:37:51'),
(491, '1789 Saint-Denis Parkway', '', 'Coahuila de Zaragoza', 4, '8268', '936806643983', '2020-07-30 12:37:51'),
(492, '185 Mannheim Lane', '', 'Stavropol', 408, '23661', '589377568313', '2020-07-30 12:37:51'),
(493, '184 Mandaluyong Street', '', 'Baja California Sur', 288, '94239', '488425406814', '2020-07-30 12:37:51'),
(494, '591 Sungai Petani Drive', '', 'Okayama', 376, '46400', '37247325001', '2020-07-30 12:37:51'),
(495, '656 Matamoros Drive', '', 'Boyac', 487, '19489', '17305839123', '2020-07-30 12:37:51'),
(496, '775 ostka Drive', '', 'al-Daqahliya', 337, '22358', '171973024401', '2020-07-30 12:37:51'),
(497, '1013 Tabuk Boulevard', '', 'West Bengali', 261, '96203', '158399646978', '2020-07-30 12:37:51'),
(498, '319 Plock Parkway', '', 'Istanbul', 504, '26101', '854259976812', '2020-07-30 12:37:51'),
(499, '1954 Kowloon and New Kowloon Way', '', 'Chimborazo', 434, '63667', '898559280434', '2020-07-30 12:37:51'),
(500, '362 Rajkot Lane', '', 'Gansu', 47, '98030', '962020153680', '2020-07-30 12:37:51'),
(501, '1060 Tandil Lane', '', 'Shandong', 432, '72349', '211256301880', '2020-07-30 12:37:51'),
(502, '1515 Korla Way', '', 'England', 589, '57197', '959467760895', '2020-07-30 12:37:51'),
(503, '1416 San Juan Bautista Tuxtepec Avenue', '', 'Zufar', 444, '50592', '144206758053', '2020-07-30 12:37:51'),
(504, '1 Valle de Santiago Avenue', '', 'Apulia', 93, '86208', '465897838272', '2020-07-30 12:37:51'),
(505, '519 Brescia Parkway', '', 'East Java', 318, '69504', '793996678771', '2020-07-30 12:37:51'),
(506, '414 Mandaluyong Street', '', 'Lubelskie', 314, '16370', '52709222667', '2020-07-30 12:37:51'),
(507, '1197 Sokoto Boulevard', '', 'West Bengali', 478, '87687', '868602816371', '2020-07-30 12:37:51'),
(508, '496 Celaya Drive', '', 'Nagano', 552, '90797', '759586584889', '2020-07-30 12:37:51'),
(509, '786 Matsue Way', '', 'Illinois', 245, '37469', '111177206479', '2020-07-30 12:37:51'),
(510, '48 Maracabo Place', '', 'Central Luzon', 519, '1570', '82671830126', '2020-07-30 12:37:51'),
(511, '1152 al-Qatif Lane', '', 'Kalimantan Barat', 412, '44816', '131370665218', '2020-07-30 12:37:51'),
(512, '1269 Ipoh Avenue', '', 'Eskisehir', 163, '54674', '402630109080', '2020-07-30 12:37:51');
INSERT INTO `address` (`address_id`, `address`, `address2`, `district`, `city_id`, `postal_code`, `phone`, `last_update`) VALUES
(513, '758 Korolev Parkway', '', 'Andhra Pradesh', 568, '75474', '441628280920', '2020-07-30 12:37:51'),
(514, '1747 Rustenburg Place', '', 'Bihar', 110, '51369', '442673923363', '2020-07-30 12:37:51'),
(515, '886 Tonghae Place', '', 'Volgograd', 259, '19450', '711928348157', '2020-07-30 12:37:51'),
(516, '1574 Goinia Boulevard', '', 'Heilongjiang', 502, '39529', '59634255214', '2020-07-30 12:37:51'),
(517, '548 Uruapan Street', '', 'Ontario', 312, '35653', '879347453467', '2020-07-30 12:37:51'),
(519, '962 Tama Loop', '', '', 583, '65952', '282667506728', '2020-07-30 12:37:51'),
(520, '1778 Gijn Manor', '', 'Hubei', 594, '35156', '288910576761', '2020-07-30 12:37:51'),
(521, '568 Dhule (Dhulia) Loop', '', 'Coquimbo', 127, '92568', '602101369463', '2020-07-30 12:37:51'),
(522, '1768 Udine Loop', '', 'Battambang', 60, '32347', '448876499197', '2020-07-30 12:37:51'),
(523, '608 Birgunj Parkway', '', 'Taipei', 116, '400', '627425618482', '2020-07-30 12:37:51'),
(524, '680 A Corua (La Corua) Manor', '', 'Sivas', 482, '49806', '158326114853', '2020-07-30 12:37:51'),
(525, '1949 Sanya Street', '', 'Gumma', 224, '61244', '132100972047', '2020-07-30 12:37:51'),
(526, '617 Klerksdorp Place', '', 'Khanh Hoa', 366, '94707', '574973479129', '2020-07-30 12:37:51'),
(527, '1993 0 Loop', '', 'Liaoning', 588, '41214', '25865528181', '2020-07-30 12:37:51'),
(528, '1176 Southend-on-Sea Manor', '', 'Southern Tagalog', 458, '81651', '236679267178', '2020-07-30 12:37:51'),
(529, '600 Purnea (Purnia) Avenue', '', 'Nghe An', 571, '18043', '638409958875', '2020-07-30 12:37:51'),
(530, '1003 Qinhuangdao Street', '', 'West Java', 419, '25972', '35533115997', '2020-07-30 12:37:51'),
(531, '1986 Sivas Place', '', 'Friuli-Venezia Giuli', 551, '95775', '182059202712', '2020-07-30 12:37:51'),
(532, '1427 Tabuk Place', '', 'Florida', 101, '31342', '214756839122', '2020-07-30 12:37:51'),
(533, '556 Asuncin Way', '', 'Mogiljov', 339, '35364', '338244023543', '2020-07-30 12:37:51'),
(534, '486 Ondo Parkway', '', 'Benguela', 67, '35202', '105882218332', '2020-07-30 12:37:51'),
(535, '635 Brest Manor', '', 'Andhra Pradesh', 75, '40899', '80593242951', '2020-07-30 12:37:51'),
(536, '166 Jinchang Street', '', 'Buenos Aires', 165, '86760', '717566026669', '2020-07-30 12:37:51'),
(537, '958 Sagamihara Lane', '', 'Mie', 287, '88408', '427274926505', '2020-07-30 12:37:51'),
(538, '1817 Livorno Way', '', 'Khanh Hoa', 100, '79401', '478380208348', '2020-07-30 12:37:51'),
(539, '1332 Gaziantep Lane', '', 'Shandong', 80, '22813', '383353187467', '2020-07-30 12:37:51'),
(540, '949 Allende Lane', '', 'Uttar Pradesh', 24, '67521', '122981120653', '2020-07-30 12:37:51'),
(541, '195 Ilorin Street', '', 'Chari-Baguirmi', 363, '49250', '8912935608', '2020-07-30 12:37:51'),
(542, '193 Bhusawal Place', '', 'Kang-won', 539, '9750', '745267607502', '2020-07-30 12:37:51'),
(543, '43 Vilnius Manor', '', 'Colorado', 42, '79814', '484500282381', '2020-07-30 12:37:51'),
(544, '183 Haiphong Street', '', 'Jilin', 46, '69953', '488600270038', '2020-07-30 12:37:51'),
(545, '163 Augusta-Richmond County Loop', '', 'Carabobo', 561, '33030', '754579047924', '2020-07-30 12:37:51'),
(546, '191 Jos Azueta Parkway', '', 'Ruse', 436, '13629', '932156667696', '2020-07-30 12:37:51'),
(547, '379 Lublin Parkway', '', 'Toscana', 309, '74568', '921960450089', '2020-07-30 12:37:51'),
(548, '1658 Cuman Loop', '', 'Sumatera Selatan', 396, '51309', '784907335610', '2020-07-30 12:37:51'),
(549, '454 Qinhuangdao Drive', '', 'Tadla-Azilal', 68, '25866', '786270036240', '2020-07-30 12:37:51'),
(550, '1715 Okayama Street', '', 'So Paulo', 485, '55676', '169352919175', '2020-07-30 12:37:51'),
(551, '182 Nukualofa Drive', '', 'Sumy', 275, '15414', '426346224043', '2020-07-30 12:37:51'),
(552, '390 Wroclaw Way', '', 'Hainan', 462, '5753', '357593328658', '2020-07-30 12:37:51'),
(553, '1421 Quilmes Lane', '', 'Ishikawa', 260, '19151', '135407755975', '2020-07-30 12:37:51'),
(554, '947 Trshavn Place', '', 'Central Luzon', 528, '841', '50898428626', '2020-07-30 12:37:51'),
(555, '1764 Jalib al-Shuyukh Parkway', '', 'Galicia', 459, '77642', '84794532510', '2020-07-30 12:37:51'),
(556, '346 Cam Ranh Avenue', '', 'Zhejiang', 599, '39976', '978430786151', '2020-07-30 12:37:51'),
(557, '1407 Pachuca de Soto Place', '', 'Rio Grande do Sul', 21, '26284', '380077794770', '2020-07-30 12:37:51'),
(558, '904 Clarksville Drive', '', 'Zhejiang', 193, '52234', '955349440539', '2020-07-30 12:37:51'),
(559, '1917 Kumbakonam Parkway', '', 'Vojvodina', 368, '11892', '698182547686', '2020-07-30 12:37:51'),
(560, '1447 Imus Place', '', 'Gujarat', 426, '12905', '62127829280', '2020-07-30 12:37:51'),
(561, '1497 Fengshan Drive', '', 'KwaZulu-Natal', 112, '63022', '368738360376', '2020-07-30 12:37:51'),
(562, '869 Shikarpur Way', '', 'England', 496, '57380', '590764256785', '2020-07-30 12:37:51'),
(563, '1059 Yuncheng Avenue', '', 'Vilna', 570, '47498', '107092893983', '2020-07-30 12:37:51'),
(564, '505 Madiun Boulevard', '', 'Dolnoslaskie', 577, '97271', '970638808606', '2020-07-30 12:37:51'),
(565, '1741 Hoshiarpur Boulevard', '', 'al-Sharqiya', 79, '22372', '855066328617', '2020-07-30 12:37:51'),
(566, '1229 Varanasi (Benares) Manor', '', 'Buenos Aires', 43, '40195', '817740355461', '2020-07-30 12:37:51'),
(567, '1894 Boa Vista Way', '', 'Texas', 178, '77464', '239357986667', '2020-07-30 12:37:51'),
(568, '1342 Sharja Way', '', 'Sokoto & Kebbi & Zam', 488, '93655', '946114054231', '2020-07-30 12:37:51'),
(569, '1342 Abha Boulevard', '', 'Bukarest', 95, '10714', '997453607116', '2020-07-30 12:37:51'),
(570, '415 Pune Avenue', '', 'Shandong', 580, '44274', '203202500108', '2020-07-30 12:37:51'),
(571, '1746 Faaa Way', '', 'Huanuco', 214, '32515', '863080561151', '2020-07-30 12:37:51'),
(572, '539 Hami Way', '', 'Tokat', 538, '52196', '525518075499', '2020-07-30 12:37:51'),
(573, '1407 Surakarta Manor', '', 'Moskova', 466, '33224', '324346485054', '2020-07-30 12:37:51'),
(574, '502 Mandi Bahauddin Parkway', '', 'Anzotegui', 55, '15992', '618156722572', '2020-07-30 12:37:51'),
(575, '1052 Pathankot Avenue', '', 'Sichuan', 299, '77397', '128499386727', '2020-07-30 12:37:51'),
(576, '1351 Sousse Lane', '', 'Coahuila de Zaragoza', 341, '37815', '203804046132', '2020-07-30 12:37:51'),
(577, '1501 Pangkal Pinang Avenue', '', 'Mazowieckie', 409, '943', '770864062795', '2020-07-30 12:37:51'),
(578, '1405 Hagonoy Avenue', '', 'Slaskie', 133, '86587', '867287719310', '2020-07-30 12:37:51'),
(579, '521 San Juan Bautista Tuxtepec Place', '', 'Qaraghandy', 598, '95093', '844018348565', '2020-07-30 12:37:51'),
(580, '923 Tangail Boulevard', '', 'Tokyo-to', 10, '33384', '315528269898', '2020-07-30 12:37:51'),
(581, '186 Skikda Lane', '', 'Morelos', 131, '89422', '14465669789', '2020-07-30 12:37:51'),
(582, '1568 Celaya Parkway', '', 'Kaohsiung', 168, '34750', '278669994384', '2020-07-30 12:37:51'),
(583, '1489 Kakamigahara Lane', '', 'Taipei', 526, '98883', '29341849811', '2020-07-30 12:37:51'),
(584, '1819 Alessandria Loop', '', 'Campeche', 103, '53829', '377633994405', '2020-07-30 12:37:51'),
(585, '1208 Tama Loop', '', 'Ninawa', 344, '73605', '954786054144', '2020-07-30 12:37:51'),
(586, '951 Springs Lane', '', 'Central Mindanao', 219, '96115', '165164761435', '2020-07-30 12:37:51'),
(587, '760 Miyakonojo Drive', '', 'Guerrero', 246, '64682', '294449058179', '2020-07-30 12:37:51'),
(588, '966 Asuncin Way', '', 'Hidalgo', 212, '62703', '995527378381', '2020-07-30 12:37:51'),
(589, '1584 Ljubertsy Lane', '', 'England', 494, '22954', '285710089439', '2020-07-30 12:37:51'),
(590, '247 Jining Parkway', '', 'Banjul', 54, '53446', '170115379190', '2020-07-30 12:37:51'),
(591, '773 Dallas Manor', '', 'Buenos Aires', 424, '12664', '914466027044', '2020-07-30 12:37:51'),
(592, '1923 Stara Zagora Lane', '', 'Nantou', 546, '95179', '182178609211', '2020-07-30 12:37:51'),
(593, '1402 Zanzibar Boulevard', '', 'Guanajuato', 106, '71102', '387448063440', '2020-07-30 12:37:51'),
(594, '1464 Kursk Parkway', '', 'Shandong', 574, '17381', '338758048786', '2020-07-30 12:37:51'),
(595, '1074 Sanaa Parkway', '', 'Loja', 311, '22474', '154124128457', '2020-07-30 12:37:51'),
(596, '1759 Niznekamsk Avenue', '', 'al-Manama', 14, '39414', '864392582257', '2020-07-30 12:37:51'),
(597, '32 Liaocheng Way', '', 'Minas Gerais', 248, '1944', '410877354933', '2020-07-30 12:37:51'),
(598, '42 Fontana Avenue', '', 'Fejr', 512, '14684', '437829801725', '2020-07-30 12:37:51'),
(599, '1895 Zhezqazghan Drive', '', 'California', 177, '36693', '137809746111', '2020-07-30 12:37:51'),
(600, '1837 Kaduna Parkway', '', 'Inner Mongolia', 241, '82580', '640843562301', '2020-07-30 12:37:51'),
(601, '844 Bucuresti Place', '', 'Liaoning', 242, '36603', '935952366111', '2020-07-30 12:37:51'),
(602, '1101 Bucuresti Boulevard', '', 'West Greece', 401, '97661', '199514580428', '2020-07-30 12:37:51'),
(603, '1103 Quilmes Boulevard', '', 'Piura', 503, '52137', '644021380889', '2020-07-30 12:37:51'),
(604, '1331 Usak Boulevard', '', 'Vaud', 296, '61960', '145308717464', '2020-07-30 12:37:51'),
(605, '1325 Fukuyama Street', '', 'Heilongjiang', 537, '27107', '288241215394', '2020-07-30 12:37:51');

-- --------------------------------------------------------

--
-- Table structure for table `category`
--

CREATE TABLE `category` (
  `category_id` tinyint(3) UNSIGNED NOT NULL,
  `name` varchar(25) NOT NULL,
  `last_update` timestamp NOT NULL DEFAULT CURRENT_TIMESTAMP ON UPDATE CURRENT_TIMESTAMP
) ENGINE=InnoDB DEFAULT CHARSET=utf8mb4;

--
-- Dumping data for table `category`
--

INSERT INTO `category` (`category_id`, `name`, `last_update`) VALUES
(1, 'Action', '2020-07-30 12:37:52'),
(2, 'Animation', '2020-07-30 12:37:52'),
(3, 'Children', '2020-07-30 12:37:52'),
(4, 'Classics', '2020-07-30 12:37:52'),
(5, 'Comedy', '2020-07-30 12:37:52'),
(6, 'Documentary', '2020-07-30 12:37:52'),
(7, 'Drama', '2020-07-30 12:37:52'),
(8, 'Family', '2020-07-30 12:37:52'),
(9, 'Foreign', '2020-07-30 12:37:52'),
(10, 'Games', '2020-07-30 12:37:52'),
(11, 'Horror', '2020-07-30 12:37:52'),
(12, 'Music', '2020-07-30 12:37:52'),
(13, 'New', '2020-07-30 12:37:52'),
(14, 'Sci-Fi', '2020-07-30 12:37:52'),
(15, 'Sports', '2020-07-30 12:37:52'),
(16, 'Travel', '2020-07-30 12:37:52');

-- --------------------------------------------------------

--
-- Table structure for table `city`
--

CREATE TABLE `city` (
  `city_id` smallint(5) UNSIGNED NOT NULL,
  `city` varchar(50) NOT NULL,
  `country_id` smallint(5) UNSIGNED NOT NULL,
  `last_update` timestamp NOT NULL DEFAULT CURRENT_TIMESTAMP ON UPDATE CURRENT_TIMESTAMP
) ENGINE=InnoDB DEFAULT CHARSET=utf8mb4;

--
-- Dumping data for table `city`
--

INSERT INTO `city` (`city_id`, `city`, `country_id`, `last_update`) VALUES
(1, 'A Corua (La Corua)', 87, '2020-07-30 12:37:52'),
(2, 'Abha', 82, '2020-07-30 12:37:52'),
(3, 'Abu Dhabi', 101, '2020-07-30 12:37:52'),
(4, 'Acua', 60, '2020-07-30 12:37:52'),
(5, 'Adana', 97, '2020-07-30 12:37:52'),
(6, 'Addis Abeba', 31, '2020-07-30 12:37:52'),
(7, 'Aden', 107, '2020-07-30 12:37:52'),
(8, 'Adoni', 44, '2020-07-30 12:37:52'),
(9, 'Ahmadnagar', 44, '2020-07-30 12:37:52'),
(10, 'Akishima', 50, '2020-07-30 12:37:52'),
(11, 'Akron', 103, '2020-07-30 12:37:52'),
(12, 'al-Ayn', 101, '2020-07-30 12:37:52'),
(13, 'al-Hawiya', 82, '2020-07-30 12:37:52'),
(14, 'al-Manama', 11, '2020-07-30 12:37:52'),
(15, 'al-Qadarif', 89, '2020-07-30 12:37:52'),
(16, 'al-Qatif', 82, '2020-07-30 12:37:52'),
(17, 'Alessandria', 49, '2020-07-30 12:37:52'),
(18, 'Allappuzha (Alleppey)', 44, '2020-07-30 12:37:52'),
(19, 'Allende', 60, '2020-07-30 12:37:52'),
(20, 'Almirante Brown', 6, '2020-07-30 12:37:52'),
(21, 'Alvorada', 15, '2020-07-30 12:37:52'),
(22, 'Ambattur', 44, '2020-07-30 12:37:52'),
(23, 'Amersfoort', 67, '2020-07-30 12:37:52'),
(24, 'Amroha', 44, '2020-07-30 12:37:52'),
(25, 'Angra dos Reis', 15, '2020-07-30 12:37:52'),
(26, 'Anpolis', 15, '2020-07-30 12:37:52'),
(27, 'Antofagasta', 22, '2020-07-30 12:37:52'),
(28, 'Aparecida de Goinia', 15, '2020-07-30 12:37:52'),
(29, 'Apeldoorn', 67, '2020-07-30 12:37:52'),
(30, 'Araatuba', 15, '2020-07-30 12:37:52'),
(31, 'Arak', 46, '2020-07-30 12:37:52'),
(32, 'Arecibo', 77, '2020-07-30 12:37:52'),
(33, 'Arlington', 103, '2020-07-30 12:37:52'),
(34, 'Ashdod', 48, '2020-07-30 12:37:52'),
(35, 'Ashgabat', 98, '2020-07-30 12:37:52'),
(36, 'Ashqelon', 48, '2020-07-30 12:37:52'),
(37, 'Asuncin', 73, '2020-07-30 12:37:52'),
(38, 'Athenai', 39, '2020-07-30 12:37:52'),
(39, 'Atinsk', 80, '2020-07-30 12:37:52'),
(40, 'Atlixco', 60, '2020-07-30 12:37:52'),
(41, 'Augusta-Richmond County', 103, '2020-07-30 12:37:52'),
(42, 'Aurora', 103, '2020-07-30 12:37:52'),
(43, 'Avellaneda', 6, '2020-07-30 12:37:52'),
(44, 'Bag', 15, '2020-07-30 12:37:52'),
(45, 'Baha Blanca', 6, '2020-07-30 12:37:52'),
(46, 'Baicheng', 23, '2020-07-30 12:37:52'),
(47, 'Baiyin', 23, '2020-07-30 12:37:52'),
(48, 'Baku', 10, '2020-07-30 12:37:52'),
(49, 'Balaiha', 80, '2020-07-30 12:37:52'),
(50, 'Balikesir', 97, '2020-07-30 12:37:52'),
(51, 'Balurghat', 44, '2020-07-30 12:37:52'),
(52, 'Bamenda', 19, '2020-07-30 12:37:52'),
(53, 'Bandar Seri Begawan', 16, '2020-07-30 12:37:52'),
(54, 'Banjul', 37, '2020-07-30 12:37:52'),
(55, 'Barcelona', 104, '2020-07-30 12:37:52'),
(56, 'Basel', 91, '2020-07-30 12:37:52'),
(57, 'Bat Yam', 48, '2020-07-30 12:37:52'),
(58, 'Batman', 97, '2020-07-30 12:37:52'),
(59, 'Batna', 2, '2020-07-30 12:37:52'),
(60, 'Battambang', 18, '2020-07-30 12:37:52'),
(61, 'Baybay', 75, '2020-07-30 12:37:52'),
(62, 'Bayugan', 75, '2020-07-30 12:37:52'),
(63, 'Bchar', 2, '2020-07-30 12:37:52'),
(64, 'Beira', 63, '2020-07-30 12:37:52'),
(65, 'Bellevue', 103, '2020-07-30 12:37:52'),
(66, 'Belm', 15, '2020-07-30 12:37:52'),
(67, 'Benguela', 4, '2020-07-30 12:37:52'),
(68, 'Beni-Mellal', 62, '2020-07-30 12:37:52'),
(69, 'Benin City', 69, '2020-07-30 12:37:52'),
(70, 'Bergamo', 49, '2020-07-30 12:37:52'),
(71, 'Berhampore (Baharampur)', 44, '2020-07-30 12:37:52'),
(72, 'Bern', 91, '2020-07-30 12:37:52'),
(73, 'Bhavnagar', 44, '2020-07-30 12:37:52'),
(74, 'Bhilwara', 44, '2020-07-30 12:37:52'),
(75, 'Bhimavaram', 44, '2020-07-30 12:37:52'),
(76, 'Bhopal', 44, '2020-07-30 12:37:52'),
(77, 'Bhusawal', 44, '2020-07-30 12:37:52'),
(78, 'Bijapur', 44, '2020-07-30 12:37:52'),
(79, 'Bilbays', 29, '2020-07-30 12:37:52'),
(80, 'Binzhou', 23, '2020-07-30 12:37:52'),
(81, 'Birgunj', 66, '2020-07-30 12:37:52'),
(82, 'Bislig', 75, '2020-07-30 12:37:52'),
(83, 'Blumenau', 15, '2020-07-30 12:37:52'),
(84, 'Boa Vista', 15, '2020-07-30 12:37:52'),
(85, 'Boksburg', 85, '2020-07-30 12:37:52'),
(86, 'Botosani', 78, '2020-07-30 12:37:52'),
(87, 'Botshabelo', 85, '2020-07-30 12:37:52'),
(88, 'Bradford', 102, '2020-07-30 12:37:52'),
(89, 'Braslia', 15, '2020-07-30 12:37:52'),
(90, 'Bratislava', 84, '2020-07-30 12:37:52'),
(91, 'Brescia', 49, '2020-07-30 12:37:52'),
(92, 'Brest', 34, '2020-07-30 12:37:52'),
(93, 'Brindisi', 49, '2020-07-30 12:37:52'),
(94, 'Brockton', 103, '2020-07-30 12:37:52'),
(95, 'Bucuresti', 78, '2020-07-30 12:37:52'),
(96, 'Buenaventura', 24, '2020-07-30 12:37:52'),
(97, 'Bydgoszcz', 76, '2020-07-30 12:37:52'),
(98, 'Cabuyao', 75, '2020-07-30 12:37:52'),
(99, 'Callao', 74, '2020-07-30 12:37:52'),
(100, 'Cam Ranh', 105, '2020-07-30 12:37:52'),
(101, 'Cape Coral', 103, '2020-07-30 12:37:52'),
(102, 'Caracas', 104, '2020-07-30 12:37:52'),
(103, 'Carmen', 60, '2020-07-30 12:37:52'),
(104, 'Cavite', 75, '2020-07-30 12:37:52'),
(105, 'Cayenne', 35, '2020-07-30 12:37:52'),
(106, 'Celaya', 60, '2020-07-30 12:37:52'),
(107, 'Chandrapur', 44, '2020-07-30 12:37:52'),
(108, 'Changhwa', 92, '2020-07-30 12:37:52'),
(109, 'Changzhou', 23, '2020-07-30 12:37:52'),
(110, 'Chapra', 44, '2020-07-30 12:37:52'),
(111, 'Charlotte Amalie', 106, '2020-07-30 12:37:52'),
(112, 'Chatsworth', 85, '2020-07-30 12:37:52'),
(113, 'Cheju', 86, '2020-07-30 12:37:52'),
(114, 'Chiayi', 92, '2020-07-30 12:37:52'),
(115, 'Chisinau', 61, '2020-07-30 12:37:52'),
(116, 'Chungho', 92, '2020-07-30 12:37:52'),
(117, 'Cianjur', 45, '2020-07-30 12:37:52'),
(118, 'Ciomas', 45, '2020-07-30 12:37:52'),
(119, 'Ciparay', 45, '2020-07-30 12:37:52'),
(120, 'Citrus Heights', 103, '2020-07-30 12:37:52'),
(121, 'Citt del Vaticano', 41, '2020-07-30 12:37:52'),
(122, 'Ciudad del Este', 73, '2020-07-30 12:37:52'),
(123, 'Clarksville', 103, '2020-07-30 12:37:52'),
(124, 'Coacalco de Berriozbal', 60, '2020-07-30 12:37:52'),
(125, 'Coatzacoalcos', 60, '2020-07-30 12:37:52'),
(126, 'Compton', 103, '2020-07-30 12:37:52'),
(127, 'Coquimbo', 22, '2020-07-30 12:37:52'),
(128, 'Crdoba', 6, '2020-07-30 12:37:52'),
(129, 'Cuauhtmoc', 60, '2020-07-30 12:37:52'),
(130, 'Cuautla', 60, '2020-07-30 12:37:52'),
(131, 'Cuernavaca', 60, '2020-07-30 12:37:52'),
(132, 'Cuman', 104, '2020-07-30 12:37:52'),
(133, 'Czestochowa', 76, '2020-07-30 12:37:52'),
(134, 'Dadu', 72, '2020-07-30 12:37:52'),
(135, 'Dallas', 103, '2020-07-30 12:37:52'),
(136, 'Datong', 23, '2020-07-30 12:37:52'),
(137, 'Daugavpils', 54, '2020-07-30 12:37:52'),
(138, 'Davao', 75, '2020-07-30 12:37:52'),
(139, 'Daxian', 23, '2020-07-30 12:37:52'),
(140, 'Dayton', 103, '2020-07-30 12:37:52'),
(141, 'Deba Habe', 69, '2020-07-30 12:37:52'),
(142, 'Denizli', 97, '2020-07-30 12:37:52'),
(143, 'Dhaka', 12, '2020-07-30 12:37:52'),
(144, 'Dhule (Dhulia)', 44, '2020-07-30 12:37:52'),
(145, 'Dongying', 23, '2020-07-30 12:37:52'),
(146, 'Donostia-San Sebastin', 87, '2020-07-30 12:37:52'),
(147, 'Dos Quebradas', 24, '2020-07-30 12:37:52'),
(148, 'Duisburg', 38, '2020-07-30 12:37:52'),
(149, 'Dundee', 102, '2020-07-30 12:37:52'),
(150, 'Dzerzinsk', 80, '2020-07-30 12:37:52'),
(151, 'Ede', 67, '2020-07-30 12:37:52'),
(152, 'Effon-Alaiye', 69, '2020-07-30 12:37:52'),
(153, 'El Alto', 14, '2020-07-30 12:37:52'),
(154, 'El Fuerte', 60, '2020-07-30 12:37:52'),
(155, 'El Monte', 103, '2020-07-30 12:37:52'),
(156, 'Elista', 80, '2020-07-30 12:37:52'),
(157, 'Emeishan', 23, '2020-07-30 12:37:52'),
(158, 'Emmen', 67, '2020-07-30 12:37:52'),
(159, 'Enshi', 23, '2020-07-30 12:37:52'),
(160, 'Erlangen', 38, '2020-07-30 12:37:52'),
(161, 'Escobar', 6, '2020-07-30 12:37:52'),
(162, 'Esfahan', 46, '2020-07-30 12:37:52'),
(163, 'Eskisehir', 97, '2020-07-30 12:37:52'),
(164, 'Etawah', 44, '2020-07-30 12:37:52'),
(165, 'Ezeiza', 6, '2020-07-30 12:37:52'),
(166, 'Ezhou', 23, '2020-07-30 12:37:52'),
(167, 'Faaa', 36, '2020-07-30 12:37:52'),
(168, 'Fengshan', 92, '2020-07-30 12:37:52'),
(169, 'Firozabad', 44, '2020-07-30 12:37:52'),
(170, 'Florencia', 24, '2020-07-30 12:37:52'),
(171, 'Fontana', 103, '2020-07-30 12:37:52'),
(172, 'Fukuyama', 50, '2020-07-30 12:37:52'),
(173, 'Funafuti', 99, '2020-07-30 12:37:52'),
(174, 'Fuyu', 23, '2020-07-30 12:37:52'),
(175, 'Fuzhou', 23, '2020-07-30 12:37:52'),
(176, 'Gandhinagar', 44, '2020-07-30 12:37:52'),
(177, 'Garden Grove', 103, '2020-07-30 12:37:52'),
(178, 'Garland', 103, '2020-07-30 12:37:52'),
(179, 'Gatineau', 20, '2020-07-30 12:37:52'),
(180, 'Gaziantep', 97, '2020-07-30 12:37:52'),
(181, 'Gijn', 87, '2020-07-30 12:37:52'),
(182, 'Gingoog', 75, '2020-07-30 12:37:52'),
(183, 'Goinia', 15, '2020-07-30 12:37:52'),
(184, 'Gorontalo', 45, '2020-07-30 12:37:52'),
(185, 'Grand Prairie', 103, '2020-07-30 12:37:52'),
(186, 'Graz', 9, '2020-07-30 12:37:52'),
(187, 'Greensboro', 103, '2020-07-30 12:37:52'),
(188, 'Guadalajara', 60, '2020-07-30 12:37:52'),
(189, 'Guaruj', 15, '2020-07-30 12:37:52'),
(190, 'guas Lindas de Gois', 15, '2020-07-30 12:37:52'),
(191, 'Gulbarga', 44, '2020-07-30 12:37:52'),
(192, 'Hagonoy', 75, '2020-07-30 12:37:52'),
(193, 'Haining', 23, '2020-07-30 12:37:52'),
(194, 'Haiphong', 105, '2020-07-30 12:37:52'),
(195, 'Haldia', 44, '2020-07-30 12:37:52'),
(196, 'Halifax', 20, '2020-07-30 12:37:52'),
(197, 'Halisahar', 44, '2020-07-30 12:37:52'),
(198, 'Halle/Saale', 38, '2020-07-30 12:37:52'),
(199, 'Hami', 23, '2020-07-30 12:37:52'),
(200, 'Hamilton', 68, '2020-07-30 12:37:52'),
(201, 'Hanoi', 105, '2020-07-30 12:37:52'),
(202, 'Hidalgo', 60, '2020-07-30 12:37:52'),
(203, 'Higashiosaka', 50, '2020-07-30 12:37:52'),
(204, 'Hino', 50, '2020-07-30 12:37:52'),
(205, 'Hiroshima', 50, '2020-07-30 12:37:52'),
(206, 'Hodeida', 107, '2020-07-30 12:37:52'),
(207, 'Hohhot', 23, '2020-07-30 12:37:52'),
(208, 'Hoshiarpur', 44, '2020-07-30 12:37:52'),
(209, 'Hsichuh', 92, '2020-07-30 12:37:52'),
(210, 'Huaian', 23, '2020-07-30 12:37:52'),
(211, 'Hubli-Dharwad', 44, '2020-07-30 12:37:52'),
(212, 'Huejutla de Reyes', 60, '2020-07-30 12:37:52'),
(213, 'Huixquilucan', 60, '2020-07-30 12:37:52'),
(214, 'Hunuco', 74, '2020-07-30 12:37:52'),
(215, 'Ibirit', 15, '2020-07-30 12:37:52'),
(216, 'Idfu', 29, '2020-07-30 12:37:52'),
(217, 'Ife', 69, '2020-07-30 12:37:52'),
(218, 'Ikerre', 69, '2020-07-30 12:37:52'),
(219, 'Iligan', 75, '2020-07-30 12:37:52'),
(220, 'Ilorin', 69, '2020-07-30 12:37:52'),
(221, 'Imus', 75, '2020-07-30 12:37:52'),
(222, 'Inegl', 97, '2020-07-30 12:37:52'),
(223, 'Ipoh', 59, '2020-07-30 12:37:52'),
(224, 'Isesaki', 50, '2020-07-30 12:37:52'),
(225, 'Ivanovo', 80, '2020-07-30 12:37:52'),
(226, 'Iwaki', 50, '2020-07-30 12:37:52'),
(227, 'Iwakuni', 50, '2020-07-30 12:37:52'),
(228, 'Iwatsuki', 50, '2020-07-30 12:37:52'),
(229, 'Izumisano', 50, '2020-07-30 12:37:52'),
(230, 'Jaffna', 88, '2020-07-30 12:37:52'),
(231, 'Jaipur', 44, '2020-07-30 12:37:52'),
(232, 'Jakarta', 45, '2020-07-30 12:37:52'),
(233, 'Jalib al-Shuyukh', 53, '2020-07-30 12:37:52'),
(234, 'Jamalpur', 12, '2020-07-30 12:37:52'),
(235, 'Jaroslavl', 80, '2020-07-30 12:37:52'),
(236, 'Jastrzebie-Zdrj', 76, '2020-07-30 12:37:52'),
(237, 'Jedda', 82, '2020-07-30 12:37:52'),
(238, 'Jelets', 80, '2020-07-30 12:37:52'),
(239, 'Jhansi', 44, '2020-07-30 12:37:52'),
(240, 'Jinchang', 23, '2020-07-30 12:37:52'),
(241, 'Jining', 23, '2020-07-30 12:37:52'),
(242, 'Jinzhou', 23, '2020-07-30 12:37:52'),
(243, 'Jodhpur', 44, '2020-07-30 12:37:52'),
(244, 'Johannesburg', 85, '2020-07-30 12:37:52'),
(245, 'Joliet', 103, '2020-07-30 12:37:52'),
(246, 'Jos Azueta', 60, '2020-07-30 12:37:52'),
(247, 'Juazeiro do Norte', 15, '2020-07-30 12:37:52'),
(248, 'Juiz de Fora', 15, '2020-07-30 12:37:52'),
(249, 'Junan', 23, '2020-07-30 12:37:52'),
(250, 'Jurez', 60, '2020-07-30 12:37:52'),
(251, 'Kabul', 1, '2020-07-30 12:37:52'),
(252, 'Kaduna', 69, '2020-07-30 12:37:52'),
(253, 'Kakamigahara', 50, '2020-07-30 12:37:52'),
(254, 'Kaliningrad', 80, '2020-07-30 12:37:52'),
(255, 'Kalisz', 76, '2020-07-30 12:37:52'),
(256, 'Kamakura', 50, '2020-07-30 12:37:52'),
(257, 'Kamarhati', 44, '2020-07-30 12:37:52'),
(258, 'Kamjanets-Podilskyi', 100, '2020-07-30 12:37:52'),
(259, 'Kamyin', 80, '2020-07-30 12:37:52'),
(260, 'Kanazawa', 50, '2020-07-30 12:37:52'),
(261, 'Kanchrapara', 44, '2020-07-30 12:37:52'),
(262, 'Kansas City', 103, '2020-07-30 12:37:52'),
(263, 'Karnal', 44, '2020-07-30 12:37:52'),
(264, 'Katihar', 44, '2020-07-30 12:37:52'),
(265, 'Kermanshah', 46, '2020-07-30 12:37:52'),
(266, 'Kilis', 97, '2020-07-30 12:37:52'),
(267, 'Kimberley', 85, '2020-07-30 12:37:52'),
(268, 'Kimchon', 86, '2020-07-30 12:37:52'),
(269, 'Kingstown', 81, '2020-07-30 12:37:52'),
(270, 'Kirovo-Tepetsk', 80, '2020-07-30 12:37:52'),
(271, 'Kisumu', 52, '2020-07-30 12:37:52'),
(272, 'Kitwe', 109, '2020-07-30 12:37:52'),
(273, 'Klerksdorp', 85, '2020-07-30 12:37:52'),
(274, 'Kolpino', 80, '2020-07-30 12:37:52'),
(275, 'Konotop', 100, '2020-07-30 12:37:52'),
(276, 'Koriyama', 50, '2020-07-30 12:37:52'),
(277, 'Korla', 23, '2020-07-30 12:37:52'),
(278, 'Korolev', 80, '2020-07-30 12:37:52'),
(279, 'Kowloon and New Kowloon', 42, '2020-07-30 12:37:52'),
(280, 'Kragujevac', 108, '2020-07-30 12:37:52'),
(281, 'Ktahya', 97, '2020-07-30 12:37:52'),
(282, 'Kuching', 59, '2020-07-30 12:37:52'),
(283, 'Kumbakonam', 44, '2020-07-30 12:37:52'),
(284, 'Kurashiki', 50, '2020-07-30 12:37:52'),
(285, 'Kurgan', 80, '2020-07-30 12:37:52'),
(286, 'Kursk', 80, '2020-07-30 12:37:52'),
(287, 'Kuwana', 50, '2020-07-30 12:37:52'),
(288, 'La Paz', 60, '2020-07-30 12:37:52'),
(289, 'La Plata', 6, '2020-07-30 12:37:52'),
(290, 'La Romana', 27, '2020-07-30 12:37:52'),
(291, 'Laiwu', 23, '2020-07-30 12:37:52'),
(292, 'Lancaster', 103, '2020-07-30 12:37:52'),
(293, 'Laohekou', 23, '2020-07-30 12:37:52'),
(294, 'Lapu-Lapu', 75, '2020-07-30 12:37:52'),
(295, 'Laredo', 103, '2020-07-30 12:37:52'),
(296, 'Lausanne', 91, '2020-07-30 12:37:52'),
(297, 'Le Mans', 34, '2020-07-30 12:37:52'),
(298, 'Lengshuijiang', 23, '2020-07-30 12:37:52'),
(299, 'Leshan', 23, '2020-07-30 12:37:52'),
(300, 'Lethbridge', 20, '2020-07-30 12:37:52'),
(301, 'Lhokseumawe', 45, '2020-07-30 12:37:52'),
(302, 'Liaocheng', 23, '2020-07-30 12:37:52'),
(303, 'Liepaja', 54, '2020-07-30 12:37:52'),
(304, 'Lilongwe', 58, '2020-07-30 12:37:52'),
(305, 'Lima', 74, '2020-07-30 12:37:52'),
(306, 'Lincoln', 103, '2020-07-30 12:37:52'),
(307, 'Linz', 9, '2020-07-30 12:37:52'),
(308, 'Lipetsk', 80, '2020-07-30 12:37:52'),
(309, 'Livorno', 49, '2020-07-30 12:37:52'),
(310, 'Ljubertsy', 80, '2020-07-30 12:37:52'),
(311, 'Loja', 28, '2020-07-30 12:37:52'),
(312, 'London', 102, '2020-07-30 12:37:52'),
(313, 'London', 20, '2020-07-30 12:37:52'),
(314, 'Lublin', 76, '2020-07-30 12:37:52'),
(315, 'Lubumbashi', 25, '2020-07-30 12:37:52'),
(316, 'Lungtan', 92, '2020-07-30 12:37:52'),
(317, 'Luzinia', 15, '2020-07-30 12:37:52'),
(318, 'Madiun', 45, '2020-07-30 12:37:52'),
(319, 'Mahajanga', 57, '2020-07-30 12:37:52'),
(320, 'Maikop', 80, '2020-07-30 12:37:52'),
(321, 'Malm', 90, '2020-07-30 12:37:52'),
(322, 'Manchester', 103, '2020-07-30 12:37:52'),
(323, 'Mandaluyong', 75, '2020-07-30 12:37:52'),
(324, 'Mandi Bahauddin', 72, '2020-07-30 12:37:52'),
(325, 'Mannheim', 38, '2020-07-30 12:37:52'),
(326, 'Maracabo', 104, '2020-07-30 12:37:52'),
(327, 'Mardan', 72, '2020-07-30 12:37:52'),
(328, 'Maring', 15, '2020-07-30 12:37:52'),
(329, 'Masqat', 71, '2020-07-30 12:37:52'),
(330, 'Matamoros', 60, '2020-07-30 12:37:52'),
(331, 'Matsue', 50, '2020-07-30 12:37:52'),
(332, 'Meixian', 23, '2020-07-30 12:37:52'),
(333, 'Memphis', 103, '2020-07-30 12:37:52'),
(334, 'Merlo', 6, '2020-07-30 12:37:52'),
(335, 'Mexicali', 60, '2020-07-30 12:37:52'),
(336, 'Miraj', 44, '2020-07-30 12:37:52'),
(337, 'Mit Ghamr', 29, '2020-07-30 12:37:52'),
(338, 'Miyakonojo', 50, '2020-07-30 12:37:52'),
(339, 'Mogiljov', 13, '2020-07-30 12:37:52'),
(340, 'Molodetno', 13, '2020-07-30 12:37:52'),
(341, 'Monclova', 60, '2020-07-30 12:37:52'),
(342, 'Monywa', 64, '2020-07-30 12:37:52'),
(343, 'Moscow', 80, '2020-07-30 12:37:52'),
(344, 'Mosul', 47, '2020-07-30 12:37:52'),
(345, 'Mukateve', 100, '2020-07-30 12:37:52'),
(346, 'Munger (Monghyr)', 44, '2020-07-30 12:37:52'),
(347, 'Mwanza', 93, '2020-07-30 12:37:52'),
(348, 'Mwene-Ditu', 25, '2020-07-30 12:37:52'),
(349, 'Myingyan', 64, '2020-07-30 12:37:52'),
(350, 'Mysore', 44, '2020-07-30 12:37:52'),
(351, 'Naala-Porto', 63, '2020-07-30 12:37:52'),
(352, 'Nabereznyje Telny', 80, '2020-07-30 12:37:52'),
(353, 'Nador', 62, '2020-07-30 12:37:52'),
(354, 'Nagaon', 44, '2020-07-30 12:37:52'),
(355, 'Nagareyama', 50, '2020-07-30 12:37:52'),
(356, 'Najafabad', 46, '2020-07-30 12:37:52'),
(357, 'Naju', 86, '2020-07-30 12:37:52'),
(358, 'Nakhon Sawan', 94, '2020-07-30 12:37:52'),
(359, 'Nam Dinh', 105, '2020-07-30 12:37:52'),
(360, 'Namibe', 4, '2020-07-30 12:37:52'),
(361, 'Nantou', 92, '2020-07-30 12:37:52'),
(362, 'Nanyang', 23, '2020-07-30 12:37:52'),
(363, 'NDjamna', 21, '2020-07-30 12:37:52'),
(364, 'Newcastle', 85, '2020-07-30 12:37:52'),
(365, 'Nezahualcyotl', 60, '2020-07-30 12:37:52'),
(366, 'Nha Trang', 105, '2020-07-30 12:37:52'),
(367, 'Niznekamsk', 80, '2020-07-30 12:37:52'),
(368, 'Novi Sad', 108, '2020-07-30 12:37:52'),
(369, 'Novoterkassk', 80, '2020-07-30 12:37:52'),
(370, 'Nukualofa', 95, '2020-07-30 12:37:52'),
(371, 'Nuuk', 40, '2020-07-30 12:37:52'),
(372, 'Nyeri', 52, '2020-07-30 12:37:52'),
(373, 'Ocumare del Tuy', 104, '2020-07-30 12:37:52'),
(374, 'Ogbomosho', 69, '2020-07-30 12:37:52'),
(375, 'Okara', 72, '2020-07-30 12:37:52'),
(376, 'Okayama', 50, '2020-07-30 12:37:52'),
(377, 'Okinawa', 50, '2020-07-30 12:37:52'),
(378, 'Olomouc', 26, '2020-07-30 12:37:52'),
(379, 'Omdurman', 89, '2020-07-30 12:37:52'),
(380, 'Omiya', 50, '2020-07-30 12:37:52'),
(381, 'Ondo', 69, '2020-07-30 12:37:52'),
(382, 'Onomichi', 50, '2020-07-30 12:37:52'),
(383, 'Oshawa', 20, '2020-07-30 12:37:52'),
(384, 'Osmaniye', 97, '2020-07-30 12:37:52'),
(385, 'ostka', 100, '2020-07-30 12:37:52'),
(386, 'Otsu', 50, '2020-07-30 12:37:52'),
(387, 'Oulu', 33, '2020-07-30 12:37:52'),
(388, 'Ourense (Orense)', 87, '2020-07-30 12:37:52'),
(389, 'Owo', 69, '2020-07-30 12:37:52'),
(390, 'Oyo', 69, '2020-07-30 12:37:52'),
(391, 'Ozamis', 75, '2020-07-30 12:37:52'),
(392, 'Paarl', 85, '2020-07-30 12:37:52'),
(393, 'Pachuca de Soto', 60, '2020-07-30 12:37:52'),
(394, 'Pak Kret', 94, '2020-07-30 12:37:52'),
(395, 'Palghat (Palakkad)', 44, '2020-07-30 12:37:52'),
(396, 'Pangkal Pinang', 45, '2020-07-30 12:37:52'),
(397, 'Papeete', 36, '2020-07-30 12:37:52'),
(398, 'Parbhani', 44, '2020-07-30 12:37:52'),
(399, 'Pathankot', 44, '2020-07-30 12:37:52'),
(400, 'Patiala', 44, '2020-07-30 12:37:52'),
(401, 'Patras', 39, '2020-07-30 12:37:52'),
(402, 'Pavlodar', 51, '2020-07-30 12:37:52'),
(403, 'Pemalang', 45, '2020-07-30 12:37:52'),
(404, 'Peoria', 103, '2020-07-30 12:37:52'),
(405, 'Pereira', 24, '2020-07-30 12:37:52'),
(406, 'Phnom Penh', 18, '2020-07-30 12:37:52'),
(407, 'Pingxiang', 23, '2020-07-30 12:37:52'),
(408, 'Pjatigorsk', 80, '2020-07-30 12:37:52'),
(409, 'Plock', 76, '2020-07-30 12:37:52'),
(410, 'Po', 15, '2020-07-30 12:37:52'),
(411, 'Ponce', 77, '2020-07-30 12:37:52'),
(412, 'Pontianak', 45, '2020-07-30 12:37:52'),
(413, 'Poos de Caldas', 15, '2020-07-30 12:37:52'),
(414, 'Portoviejo', 28, '2020-07-30 12:37:52'),
(415, 'Probolinggo', 45, '2020-07-30 12:37:52'),
(416, 'Pudukkottai', 44, '2020-07-30 12:37:52'),
(417, 'Pune', 44, '2020-07-30 12:37:52'),
(418, 'Purnea (Purnia)', 44, '2020-07-30 12:37:52'),
(419, 'Purwakarta', 45, '2020-07-30 12:37:52'),
(420, 'Pyongyang', 70, '2020-07-30 12:37:52'),
(421, 'Qalyub', 29, '2020-07-30 12:37:52'),
(422, 'Qinhuangdao', 23, '2020-07-30 12:37:52'),
(423, 'Qomsheh', 46, '2020-07-30 12:37:52'),
(424, 'Quilmes', 6, '2020-07-30 12:37:52'),
(425, 'Rae Bareli', 44, '2020-07-30 12:37:52'),
(426, 'Rajkot', 44, '2020-07-30 12:37:52'),
(427, 'Rampur', 44, '2020-07-30 12:37:52'),
(428, 'Rancagua', 22, '2020-07-30 12:37:52'),
(429, 'Ranchi', 44, '2020-07-30 12:37:52'),
(430, 'Richmond Hill', 20, '2020-07-30 12:37:52'),
(431, 'Rio Claro', 15, '2020-07-30 12:37:52'),
(432, 'Rizhao', 23, '2020-07-30 12:37:52'),
(433, 'Roanoke', 103, '2020-07-30 12:37:52'),
(434, 'Robamba', 28, '2020-07-30 12:37:52'),
(435, 'Rockford', 103, '2020-07-30 12:37:52'),
(436, 'Ruse', 17, '2020-07-30 12:37:52'),
(437, 'Rustenburg', 85, '2020-07-30 12:37:52'),
(438, 's-Hertogenbosch', 67, '2020-07-30 12:37:52'),
(439, 'Saarbrcken', 38, '2020-07-30 12:37:52'),
(440, 'Sagamihara', 50, '2020-07-30 12:37:52'),
(441, 'Saint Louis', 103, '2020-07-30 12:37:52'),
(442, 'Saint-Denis', 79, '2020-07-30 12:37:52'),
(443, 'Sal', 62, '2020-07-30 12:37:52'),
(444, 'Salala', 71, '2020-07-30 12:37:52'),
(445, 'Salamanca', 60, '2020-07-30 12:37:52'),
(446, 'Salinas', 103, '2020-07-30 12:37:52'),
(447, 'Salzburg', 9, '2020-07-30 12:37:52'),
(448, 'Sambhal', 44, '2020-07-30 12:37:52'),
(449, 'San Bernardino', 103, '2020-07-30 12:37:52'),
(450, 'San Felipe de Puerto Plata', 27, '2020-07-30 12:37:52'),
(451, 'San Felipe del Progreso', 60, '2020-07-30 12:37:52'),
(452, 'San Juan Bautista Tuxtepec', 60, '2020-07-30 12:37:52'),
(453, 'San Lorenzo', 73, '2020-07-30 12:37:52'),
(454, 'San Miguel de Tucumn', 6, '2020-07-30 12:37:52'),
(455, 'Sanaa', 107, '2020-07-30 12:37:52'),
(456, 'Santa Brbara dOeste', 15, '2020-07-30 12:37:52'),
(457, 'Santa F', 6, '2020-07-30 12:37:52'),
(458, 'Santa Rosa', 75, '2020-07-30 12:37:52'),
(459, 'Santiago de Compostela', 87, '2020-07-30 12:37:52'),
(460, 'Santiago de los Caballeros', 27, '2020-07-30 12:37:52'),
(461, 'Santo Andr', 15, '2020-07-30 12:37:52'),
(462, 'Sanya', 23, '2020-07-30 12:37:52'),
(463, 'Sasebo', 50, '2020-07-30 12:37:52'),
(464, 'Satna', 44, '2020-07-30 12:37:52'),
(465, 'Sawhaj', 29, '2020-07-30 12:37:52'),
(466, 'Serpuhov', 80, '2020-07-30 12:37:52'),
(467, 'Shahr-e Kord', 46, '2020-07-30 12:37:52'),
(468, 'Shanwei', 23, '2020-07-30 12:37:52'),
(469, 'Shaoguan', 23, '2020-07-30 12:37:52'),
(470, 'Sharja', 101, '2020-07-30 12:37:52'),
(471, 'Shenzhen', 23, '2020-07-30 12:37:52'),
(472, 'Shikarpur', 72, '2020-07-30 12:37:52'),
(473, 'Shimoga', 44, '2020-07-30 12:37:52'),
(474, 'Shimonoseki', 50, '2020-07-30 12:37:52'),
(475, 'Shivapuri', 44, '2020-07-30 12:37:52'),
(476, 'Shubra al-Khayma', 29, '2020-07-30 12:37:52'),
(477, 'Siegen', 38, '2020-07-30 12:37:52'),
(478, 'Siliguri (Shiliguri)', 44, '2020-07-30 12:37:52'),
(479, 'Simferopol', 100, '2020-07-30 12:37:52'),
(480, 'Sincelejo', 24, '2020-07-30 12:37:52'),
(481, 'Sirjan', 46, '2020-07-30 12:37:52'),
(482, 'Sivas', 97, '2020-07-30 12:37:52'),
(483, 'Skikda', 2, '2020-07-30 12:37:52'),
(484, 'Smolensk', 80, '2020-07-30 12:37:52'),
(485, 'So Bernardo do Campo', 15, '2020-07-30 12:37:52'),
(486, 'So Leopoldo', 15, '2020-07-30 12:37:52'),
(487, 'Sogamoso', 24, '2020-07-30 12:37:52'),
(488, 'Sokoto', 69, '2020-07-30 12:37:52'),
(489, 'Songkhla', 94, '2020-07-30 12:37:52'),
(490, 'Sorocaba', 15, '2020-07-30 12:37:52'),
(491, 'Soshanguve', 85, '2020-07-30 12:37:52'),
(492, 'Sousse', 96, '2020-07-30 12:37:52'),
(493, 'South Hill', 5, '2020-07-30 12:37:52'),
(494, 'Southampton', 102, '2020-07-30 12:37:52'),
(495, 'Southend-on-Sea', 102, '2020-07-30 12:37:52'),
(496, 'Southport', 102, '2020-07-30 12:37:52'),
(497, 'Springs', 85, '2020-07-30 12:37:52'),
(498, 'Stara Zagora', 17, '2020-07-30 12:37:52'),
(499, 'Sterling Heights', 103, '2020-07-30 12:37:52'),
(500, 'Stockport', 102, '2020-07-30 12:37:52'),
(501, 'Sucre', 14, '2020-07-30 12:37:52'),
(502, 'Suihua', 23, '2020-07-30 12:37:52'),
(503, 'Sullana', 74, '2020-07-30 12:37:52'),
(504, 'Sultanbeyli', 97, '2020-07-30 12:37:52'),
(505, 'Sumqayit', 10, '2020-07-30 12:37:52'),
(506, 'Sumy', 100, '2020-07-30 12:37:52'),
(507, 'Sungai Petani', 59, '2020-07-30 12:37:52'),
(508, 'Sunnyvale', 103, '2020-07-30 12:37:52'),
(509, 'Surakarta', 45, '2020-07-30 12:37:52'),
(510, 'Syktyvkar', 80, '2020-07-30 12:37:52'),
(511, 'Syrakusa', 49, '2020-07-30 12:37:52'),
(512, 'Szkesfehrvr', 43, '2020-07-30 12:37:52'),
(513, 'Tabora', 93, '2020-07-30 12:37:52'),
(514, 'Tabriz', 46, '2020-07-30 12:37:52'),
(515, 'Tabuk', 82, '2020-07-30 12:37:52'),
(516, 'Tafuna', 3, '2020-07-30 12:37:52'),
(517, 'Taguig', 75, '2020-07-30 12:37:52'),
(518, 'Taizz', 107, '2020-07-30 12:37:52'),
(519, 'Talavera', 75, '2020-07-30 12:37:52'),
(520, 'Tallahassee', 103, '2020-07-30 12:37:52'),
(521, 'Tama', 50, '2020-07-30 12:37:52'),
(522, 'Tambaram', 44, '2020-07-30 12:37:52'),
(523, 'Tanauan', 75, '2020-07-30 12:37:52'),
(524, 'Tandil', 6, '2020-07-30 12:37:52'),
(525, 'Tangail', 12, '2020-07-30 12:37:52'),
(526, 'Tanshui', 92, '2020-07-30 12:37:52'),
(527, 'Tanza', 75, '2020-07-30 12:37:52'),
(528, 'Tarlac', 75, '2020-07-30 12:37:52'),
(529, 'Tarsus', 97, '2020-07-30 12:37:52'),
(530, 'Tartu', 30, '2020-07-30 12:37:52'),
(531, 'Teboksary', 80, '2020-07-30 12:37:52'),
(532, 'Tegal', 45, '2020-07-30 12:37:52'),
(533, 'Tel Aviv-Jaffa', 48, '2020-07-30 12:37:52'),
(534, 'Tete', 63, '2020-07-30 12:37:52'),
(535, 'Tianjin', 23, '2020-07-30 12:37:52'),
(536, 'Tiefa', 23, '2020-07-30 12:37:52'),
(537, 'Tieli', 23, '2020-07-30 12:37:52'),
(538, 'Tokat', 97, '2020-07-30 12:37:52'),
(539, 'Tonghae', 86, '2020-07-30 12:37:52'),
(540, 'Tongliao', 23, '2020-07-30 12:37:52'),
(541, 'Torren', 60, '2020-07-30 12:37:52'),
(542, 'Touliu', 92, '2020-07-30 12:37:52'),
(543, 'Toulon', 34, '2020-07-30 12:37:52'),
(544, 'Toulouse', 34, '2020-07-30 12:37:52'),
(545, 'Trshavn', 32, '2020-07-30 12:37:52'),
(546, 'Tsaotun', 92, '2020-07-30 12:37:52'),
(547, 'Tsuyama', 50, '2020-07-30 12:37:52'),
(548, 'Tuguegarao', 75, '2020-07-30 12:37:52'),
(549, 'Tychy', 76, '2020-07-30 12:37:52'),
(550, 'Udaipur', 44, '2020-07-30 12:37:52'),
(551, 'Udine', 49, '2020-07-30 12:37:52'),
(552, 'Ueda', 50, '2020-07-30 12:37:52'),
(553, 'Uijongbu', 86, '2020-07-30 12:37:52'),
(554, 'Uluberia', 44, '2020-07-30 12:37:52'),
(555, 'Urawa', 50, '2020-07-30 12:37:52'),
(556, 'Uruapan', 60, '2020-07-30 12:37:52'),
(557, 'Usak', 97, '2020-07-30 12:37:52'),
(558, 'Usolje-Sibirskoje', 80, '2020-07-30 12:37:52'),
(559, 'Uttarpara-Kotrung', 44, '2020-07-30 12:37:52'),
(560, 'Vaduz', 55, '2020-07-30 12:37:52'),
(561, 'Valencia', 104, '2020-07-30 12:37:52'),
(562, 'Valle de la Pascua', 104, '2020-07-30 12:37:52'),
(563, 'Valle de Santiago', 60, '2020-07-30 12:37:52'),
(564, 'Valparai', 44, '2020-07-30 12:37:52'),
(565, 'Vancouver', 20, '2020-07-30 12:37:52'),
(566, 'Varanasi (Benares)', 44, '2020-07-30 12:37:52'),
(567, 'Vicente Lpez', 6, '2020-07-30 12:37:52'),
(568, 'Vijayawada', 44, '2020-07-30 12:37:52'),
(569, 'Vila Velha', 15, '2020-07-30 12:37:52'),
(570, 'Vilnius', 56, '2020-07-30 12:37:52'),
(571, 'Vinh', 105, '2020-07-30 12:37:52'),
(572, 'Vitria de Santo Anto', 15, '2020-07-30 12:37:52'),
(573, 'Warren', 103, '2020-07-30 12:37:52'),
(574, 'Weifang', 23, '2020-07-30 12:37:52'),
(575, 'Witten', 38, '2020-07-30 12:37:52'),
(576, 'Woodridge', 8, '2020-07-30 12:37:52'),
(577, 'Wroclaw', 76, '2020-07-30 12:37:52'),
(578, 'Xiangfan', 23, '2020-07-30 12:37:52'),
(579, 'Xiangtan', 23, '2020-07-30 12:37:52'),
(580, 'Xintai', 23, '2020-07-30 12:37:52'),
(581, 'Xinxiang', 23, '2020-07-30 12:37:52'),
(582, 'Yamuna Nagar', 44, '2020-07-30 12:37:52'),
(583, 'Yangor', 65, '2020-07-30 12:37:52'),
(584, 'Yantai', 23, '2020-07-30 12:37:52'),
(585, 'Yaound', 19, '2020-07-30 12:37:52'),
(586, 'Yerevan', 7, '2020-07-30 12:37:52'),
(587, 'Yinchuan', 23, '2020-07-30 12:37:52'),
(588, 'Yingkou', 23, '2020-07-30 12:37:52'),
(589, 'York', 102, '2020-07-30 12:37:52'),
(590, 'Yuncheng', 23, '2020-07-30 12:37:52'),
(591, 'Yuzhou', 23, '2020-07-30 12:37:52'),
(592, 'Zalantun', 23, '2020-07-30 12:37:52'),
(593, 'Zanzibar', 93, '2020-07-30 12:37:52'),
(594, 'Zaoyang', 23, '2020-07-30 12:37:52'),
(595, 'Zapopan', 60, '2020-07-30 12:37:52'),
(596, 'Zaria', 69, '2020-07-30 12:37:52'),
(597, 'Zeleznogorsk', 80, '2020-07-30 12:37:52'),
(598, 'Zhezqazghan', 51, '2020-07-30 12:37:52'),
(599, 'Zhoushan', 23, '2020-07-30 12:37:52'),
(600, 'Ziguinchor', 83, '2020-07-30 12:37:52');

-- --------------------------------------------------------

--
-- Table structure for table `country`
--

CREATE TABLE `country` (
  `country_id` smallint(5) UNSIGNED NOT NULL,
  `country` varchar(50) NOT NULL,
  `last_update` timestamp NOT NULL DEFAULT CURRENT_TIMESTAMP ON UPDATE CURRENT_TIMESTAMP
) ENGINE=InnoDB DEFAULT CHARSET=utf8mb4;

--
-- Dumping data for table `country`
--

INSERT INTO `country` (`country_id`, `country`, `last_update`) VALUES
(1, 'Afghanistan', '2020-07-30 12:37:53'),
(2, 'Algeria', '2020-07-30 12:37:53'),
(3, 'American Samoa', '2020-07-30 12:37:53'),
(4, 'Angola', '2020-07-30 12:37:53'),
(5, 'Anguilla', '2020-07-30 12:37:53'),
(6, 'Argentina', '2020-07-30 12:37:53'),
(7, 'Armenia', '2020-07-30 12:37:53'),
(8, 'Australia', '2020-07-30 12:37:53'),
(9, 'Austria', '2020-07-30 12:37:53'),
(10, 'Azerbaijan', '2020-07-30 12:37:53'),
(11, 'Bahrain', '2020-07-30 12:37:53'),
(12, 'Bangladesh', '2020-07-30 12:37:53'),
(13, 'Belarus', '2020-07-30 12:37:53'),
(14, 'Bolivia', '2020-07-30 12:37:53'),
(15, 'Brazil', '2020-07-30 12:37:53'),
(16, 'Brunei', '2020-07-30 12:37:53'),
(17, 'Bulgaria', '2020-07-30 12:37:53'),
(18, 'Cambodia', '2020-07-30 12:37:53'),
(19, 'Cameroon', '2020-07-30 12:37:53'),
(20, 'Canada', '2020-07-30 12:37:53'),
(21, 'Chad', '2020-07-30 12:37:53'),
(22, 'Chile', '2020-07-30 12:37:53'),
(23, 'China', '2020-07-30 12:37:53'),
(24, 'Colombia', '2020-07-30 12:37:53'),
(25, 'Congo, The Democratic Republic of the', '2020-07-30 12:37:53'),
(26, 'Czech Republic', '2020-07-30 12:37:53'),
(27, 'Dominican Republic', '2020-07-30 12:37:53'),
(28, 'Ecuador', '2020-07-30 12:37:53'),
(29, 'Egypt', '2020-07-30 12:37:53'),
(30, 'Estonia', '2020-07-30 12:37:53'),
(31, 'Ethiopia', '2020-07-30 12:37:53'),
(32, 'Faroe Islands', '2020-07-30 12:37:53'),
(33, 'Finland', '2020-07-30 12:37:53'),
(34, 'France', '2020-07-30 12:37:53'),
(35, 'French Guiana', '2020-07-30 12:37:53'),
(36, 'French Polynesia', '2020-07-30 12:37:53'),
(37, 'Gambia', '2020-07-30 12:37:53'),
(38, 'Germany', '2020-07-30 12:37:53'),
(39, 'Greece', '2020-07-30 12:37:53'),
(40, 'Greenland', '2020-07-30 12:37:53'),
(41, 'Holy See (Vatican City State)', '2020-07-30 12:37:53'),
(42, 'Hong Kong', '2020-07-30 12:37:53'),
(43, 'Hungary', '2020-07-30 12:37:53'),
(44, 'India', '2020-07-30 12:37:53'),
(45, 'Indonesia', '2020-07-30 12:37:53'),
(46, 'Iran', '2020-07-30 12:37:53'),
(47, 'Iraq', '2020-07-30 12:37:53'),
(48, 'Israel', '2020-07-30 12:37:53'),
(49, 'Italy', '2020-07-30 12:37:53'),
(50, 'Japan', '2020-07-30 12:37:53'),
(51, 'Kazakstan', '2020-07-30 12:37:53'),
(52, 'Kenya', '2020-07-30 12:37:53'),
(53, 'Kuwait', '2020-07-30 12:37:53'),
(54, 'Latvia', '2020-07-30 12:37:53'),
(55, 'Liechtenstein', '2020-07-30 12:37:53'),
(56, 'Lithuania', '2020-07-30 12:37:53'),
(57, 'Madagascar', '2020-07-30 12:37:53'),
(58, 'Malawi', '2020-07-30 12:37:53'),
(59, 'Malaysia', '2020-07-30 12:37:53'),
(60, 'Mexico', '2020-07-30 12:37:53'),
(61, 'Moldova', '2020-07-30 12:37:53'),
(62, 'Morocco', '2020-07-30 12:37:53'),
(63, 'Mozambique', '2020-07-30 12:37:53'),
(64, 'Myanmar', '2020-07-30 12:37:53'),
(65, 'Nauru', '2020-07-30 12:37:53'),
(66, 'Nepal', '2020-07-30 12:37:53'),
(67, 'Netherlands', '2020-07-30 12:37:53'),
(68, 'New Zealand', '2020-07-30 12:37:53'),
(69, 'Nigeria', '2020-07-30 12:37:53'),
(70, 'North Korea', '2020-07-30 12:37:53'),
(71, 'Oman', '2020-07-30 12:37:53'),
(72, 'Pakistan', '2020-07-30 12:37:53'),
(73, 'Paraguay', '2020-07-30 12:37:53'),
(74, 'Peru', '2020-07-30 12:37:53'),
(75, 'Philippines', '2020-07-30 12:37:53'),
(76, 'Poland', '2020-07-30 12:37:53'),
(77, 'Puerto Rico', '2020-07-30 12:37:53'),
(78, 'Romania', '2020-07-30 12:37:53'),
(79, 'Runion', '2020-07-30 12:37:53'),
(80, 'Russian Federation', '2020-07-30 12:37:53'),
(81, 'Saint Vincent and the Grenadines', '2020-07-30 12:37:53'),
(82, 'Saudi Arabia', '2020-07-30 12:37:53'),
(83, 'Senegal', '2020-07-30 12:37:53'),
(84, 'Slovakia', '2020-07-30 12:37:53'),
(85, 'South Africa', '2020-07-30 12:37:53'),
(86, 'South Korea', '2020-07-30 12:37:53'),
(87, 'Spain', '2020-07-30 12:37:53'),
(88, 'Sri Lanka', '2020-07-30 12:37:53'),
(89, 'Sudan', '2020-07-30 12:37:53'),
(90, 'Sweden', '2020-07-30 12:37:53'),
(91, 'Switzerland', '2020-07-30 12:37:53'),
(92, 'Taiwan', '2020-07-30 12:37:53'),
(93, 'Tanzania', '2020-07-30 12:37:53'),
(94, 'Thailand', '2020-07-30 12:37:53'),
(95, 'Tonga', '2020-07-30 12:37:53'),
(96, 'Tunisia', '2020-07-30 12:37:53'),
(97, 'Turkey', '2020-07-30 12:37:53'),
(98, 'Turkmenistan', '2020-07-30 12:37:53'),
(99, 'Tuvalu', '2020-07-30 12:37:53'),
(100, 'Ukraine', '2020-07-30 12:37:53'),
(101, 'United Arab Emirates', '2020-07-30 12:37:53'),
(102, 'United Kingdom', '2020-07-30 12:37:53'),
(103, 'United States', '2020-07-30 12:37:53'),
(104, 'Venezuela', '2020-07-30 12:37:53'),
(105, 'Vietnam', '2020-07-30 12:37:53'),
(106, 'Virgin Islands, U.S.', '2020-07-30 12:37:53'),
(107, 'Yemen', '2020-07-30 12:37:53'),
(108, 'Yugoslavia', '2020-07-30 12:37:53'),
(109, 'Zambia', '2020-07-30 12:37:53');

-- --------------------------------------------------------

--
-- Table structure for table `film`
--

CREATE TABLE `film` (
  `film_id` smallint(5) UNSIGNED NOT NULL,
  `title` varchar(128) NOT NULL,
  `description` text,
  `release_year` year(4) DEFAULT NULL,
  `language_id` tinyint(3) UNSIGNED NOT NULL,
  `original_language_id` tinyint(3) UNSIGNED DEFAULT NULL,
  `rental_duration` tinyint(3) UNSIGNED NOT NULL DEFAULT '3',
  `rental_rate` decimal(4,2) NOT NULL DEFAULT '4.99',
  `length` smallint(5) UNSIGNED DEFAULT NULL,
  `replacement_cost` decimal(5,2) NOT NULL DEFAULT '19.99',
  `rating` enum('G','PG','PG-13','R','NC-17') DEFAULT 'G',
  `special_features` set('Trailers','Commentaries','Deleted Scenes','Behind the Scenes') DEFAULT NULL,
  `last_update` timestamp NOT NULL DEFAULT CURRENT_TIMESTAMP ON UPDATE CURRENT_TIMESTAMP
) ENGINE=InnoDB DEFAULT CHARSET=utf8mb4;

--
-- Dumping data for table `film`
--

INSERT INTO `film` (`film_id`, `title`, `description`, `release_year`, `language_id`, `original_language_id`, `rental_duration`, `rental_rate`, `length`, `replacement_cost`, `rating`, `special_features`, `last_update`) VALUES
(1, 'ACADEMY DINOSAUR', 'A Epic Drama of a Feminist And a Mad Scientist who must Battle a Teacher in The Canadian Rockies', 2019, 1, NULL, 6, '0.99', 86, '20.99', 'PG', 'Deleted Scenes,Behind the Scenes', '2020-07-30 12:37:53'),
(2, 'ACE GOLDFINGER', 'A Astounding Epistle of a Database Administrator And a Explorer who must Find a Car in Ancient China', 2018, 1, NULL, 3, '4.99', 48, '12.99', 'G', 'Trailers,Deleted Scenes', '2020-07-30 12:37:53'),
(3, 'ADAPTATION HOLES', 'A Astounding Reflection of a Lumberjack And a Car who must Sink a Lumberjack in A Baloon Factory', 2017, 1, NULL, 7, '2.99', 50, '18.99', 'NC-17', 'Trailers,Deleted Scenes', '2020-07-30 12:37:53'),
(4, 'AFFAIR PREJUDICE', 'A Fanciful Documentary of a Frisbee And a Lumberjack who must Chase a Monkey in A Shark Tank', 2016, 1, NULL, 5, '2.99', 117, '26.99', 'G', 'Commentaries,Behind the Scenes', '2020-07-30 12:37:53'),
(5, 'AFRICAN EGG', 'A Fast-Paced Documentary of a Pastry Chef And a Dentist who must Pursue a Forensic Psychologist in The Gulf of Mexico', 2019, 1, NULL, 6, '2.99', 130, '22.99', 'G', 'Deleted Scenes', '2020-07-30 12:37:53'),
(6, 'AGENT TRUMAN', 'A Intrepid Panorama of a Robot And a Boy who must Escape a Sumo Wrestler in Ancient China', 2015, 1, NULL, 3, '2.99', 169, '17.99', 'PG', 'Deleted Scenes', '2020-07-30 12:37:53'),
(7, 'AIRPLANE SIERRA', 'A Touching Saga of a Hunter And a Butler who must Discover a Butler in A Jet Boat', 2014, 1, NULL, 6, '4.99', 62, '28.99', 'PG-13', 'Trailers,Deleted Scenes', '2020-07-30 12:37:53'),
(8, 'AIRPORT POLLOCK', 'A Epic Tale of a Moose And a Girl who must Confront a Monkey in Ancient India', 2020, 1, NULL, 6, '4.99', 54, '15.99', 'R', 'Trailers', '2020-07-30 12:37:53'),
(9, 'ALABAMA DEVIL', 'A Thoughtful Panorama of a Database Administrator And a Mad Scientist who must Outgun a Mad Scientist in A Jet Boat', 2010, 1, NULL, 3, '2.99', 114, '21.99', 'PG-13', 'Trailers,Deleted Scenes', '2020-07-30 12:37:53'),
(10, 'ALADDIN CALENDAR', 'A Action-Packed Tale of a Man And a Lumberjack who must Reach a Feminist in Ancient China', 2012, 2, NULL, 6, '4.99', 63, '24.99', 'NC-17', 'Trailers,Deleted Scenes', '2020-07-30 12:37:53'),
(11, 'ALAMO VIDEOTAPE', 'A Boring Epistle of a Butler And a Cat who must Fight a Pastry Chef in A MySQL Convention', 2012, 2, NULL, 6, '0.99', 126, '16.99', 'G', 'Commentaries,Behind the Scenes', '2020-07-30 12:37:53'),
(12, 'ALASKA PHANTOM', 'A Fanciful Saga of a Hunter And a Pastry Chef who must Vanquish a Boy in Australia', 2012, 2, NULL, 6, '0.99', 136, '22.99', 'PG', 'Commentaries,Deleted Scenes', '2020-07-30 12:37:53'),
(13, 'ALI FOREVER', 'A Action-Packed Drama of a Dentist And a Crocodile who must Battle a Feminist in The Canadian Rockies', 2012, 2, NULL, 4, '4.99', 150, '21.99', 'PG', 'Deleted Scenes,Behind the Scenes', '2020-07-30 12:37:53'),
(14, 'ALICE FANTASIA', 'A Emotional Drama of a A Shark And a Database Administrator who must Vanquish a Pioneer in Soviet Georgia', 2016, 2, NULL, 6, '0.99', 94, '23.99', 'NC-17', 'Trailers,Deleted Scenes,Behind the Scenes', '2020-07-30 12:37:53'),
(15, 'ALIEN CENTER', 'A Brilliant Drama of a Cat And a Mad Scientist who must Battle a Feminist in A MySQL Convention', 2016, 2, NULL, 5, '2.99', 46, '10.99', 'NC-17', 'Trailers,Commentaries,Behind the Scenes', '2020-07-30 12:37:53'),
(16, 'ALLEY EVOLUTION', 'A Fast-Paced Drama of a Robot And a Composer who must Battle a Astronaut in New Orleans', 2016, 2, NULL, 6, '2.99', 180, '23.99', 'NC-17', 'Trailers,Commentaries', '2020-07-30 12:37:53'),
(17, 'ALONE TRIP', 'A Fast-Paced Character Study of a Composer And a Dog who must Outgun a Boat in An Abandoned Fun House', 2016, 2, NULL, 3, '0.99', 82, '14.99', 'R', 'Trailers,Behind the Scenes', '2020-07-30 12:37:53'),
(18, 'ALTER VICTORY', 'A Thoughtful Drama of a Composer And a Feminist who must Meet a Secret Agent in The Canadian Rockies', 2016, 2, NULL, 6, '0.99', 57, '27.99', 'PG-13', 'Trailers,Behind the Scenes', '2020-07-30 12:37:53'),
(19, 'AMADEUS HOLY', 'A Emotional Display of a Pioneer And a Technical Writer who must Battle a Man in A Baloon', 2016, 2, NULL, 6, '0.99', 113, '20.99', 'PG', 'Commentaries,Deleted Scenes,Behind the Scenes', '2020-07-30 12:37:53'),
(20, 'AMELIE HELLFIGHTERS', 'A Boring Drama of a Woman And a Squirrel who must Conquer a Student in A Baloon', 2016, 2, NULL, 4, '4.99', 79, '23.99', 'R', 'Commentaries,Deleted Scenes,Behind the Scenes', '2020-07-30 12:37:53'),
(21, 'AMERICAN CIRCUS', 'A Insightful Drama of a Girl And a Astronaut who must Face a Database Administrator in A Shark Tank', 2016, 2, NULL, 3, '4.99', 129, '17.99', 'R', 'Commentaries,Behind the Scenes', '2020-07-30 12:37:53'),
(22, 'AMISTAD MIDSUMMER', 'A Emotional Character Study of a Dentist And a Crocodile who must Meet a Sumo Wrestler in California', 2016, 2, NULL, 6, '2.99', 85, '10.99', 'G', 'Commentaries,Behind the Scenes', '2020-07-30 12:37:53'),
(23, 'ANACONDA CONFESSIONS', 'A Lacklusture Display of a Dentist And a Dentist who must Fight a Girl in Australia', 2016, 2, NULL, 3, '0.99', 92, '9.99', 'R', 'Trailers,Deleted Scenes', '2020-07-30 12:37:53'),
(24, 'ANALYZE HOOSIERS', 'A Thoughtful Display of a Explorer And a Pastry Chef who must Overcome a Feminist in The Sahara Desert', 2016, 2, NULL, 6, '2.99', 181, '19.99', 'R', 'Trailers,Behind the Scenes', '2020-07-30 12:37:53'),
(25, 'ANGELS LIFE', 'A Thoughtful Display of a Woman And a Astronaut who must Battle a Robot in Berlin', 2016, 2, NULL, 3, '2.99', 74, '15.99', 'G', 'Trailers', '2020-07-30 12:37:53'),
(26, 'ANNIE IDENTITY', 'A Amazing Panorama of a Pastry Chef And a Boat who must Escape a Woman in An Abandoned Amusement Park', 2008, 2, NULL, 3, '0.99', 86, '15.99', 'G', 'Commentaries,Deleted Scenes', '2020-07-30 12:37:53'),
(27, 'ANONYMOUS HUMAN', 'A Amazing Reflection of a Database Administrator And a Astronaut who must Outrace a Database Administrator in A Shark Tank', 2008, 2, NULL, 7, '0.99', 179, '12.99', 'NC-17', 'Deleted Scenes,Behind the Scenes', '2020-07-30 12:37:53'),
(28, 'ANTHEM LUKE', 'A Touching Panorama of a Waitress And a Woman who must Outrace a Dog in An Abandoned Amusement Park', 2008, 2, NULL, 5, '4.99', 91, '16.99', 'PG-13', 'Deleted Scenes,Behind the Scenes', '2020-07-30 12:37:53'),
(29, 'ANTITRUST TOMATOES', 'A Fateful Yarn of a Womanizer And a Feminist who must Succumb a Database Administrator in Ancient India', 2008, 2, NULL, 5, '2.99', 168, '11.99', 'NC-17', 'Trailers,Commentaries,Deleted Scenes', '2020-07-30 12:37:53'),
(30, 'ANYTHING SAVANNAH', 'A Epic Story of a Pastry Chef And a Woman who must Chase a Feminist in An Abandoned Fun House', 2008, 2, NULL, 4, '2.99', 82, '27.99', 'R', 'Trailers,Deleted Scenes,Behind the Scenes', '2020-07-30 12:37:53'),
(31, 'APACHE DIVINE', 'A Awe-Inspiring Reflection of a Pastry Chef And a Teacher who must Overcome a Sumo Wrestler in A U-Boat', 2008, 2, NULL, 5, '4.99', 92, '16.99', 'NC-17', 'Commentaries,Deleted Scenes,Behind the Scenes', '2020-07-30 12:37:53'),
(32, 'APOCALYPSE FLAMINGOS', 'A Astounding Story of a Dog And a Squirrel who must Defeat a Woman in An Abandoned Amusement Park', 2008, 2, NULL, 6, '4.99', 119, '11.99', 'R', 'Trailers,Commentaries', '2020-07-30 12:37:53'),
(33, 'APOLLO TEEN', 'A Action-Packed Reflection of a Crocodile And a Explorer who must Find a Sumo Wrestler in An Abandoned Mine Shaft', 2008, 2, NULL, 5, '2.99', 153, '15.99', 'PG-13', 'Trailers,Commentaries,Deleted Scenes,Behind the Scenes', '2020-07-30 12:37:53'),
(34, 'ARABIA DOGMA', 'A Touching Epistle of a Madman And a Mad Cow who must Defeat a Student in Nigeria', 2008, 2, NULL, 6, '0.99', 62, '29.99', 'NC-17', 'Commentaries,Deleted Scenes', '2020-07-30 12:37:53'),
(35, 'ARACHNOPHOBIA ROLLERCOASTER', 'A Action-Packed Reflection of a Pastry Chef And a Composer who must Discover a Mad Scientist in The First Manned Space Station', 2008, 2, NULL, 4, '2.99', 147, '24.99', 'PG-13', 'Trailers,Deleted Scenes,Behind the Scenes', '2020-07-30 12:37:53'),
(36, 'ARGONAUTS TOWN', 'A Emotional Epistle of a Forensic Psychologist And a Butler who must Challenge a Waitress in An Abandoned Mine Shaft', 2008, 2, NULL, 7, '0.99', 127, '12.99', 'PG-13', 'Trailers,Commentaries', '2020-07-30 12:37:53'),
(37, 'ARIZONA BANG', 'A Brilliant Panorama of a Mad Scientist And a Mad Cow who must Meet a Pioneer in A Monastery', 2017, 2, NULL, 3, '2.99', 121, '28.99', 'PG', 'Trailers,Deleted Scenes', '2020-07-30 12:37:53'),
(38, 'ARK RIDGEMONT', 'A Beautiful Yarn of a Pioneer And a Monkey who must Pursue a Explorer in The Sahara Desert', 2017, 2, NULL, 6, '0.99', 68, '25.99', 'NC-17', 'Trailers,Commentaries,Deleted Scenes,Behind the Scenes', '2020-07-30 12:37:53'),
(39, 'ARMAGEDDON LOST', 'A Fast-Paced Tale of a Boat And a Teacher who must Succumb a Composer in An Abandoned Mine Shaft', 2017, 2, NULL, 5, '0.99', 99, '10.99', 'G', 'Trailers', '2020-07-30 12:37:53'),
(40, 'ARMY FLINTSTONES', 'A Boring Saga of a Database Administrator And a Womanizer who must Battle a Waitress in Nigeria', 2017, 2, NULL, 4, '0.99', 148, '22.99', 'R', 'Trailers,Commentaries', '2020-07-30 12:37:53'),
(41, 'ARSENIC INDEPENDENCE', 'A Fanciful Documentary of a Mad Cow And a Womanizer who must Find a Dentist in Berlin', 2017, 2, NULL, 4, '0.99', 137, '17.99', 'PG', 'Trailers,Deleted Scenes,Behind the Scenes', '2020-07-30 12:37:53'),
(42, 'ARTIST COLDBLOODED', 'A Stunning Reflection of a Robot And a Moose who must Challenge a Woman in California', 2017, 2, NULL, 5, '2.99', 170, '10.99', 'NC-17', 'Trailers,Behind the Scenes', '2020-07-30 12:37:53'),
(43, 'ATLANTIS CAUSE', 'A Thrilling Yarn of a Feminist And a Hunter who must Fight a Technical Writer in A Shark Tank', 2017, 2, NULL, 6, '2.99', 170, '15.99', 'G', 'Behind the Scenes', '2020-07-30 12:37:53'),
(44, 'ATTACKS HATE', 'A Fast-Paced Panorama of a Technical Writer And a Mad Scientist who must Find a Feminist in An Abandoned Mine Shaft', 2017, 3, NULL, 5, '4.99', 113, '21.99', 'PG-13', 'Trailers,Behind the Scenes', '2020-07-30 12:37:53'),
(45, 'ATTRACTION NEWTON', 'A Astounding Panorama of a Composer And a Frisbee who must Reach a Husband in Ancient Japan', 2017, 3, NULL, 5, '4.99', 83, '14.99', 'PG-13', 'Trailers,Behind the Scenes', '2020-07-30 12:37:53'),
(46, 'AUTUMN CROW', 'A Beautiful Tale of a Dentist And a Mad Cow who must Battle a Moose in The Sahara Desert', 2017, 3, NULL, 3, '4.99', 108, '13.99', 'G', 'Trailers,Commentaries,Deleted Scenes,Behind the Scenes', '2020-07-30 12:37:53'),
(47, 'BABY HALL', 'A Boring Character Study of a A Shark And a Girl who must Outrace a Feminist in An Abandoned Mine Shaft', 2017, 3, NULL, 5, '4.99', 153, '23.99', 'NC-17', 'Commentaries', '2020-07-30 12:37:53'),
(48, 'BACKLASH UNDEFEATED', 'A Stunning Character Study of a Mad Scientist And a Mad Cow who must Kill a Car in A Monastery', 2017, 3, NULL, 3, '4.99', 118, '24.99', 'PG-13', 'Trailers,Behind the Scenes', '2020-07-30 12:37:53'),
(49, 'BADMAN DAWN', 'A Emotional Panorama of a Pioneer And a Composer who must Escape a Mad Scientist in A Jet Boat', 2009, 3, NULL, 6, '2.99', 162, '22.99', 'R', 'Trailers,Commentaries,Behind the Scenes', '2020-07-30 12:37:53'),
(50, 'BAKED CLEOPATRA', 'A Stunning Drama of a Forensic Psychologist And a Husband who must Overcome a Waitress in A Monastery', 2009, 3, NULL, 3, '2.99', 182, '20.99', 'G', 'Commentaries,Behind the Scenes', '2020-07-30 12:37:53'),
(51, 'BALLOON HOMEWARD', 'A Insightful Panorama of a Forensic Psychologist And a Mad Cow who must Build a Mad Scientist in The First Manned Space Station', 2009, 3, NULL, 5, '2.99', 75, '10.99', 'NC-17', 'Deleted Scenes', '2020-07-30 12:37:53'),
(52, 'BALLROOM MOCKINGBIRD', 'A Thrilling Documentary of a Composer And a Monkey who must Find a Feminist in California', 2009, 3, NULL, 6, '0.99', 173, '29.99', 'G', 'Commentaries,Deleted Scenes', '2020-07-30 12:37:53'),
(53, 'BANG KWAI', 'A Epic Drama of a Madman And a Cat who must Face a A Shark in An Abandoned Amusement Park', 2009, 3, NULL, 5, '2.99', 87, '25.99', 'NC-17', 'Commentaries,Deleted Scenes,Behind the Scenes', '2020-07-30 12:37:53'),
(54, 'BANGER PINOCCHIO', 'A Awe-Inspiring Drama of a Car And a Pastry Chef who must Chase a Crocodile in The First Manned Space Station', 2009, 3, NULL, 5, '0.99', 113, '15.99', 'R', 'Trailers,Commentaries,Deleted Scenes', '2020-07-30 12:37:53'),
(55, 'BARBARELLA STREETCAR', 'A Awe-Inspiring Story of a Feminist And a Cat who must Conquer a Dog in A Monastery', 2009, 3, NULL, 6, '2.99', 65, '27.99', 'G', 'Behind the Scenes', '2020-07-30 12:37:53'),
(56, 'BAREFOOT MANCHURIAN', 'A Intrepid Story of a Cat And a Student who must Vanquish a Girl in An Abandoned Amusement Park', 2009, 3, NULL, 6, '2.99', 129, '15.99', 'G', 'Trailers,Commentaries', '2020-07-30 12:37:53'),
(57, 'BASIC EASY', 'A Stunning Epistle of a Man And a Husband who must Reach a Mad Scientist in A Jet Boat', 2009, 3, NULL, 4, '2.99', 90, '18.99', 'PG-13', 'Deleted Scenes', '2020-07-30 12:37:53'),
(58, 'BEACH HEARTBREAKERS', 'A Fateful Display of a Womanizer And a Mad Scientist who must Outgun a A Shark in Soviet Georgia', 2009, 3, NULL, 6, '2.99', 122, '16.99', 'G', 'Deleted Scenes,Behind the Scenes', '2020-07-30 12:37:53'),
(59, 'BEAR GRACELAND', 'A Astounding Saga of a Dog And a Boy who must Kill a Teacher in The First Manned Space Station', 2009, 3, NULL, 4, '2.99', 160, '20.99', 'R', 'Deleted Scenes', '2020-07-30 12:37:53'),
(60, 'BEAST HUNCHBACK', 'A Awe-Inspiring Epistle of a Student And a Squirrel who must Defeat a Boy in Ancient China', 2009, 3, NULL, 3, '4.99', 89, '22.99', 'R', 'Deleted Scenes,Behind the Scenes', '2020-07-30 12:37:53'),
(61, 'BEAUTY GREASE', 'A Fast-Paced Display of a Composer And a Moose who must Sink a Robot in An Abandoned Mine Shaft', 2009, 3, NULL, 5, '4.99', 175, '28.99', 'G', 'Trailers,Commentaries', '2020-07-30 12:37:53'),
(62, 'BED HIGHBALL', 'A Astounding Panorama of a Lumberjack And a Dog who must Redeem a Woman in An Abandoned Fun House', 2009, 3, NULL, 5, '2.99', 106, '23.99', 'NC-17', 'Trailers,Commentaries,Deleted Scenes', '2020-07-30 12:37:53'),
(63, 'BEDAZZLED MARRIED', 'A Astounding Character Study of a Madman And a Robot who must Meet a Mad Scientist in An Abandoned Fun House', 2011, 3, NULL, 6, '0.99', 73, '21.99', 'PG', 'Trailers,Deleted Scenes,Behind the Scenes', '2020-07-30 12:37:53'),
(64, 'BEETHOVEN EXORCIST', 'A Epic Display of a Pioneer And a Student who must Challenge a Butler in The Gulf of Mexico', 2011, 3, NULL, 6, '0.99', 151, '26.99', 'PG-13', 'Commentaries,Behind the Scenes', '2020-07-30 12:37:53'),
(65, 'BEHAVIOR RUNAWAY', 'A Unbelieveable Drama of a Student And a Husband who must Outrace a Sumo Wrestler in Berlin', 2011, 3, NULL, 3, '4.99', 100, '20.99', 'PG', 'Trailers,Deleted Scenes,Behind the Scenes', '2020-07-30 12:37:53'),
(66, 'BENEATH RUSH', 'A Astounding Panorama of a Man And a Monkey who must Discover a Man in The First Manned Space Station', 2011, 3, NULL, 6, '0.99', 53, '27.99', 'NC-17', 'Commentaries,Deleted Scenes', '2020-07-30 12:37:53'),
(67, 'BERETS AGENT', 'A Taut Saga of a Crocodile And a Boy who must Overcome a Technical Writer in Ancient China', 2011, 3, NULL, 5, '2.99', 77, '24.99', 'PG-13', 'Deleted Scenes', '2020-07-30 12:37:53'),
(68, 'BETRAYED REAR', 'A Emotional Character Study of a Boat And a Pioneer who must Find a Explorer in A Shark Tank', 2011, 3, NULL, 5, '4.99', 122, '26.99', 'NC-17', 'Commentaries,Deleted Scenes,Behind the Scenes', '2020-07-30 12:37:53'),
(69, 'BEVERLY OUTLAW', 'A Fanciful Documentary of a Womanizer And a Boat who must Defeat a Madman in The First Manned Space Station', 2011, 3, NULL, 3, '2.99', 85, '21.99', 'R', 'Trailers', '2020-07-30 12:37:53'),
(70, 'BIKINI BORROWERS', 'A Astounding Drama of a Astronaut And a Cat who must Discover a Woman in The First Manned Space Station', 2011, 3, NULL, 7, '4.99', 142, '26.99', 'NC-17', 'Commentaries,Deleted Scenes', '2020-07-30 12:37:53'),
(71, 'BILKO ANONYMOUS', 'A Emotional Reflection of a Teacher And a Man who must Meet a Cat in The First Manned Space Station', 2011, 3, NULL, 3, '4.99', 100, '25.99', 'PG-13', 'Commentaries,Deleted Scenes,Behind the Scenes', '2020-07-30 12:37:53'),
(72, 'BILL OTHERS', 'A Stunning Saga of a Mad Scientist And a Forensic Psychologist who must Challenge a Squirrel in A MySQL Convention', 2011, 3, NULL, 6, '2.99', 93, '12.99', 'PG', 'Trailers,Commentaries', '2020-07-30 12:37:53'),
(73, 'BINGO TALENTED', 'A Touching Tale of a Girl And a Crocodile who must Discover a Waitress in Nigeria', 2011, 3, NULL, 5, '2.99', 150, '22.99', 'PG-13', 'Trailers,Commentaries', '2020-07-30 12:37:53'),
(74, 'BIRCH ANTITRUST', 'A Fanciful Panorama of a Husband And a Pioneer who must Outgun a Dog in A Baloon', 2011, 3, NULL, 4, '4.99', 162, '18.99', 'PG', 'Trailers,Commentaries,Deleted Scenes', '2020-07-30 12:37:53'),
(75, 'BIRD INDEPENDENCE', 'A Thrilling Documentary of a Car And a Student who must Sink a Hunter in The Canadian Rockies', 2011, 3, NULL, 6, '4.99', 163, '14.99', 'G', 'Commentaries,Behind the Scenes', '2020-07-30 12:37:53'),
(76, 'BIRDCAGE CASPER', 'A Fast-Paced Saga of a Frisbee And a Astronaut who must Overcome a Feminist in Ancient India', 2011, 3, NULL, 4, '0.99', 103, '23.99', 'NC-17', 'Commentaries,Deleted Scenes,Behind the Scenes', '2020-07-30 12:37:53'),
(77, 'BIRDS PERDITION', 'A Boring Story of a Womanizer And a Pioneer who must Face a Dog in California', 2011, 3, NULL, 5, '4.99', 61, '15.99', 'G', 'Trailers,Behind the Scenes', '2020-07-30 12:37:53'),
(78, 'BLACKOUT PRIVATE', 'A Intrepid Yarn of a Pastry Chef And a Mad Scientist who must Challenge a Secret Agent in Ancient Japan', 2011, 3, NULL, 7, '2.99', 85, '12.99', 'PG', 'Trailers,Deleted Scenes', '2020-07-30 12:37:53'),
(79, 'BLADE POLISH', 'A Thoughtful Character Study of a Frisbee And a Pastry Chef who must Fight a Dentist in The First Manned Space Station', 2011, 3, NULL, 5, '0.99', 114, '10.99', 'PG-13', 'Trailers,Behind the Scenes', '2020-07-30 12:37:53'),
(80, 'BLANKET BEVERLY', 'A Emotional Documentary of a Student And a Girl who must Build a Boat in Nigeria', 2011, 3, NULL, 7, '2.99', 148, '21.99', 'G', 'Trailers', '2020-07-30 12:37:53'),
(81, 'BLINDNESS GUN', 'A Touching Drama of a Robot And a Dentist who must Meet a Hunter in A Jet Boat', 2013, 3, NULL, 6, '4.99', 103, '29.99', 'PG-13', 'Trailers,Behind the Scenes', '2020-07-30 12:37:53'),
(82, 'BLOOD ARGONAUTS', 'A Boring Drama of a Explorer And a Man who must Kill a Lumberjack in A Manhattan Penthouse', 2013, 3, NULL, 3, '0.99', 71, '13.99', 'G', 'Trailers,Commentaries,Behind the Scenes', '2020-07-30 12:37:53'),
(83, 'BLUES INSTINCT', 'A Insightful Documentary of a Boat And a Composer who must Meet a Forensic Psychologist in An Abandoned Fun House', 2013, 3, NULL, 5, '2.99', 50, '18.99', 'G', 'Trailers,Deleted Scenes,Behind the Scenes', '2020-07-30 12:37:53'),
(84, 'BOILED DARES', 'A Awe-Inspiring Story of a Waitress And a Dog who must Discover a Dentist in Ancient Japan', 2013, 3, NULL, 7, '4.99', 102, '13.99', 'PG', 'Trailers,Commentaries', '2020-07-30 12:37:53'),
(85, 'BONNIE HOLOCAUST', 'A Fast-Paced Story of a Crocodile And a Robot who must Find a Moose in Ancient Japan', 2013, 3, NULL, 4, '0.99', 63, '29.99', 'G', 'Deleted Scenes', '2020-07-30 12:37:53'),
(86, 'BOOGIE AMELIE', 'A Lacklusture Character Study of a Husband And a Sumo Wrestler who must Succumb a Technical Writer in The Gulf of Mexico', 2013, 3, NULL, 6, '4.99', 121, '11.99', 'R', 'Commentaries,Behind the Scenes', '2020-07-30 12:37:53'),
(87, 'BOONDOCK BALLROOM', 'A Fateful Panorama of a Crocodile And a Boy who must Defeat a Monkey in The Gulf of Mexico', 2013, 3, NULL, 7, '0.99', 76, '14.99', 'NC-17', 'Behind the Scenes', '2020-07-30 12:37:53'),
(88, 'BORN SPINAL', 'A Touching Epistle of a Frisbee And a Husband who must Pursue a Student in Nigeria', 2013, 3, NULL, 7, '4.99', 179, '17.99', 'PG', 'Trailers,Commentaries,Deleted Scenes', '2020-07-30 12:37:53'),
(89, 'BORROWERS BEDAZZLED', 'A Brilliant Epistle of a Teacher And a Sumo Wrestler who must Defeat a Man in An Abandoned Fun House', 2013, 3, NULL, 7, '0.99', 63, '22.99', 'G', 'Commentaries,Deleted Scenes,Behind the Scenes', '2020-07-30 12:37:53'),
(90, 'BOULEVARD MOB', 'A Fateful Epistle of a Moose And a Monkey who must Confront a Lumberjack in Ancient China', 2013, 3, NULL, 3, '0.99', 63, '11.99', 'R', 'Trailers', '2020-07-30 12:37:53'),
(91, 'BOUND CHEAPER', 'A Thrilling Panorama of a Database Administrator And a Astronaut who must Challenge a Lumberjack in A Baloon', 2013, 3, NULL, 5, '0.99', 98, '17.99', 'PG', 'Behind the Scenes', '2020-07-30 12:37:53'),
(92, 'BOWFINGER GABLES', 'A Fast-Paced Yarn of a Waitress And a Composer who must Outgun a Dentist in California', 2013, 3, NULL, 7, '4.99', 72, '19.99', 'NC-17', 'Trailers,Deleted Scenes', '2020-07-30 12:37:53'),
(93, 'BRANNIGAN SUNRISE', 'A Amazing Epistle of a Moose And a Crocodile who must Outrace a Dog in Berlin', 2013, 3, NULL, 4, '4.99', 121, '27.99', 'PG', 'Trailers', '2020-07-30 12:37:53'),
(94, 'BRAVEHEART HUMAN', 'A Insightful Story of a Dog And a Pastry Chef who must Battle a Girl in Berlin', 2005, 3, NULL, 7, '2.99', 176, '14.99', 'PG-13', 'Trailers,Deleted Scenes', '2020-07-30 12:37:53'),
(95, 'BREAKFAST GOLDFINGER', 'A Beautiful Reflection of a Student And a Student who must Fight a Moose in Berlin', 2005, 3, NULL, 5, '4.99', 123, '18.99', 'G', 'Trailers,Commentaries,Deleted Scenes', '2020-07-30 12:37:53'),
(96, 'BREAKING HOME', 'A Beautiful Display of a Secret Agent And a Monkey who must Battle a Sumo Wrestler in An Abandoned Mine Shaft', 2005, 3, NULL, 4, '2.99', 169, '21.99', 'PG-13', 'Trailers,Commentaries', '2020-07-30 12:37:53'),
(97, 'BRIDE INTRIGUE', 'A Epic Tale of a Robot And a Monkey who must Vanquish a Man in New Orleans', 2005, 3, NULL, 7, '0.99', 56, '24.99', 'G', 'Trailers,Commentaries,Behind the Scenes', '2020-07-30 12:37:53'),
(98, 'BRIGHT ENCOUNTERS', 'A Fateful Yarn of a Lumberjack And a Feminist who must Conquer a Student in A Jet Boat', 2005, 3, NULL, 4, '4.99', 73, '12.99', 'PG-13', 'Trailers', '2020-07-30 12:37:53'),
(99, 'BRINGING HYSTERICAL', 'A Fateful Saga of a A Shark And a Technical Writer who must Find a Woman in A Jet Boat', 2005, 3, NULL, 7, '2.99', 136, '14.99', 'PG', 'Trailers', '2020-07-30 12:37:53'),
(100, 'BROOKLYN DESERT', 'A Beautiful Drama of a Dentist And a Composer who must Battle a Sumo Wrestler in The First Manned Space Station', 2005, 3, NULL, 7, '4.99', 161, '21.99', 'R', 'Commentaries', '2020-07-30 12:37:53'),
(101, 'BROTHERHOOD BLANKET', 'A Fateful Character Study of a Butler And a Technical Writer who must Sink a Astronaut in Ancient Japan', 2005, 3, NULL, 3, '0.99', 73, '26.99', 'R', 'Behind the Scenes', '2020-07-30 12:37:53'),
(102, 'BUBBLE GROSSE', 'A Awe-Inspiring Panorama of a Crocodile And a Moose who must Confront a Girl in A Baloon', 2005, 3, NULL, 4, '4.99', 60, '20.99', 'R', 'Trailers,Commentaries,Deleted Scenes,Behind the Scenes', '2020-07-30 12:37:53'),
(103, 'BUCKET BROTHERHOOD', 'A Amazing Display of a Girl And a Womanizer who must Succumb a Lumberjack in A Baloon Factory', 2005, 3, NULL, 7, '4.99', 133, '27.99', 'PG', 'Commentaries,Deleted Scenes', '2020-07-30 12:37:53'),
(104, 'BUGSY SONG', 'A Awe-Inspiring Character Study of a Secret Agent And a Boat who must Find a Squirrel in The First Manned Space Station', 2005, 3, NULL, 4, '2.99', 119, '17.99', 'G', 'Commentaries', '2020-07-30 12:37:53'),
(105, 'BULL SHAWSHANK', 'A Fanciful Drama of a Moose And a Squirrel who must Conquer a Pioneer in The Canadian Rockies', 2005, 3, NULL, 6, '0.99', 125, '21.99', 'NC-17', 'Deleted Scenes', '2020-07-30 12:37:53'),
(106, 'BULWORTH COMMANDMENTS', 'A Amazing Display of a Mad Cow And a Pioneer who must Redeem a Sumo Wrestler in The Outback', 2005, 3, NULL, 4, '2.99', 61, '14.99', 'G', 'Trailers', '2020-07-30 12:37:53'),
(107, 'BUNCH MINDS', 'A Emotional Story of a Feminist And a Feminist who must Escape a Pastry Chef in A MySQL Convention', 2005, 3, NULL, 4, '2.99', 63, '13.99', 'G', 'Behind the Scenes', '2020-07-30 12:37:53'),
(108, 'BUTCH PANTHER', 'A Lacklusture Yarn of a Feminist And a Database Administrator who must Face a Hunter in New Orleans', 2005, 3, NULL, 6, '0.99', 67, '19.99', 'PG-13', 'Trailers,Commentaries,Deleted Scenes', '2020-07-30 12:37:53'),
(109, 'BUTTERFLY CHOCOLAT', 'A Fateful Story of a Girl And a Composer who must Conquer a Husband in A Shark Tank', 2005, 3, NULL, 3, '0.99', 89, '17.99', 'G', 'Behind the Scenes', '2020-07-30 12:37:53'),
(110, 'CABIN FLASH', 'A Stunning Epistle of a Boat And a Man who must Challenge a A Shark in A Baloon Factory', 2005, 3, NULL, 4, '0.99', 53, '25.99', 'NC-17', 'Commentaries,Deleted Scenes', '2020-07-30 12:37:53'),
(111, 'CADDYSHACK JEDI', 'A Awe-Inspiring Epistle of a Woman And a Madman who must Fight a Robot in Soviet Georgia', 2005, 3, NULL, 3, '0.99', 52, '17.99', 'NC-17', 'Commentaries,Deleted Scenes', '2020-07-30 12:37:53'),
(112, 'CALENDAR GUNFIGHT', 'A Thrilling Drama of a Frisbee And a Lumberjack who must Sink a Man in Nigeria', 2005, 3, NULL, 4, '4.99', 120, '22.99', 'NC-17', 'Trailers,Commentaries,Behind the Scenes', '2020-07-30 12:37:53'),
(113, 'CALIFORNIA BIRDS', 'A Thrilling Yarn of a Database Administrator And a Robot who must Battle a Database Administrator in Ancient India', 2005, 3, NULL, 4, '4.99', 75, '19.99', 'NC-17', 'Trailers,Commentaries,Deleted Scenes', '2020-07-30 12:37:53'),
(114, 'CAMELOT VACATION', 'A Touching Character Study of a Woman And a Waitress who must Battle a Pastry Chef in A MySQL Convention', 2005, 3, NULL, 3, '0.99', 61, '26.99', 'NC-17', 'Trailers,Commentaries,Deleted Scenes,Behind the Scenes', '2020-07-30 12:37:53'),
(115, 'CAMPUS REMEMBER', 'A Astounding Drama of a Crocodile And a Mad Cow who must Build a Robot in A Jet Boat', 2005, 3, NULL, 5, '2.99', 167, '27.99', 'R', 'Behind the Scenes', '2020-07-30 12:37:53'),
(116, 'CANDIDATE PERDITION', 'A Brilliant Epistle of a Composer And a Database Administrator who must Vanquish a Mad Scientist in The First Manned Space Station', 2005, 3, NULL, 4, '2.99', 70, '10.99', 'R', 'Deleted Scenes,Behind the Scenes', '2020-07-30 12:37:53'),
(117, 'CANDLES GRAPES', 'A Fanciful Character Study of a Monkey And a Explorer who must Build a Astronaut in An Abandoned Fun House', 2005, 3, NULL, 6, '4.99', 135, '15.99', 'NC-17', 'Trailers,Deleted Scenes', '2020-07-30 12:37:53'),
(118, 'CANYON STOCK', 'A Thoughtful Reflection of a Waitress And a Feminist who must Escape a Squirrel in A Manhattan Penthouse', 2018, 3, NULL, 7, '0.99', 85, '26.99', 'R', 'Trailers,Deleted Scenes', '2020-07-30 12:37:53'),
(119, 'CAPER MOTIONS', 'A Fateful Saga of a Moose And a Car who must Pursue a Woman in A MySQL Convention', 2018, 3, NULL, 6, '0.99', 176, '22.99', 'G', 'Trailers,Commentaries,Deleted Scenes', '2020-07-30 12:37:53'),
(120, 'CARIBBEAN LIBERTY', 'A Fanciful Tale of a Pioneer And a Technical Writer who must Outgun a Pioneer in A Shark Tank', 2018, 4, NULL, 3, '4.99', 92, '16.99', 'NC-17', 'Commentaries,Deleted Scenes', '2020-07-30 12:37:53'),
(121, 'CAROL TEXAS', 'A Astounding Character Study of a Composer And a Student who must Overcome a Composer in A Monastery', 2018, 4, NULL, 4, '2.99', 151, '15.99', 'PG', 'Trailers,Behind the Scenes', '2020-07-30 12:37:53'),
(122, 'CARRIE BUNCH', 'A Amazing Epistle of a Student And a Astronaut who must Discover a Frisbee in The Canadian Rockies', 2018, 4, NULL, 7, '0.99', 114, '11.99', 'PG', 'Trailers,Commentaries,Behind the Scenes', '2020-07-30 12:37:53'),
(123, 'CASABLANCA SUPER', 'A Amazing Panorama of a Crocodile And a Forensic Psychologist who must Pursue a Secret Agent in The First Manned Space Station', 2018, 4, NULL, 6, '4.99', 85, '22.99', 'G', 'Trailers,Deleted Scenes,Behind the Scenes', '2020-07-30 12:37:53'),
(124, 'CASPER DRAGONFLY', 'A Intrepid Documentary of a Boat And a Crocodile who must Chase a Robot in The Sahara Desert', 2018, 4, NULL, 3, '4.99', 163, '16.99', 'PG-13', 'Trailers', '2020-07-30 12:37:53'),
(125, 'CASSIDY WYOMING', 'A Intrepid Drama of a Frisbee And a Hunter who must Kill a Secret Agent in New Orleans', 2018, 4, NULL, 5, '2.99', 61, '19.99', 'NC-17', 'Commentaries,Behind the Scenes', '2020-07-30 12:37:53'),
(126, 'CASUALTIES ENCINO', 'A Insightful Yarn of a A Shark And a Pastry Chef who must Face a Boy in A Monastery', 2018, 4, NULL, 3, '4.99', 179, '16.99', 'G', 'Trailers', '2020-07-30 12:37:53'),
(127, 'CAT CONEHEADS', 'A Fast-Paced Panorama of a Girl And a A Shark who must Confront a Boy in Ancient India', 2018, 4, NULL, 5, '4.99', 112, '14.99', 'G', 'Commentaries,Deleted Scenes', '2020-07-30 12:37:53'),
(128, 'CATCH AMISTAD', 'A Boring Reflection of a Lumberjack And a Feminist who must Discover a Woman in Nigeria', 2018, 4, NULL, 7, '0.99', 183, '10.99', 'G', 'Trailers,Behind the Scenes', '2020-07-30 12:37:53'),
(129, 'CAUSE DATE', 'A Taut Tale of a Explorer And a Pastry Chef who must Conquer a Hunter in A MySQL Convention', 2018, 4, NULL, 3, '2.99', 179, '16.99', 'R', 'Commentaries,Deleted Scenes,Behind the Scenes', '2020-07-30 12:37:53'),
(130, 'CELEBRITY HORN', 'A Amazing Documentary of a Secret Agent And a Astronaut who must Vanquish a Hunter in A Shark Tank', 2018, 4, NULL, 7, '0.99', 110, '24.99', 'PG-13', 'Deleted Scenes,Behind the Scenes', '2020-07-30 12:37:53'),
(131, 'CENTER DINOSAUR', 'A Beautiful Character Study of a Sumo Wrestler And a Dentist who must Find a Dog in California', 2018, 4, NULL, 5, '4.99', 152, '12.99', 'PG', 'Deleted Scenes', '2020-07-30 12:37:53'),
(132, 'CHAINSAW UPTOWN', 'A Beautiful Documentary of a Boy And a Robot who must Discover a Squirrel in Australia', 2018, 4, NULL, 6, '0.99', 114, '25.99', 'PG', 'Deleted Scenes,Behind the Scenes', '2020-07-30 12:37:53'),
(133, 'CHAMBER ITALIAN', 'A Fateful Reflection of a Moose And a Husband who must Overcome a Monkey in Nigeria', 2018, 4, NULL, 7, '4.99', 117, '14.99', 'NC-17', 'Trailers', '2020-07-30 12:37:53'),
(134, 'CHAMPION FLATLINERS', 'A Amazing Story of a Mad Cow And a Dog who must Kill a Husband in A Monastery', 2018, 4, NULL, 4, '4.99', 51, '21.99', 'PG', 'Trailers', '2020-07-30 12:37:53'),
(135, 'CHANCE RESURRECTION', 'A Astounding Story of a Forensic Psychologist And a Forensic Psychologist who must Overcome a Moose in Ancient China', 2018, 4, NULL, 3, '2.99', 70, '22.99', 'R', 'Commentaries,Deleted Scenes,Behind the Scenes', '2020-07-30 12:37:53'),
(136, 'CHAPLIN LICENSE', 'A Boring Drama of a Dog And a Forensic Psychologist who must Outrace a Explorer in Ancient India', 2018, 4, NULL, 7, '2.99', 146, '26.99', 'NC-17', 'Behind the Scenes', '2020-07-30 12:37:53'),
(137, 'CHARADE DUFFEL', 'A Action-Packed Display of a Man And a Waitress who must Build a Dog in A MySQL Convention', 2018, 4, NULL, 3, '2.99', 66, '21.99', 'PG', 'Trailers,Deleted Scenes,Behind the Scenes', '2020-07-30 12:37:53'),
(138, 'CHARIOTS CONSPIRACY', 'A Unbelieveable Epistle of a Robot And a Husband who must Chase a Robot in The First Manned Space Station', 2018, 4, NULL, 5, '2.99', 71, '29.99', 'R', 'Deleted Scenes,Behind the Scenes', '2020-07-30 12:37:53'),
(139, 'CHASING FIGHT', 'A Astounding Saga of a Technical Writer And a Butler who must Battle a Butler in A Shark Tank', 2018, 4, NULL, 7, '4.99', 114, '21.99', 'PG', 'Trailers,Commentaries', '2020-07-30 12:37:53'),
(140, 'CHEAPER CLYDE', 'A Emotional Character Study of a Pioneer And a Girl who must Discover a Dog in Ancient Japan', 2018, 4, NULL, 6, '0.99', 87, '23.99', 'G', 'Trailers,Commentaries,Behind the Scenes', '2020-07-30 12:37:53'),
(141, 'CHICAGO NORTH', 'A Fateful Yarn of a Mad Cow And a Waitress who must Battle a Student in California', 2012, 4, NULL, 6, '4.99', 185, '11.99', 'PG-13', 'Deleted Scenes,Behind the Scenes', '2020-07-30 12:37:53'),
(142, 'CHICKEN HELLFIGHTERS', 'A Emotional Drama of a Dog And a Explorer who must Outrace a Technical Writer in Australia', 2012, 4, NULL, 3, '0.99', 122, '24.99', 'PG', 'Trailers,Commentaries,Deleted Scenes,Behind the Scenes', '2020-07-30 12:37:53'),
(143, 'CHILL LUCK', 'A Lacklusture Epistle of a Boat And a Technical Writer who must Fight a A Shark in The Canadian Rockies', 2012, 4, NULL, 6, '0.99', 142, '17.99', 'PG', 'Trailers,Commentaries,Deleted Scenes', '2020-07-30 12:37:53'),
(144, 'CHINATOWN GLADIATOR', 'A Brilliant Panorama of a Technical Writer And a Lumberjack who must Escape a Butler in Ancient India', 2012, 4, NULL, 7, '4.99', 61, '24.99', 'PG', 'Trailers,Commentaries,Deleted Scenes', '2020-07-30 12:37:53'),
(145, 'CHISUM BEHAVIOR', 'A Epic Documentary of a Sumo Wrestler And a Butler who must Kill a Car in Ancient India', 2012, 4, NULL, 5, '4.99', 124, '25.99', 'G', 'Trailers,Commentaries,Behind the Scenes', '2020-07-30 12:37:53'),
(146, 'CHITTY LOCK', 'A Boring Epistle of a Boat And a Database Administrator who must Kill a Sumo Wrestler in The First Manned Space Station', 2012, 4, NULL, 6, '2.99', 107, '24.99', 'G', 'Commentaries', '2020-07-30 12:37:53'),
(147, 'CHOCOLAT HARRY', 'A Action-Packed Epistle of a Dentist And a Moose who must Meet a Mad Cow in Ancient Japan', 2012, 4, NULL, 5, '0.99', 101, '16.99', 'NC-17', 'Commentaries,Behind the Scenes', '2020-07-30 12:37:53'),
(148, 'CHOCOLATE DUCK', 'A Unbelieveable Story of a Mad Scientist And a Technical Writer who must Discover a Composer in Ancient China', 2012, 4, NULL, 3, '2.99', 132, '13.99', 'R', 'Trailers,Commentaries,Behind the Scenes', '2020-07-30 12:37:53'),
(149, 'CHRISTMAS MOONSHINE', 'A Action-Packed Epistle of a Feminist And a Astronaut who must Conquer a Boat in A Manhattan Penthouse', 2012, 4, NULL, 7, '0.99', 150, '21.99', 'NC-17', 'Trailers,Commentaries,Behind the Scenes', '2020-07-30 12:37:53'),
(150, 'CIDER DESIRE', 'A Stunning Character Study of a Composer And a Mad Cow who must Succumb a Cat in Soviet Georgia', 2012, 4, NULL, 7, '2.99', 101, '9.99', 'PG', 'Behind the Scenes', '2020-07-30 12:37:53'),
(151, 'CINCINATTI WHISPERER', 'A Brilliant Saga of a Pastry Chef And a Hunter who must Confront a Butler in Berlin', 2012, 4, NULL, 5, '4.99', 143, '26.99', 'NC-17', 'Deleted Scenes', '2020-07-30 12:37:53'),
(152, 'CIRCUS YOUTH', 'A Thoughtful Drama of a Pastry Chef And a Dentist who must Pursue a Girl in A Baloon', 2012, 4, NULL, 5, '2.99', 90, '13.99', 'PG-13', 'Trailers,Deleted Scenes,Behind the Scenes', '2020-07-30 12:37:53'),
(153, 'CITIZEN SHREK', 'A Fanciful Character Study of a Technical Writer And a Husband who must Redeem a Robot in The Outback', 2012, 4, NULL, 7, '0.99', 165, '18.99', 'G', 'Commentaries,Deleted Scenes', '2020-07-30 12:37:53'),
(154, 'CLASH FREDDY', 'A Amazing Yarn of a Composer And a Squirrel who must Escape a Astronaut in Australia', 2012, 4, NULL, 6, '2.99', 81, '12.99', 'G', 'Commentaries,Deleted Scenes', '2020-07-30 12:37:53'),
(155, 'CLEOPATRA DEVIL', 'A Fanciful Documentary of a Crocodile And a Technical Writer who must Fight a A Shark in A Baloon', 2012, 4, NULL, 6, '0.99', 150, '26.99', 'PG-13', 'Trailers,Deleted Scenes,Behind the Scenes', '2020-07-30 12:37:53'),
(156, 'CLERKS ANGELS', 'A Thrilling Display of a Sumo Wrestler And a Girl who must Confront a Man in A Baloon', 2012, 4, NULL, 3, '4.99', 164, '15.99', 'G', 'Commentaries', '2020-07-30 12:37:53'),
(157, 'CLOCKWORK PARADISE', 'A Insightful Documentary of a Technical Writer And a Feminist who must Challenge a Cat in A Baloon', 2012, 4, NULL, 7, '0.99', 143, '29.99', 'PG-13', 'Trailers,Commentaries,Deleted Scenes,Behind the Scenes', '2020-07-30 12:37:53'),
(158, 'CLONES PINOCCHIO', 'A Amazing Drama of a Car And a Robot who must Pursue a Dentist in New Orleans', 2012, 4, NULL, 6, '2.99', 124, '16.99', 'R', 'Behind the Scenes', '2020-07-30 12:37:53'),
(159, 'CLOSER BANG', 'A Unbelieveable Panorama of a Frisbee And a Hunter who must Vanquish a Monkey in Ancient India', 2012, 4, NULL, 5, '4.99', 58, '12.99', 'R', 'Trailers,Behind the Scenes', '2020-07-30 12:37:53'),
(160, 'CLUB GRAFFITI', 'A Epic Tale of a Pioneer And a Hunter who must Escape a Girl in A U-Boat', 2012, 4, NULL, 4, '0.99', 65, '12.99', 'PG-13', 'Trailers,Deleted Scenes', '2020-07-30 12:37:53'),
(161, 'CLUE GRAIL', 'A Taut Tale of a Butler And a Mad Scientist who must Build a Crocodile in Ancient China', 2012, 4, NULL, 6, '4.99', 70, '27.99', 'NC-17', 'Trailers,Commentaries,Behind the Scenes', '2020-07-30 12:37:53'),
(162, 'CLUELESS BUCKET', 'A Taut Tale of a Car And a Pioneer who must Conquer a Sumo Wrestler in An Abandoned Fun House', 2012, 4, NULL, 4, '2.99', 95, '13.99', 'R', 'Trailers,Deleted Scenes,Behind the Scenes', '2020-07-30 12:37:53'),
(163, 'CLYDE THEORY', 'A Beautiful Yarn of a Astronaut And a Frisbee who must Overcome a Explorer in A Jet Boat', 2012, 4, NULL, 4, '0.99', 139, '29.99', 'PG-13', 'Commentaries,Deleted Scenes,Behind the Scenes', '2020-07-30 12:37:53'),
(164, 'COAST RAINBOW', 'A Astounding Documentary of a Mad Cow And a Pioneer who must Challenge a Butler in The Sahara Desert', 2012, 4, NULL, 4, '0.99', 55, '20.99', 'PG', 'Trailers,Commentaries,Deleted Scenes,Behind the Scenes', '2020-07-30 12:37:53'),
(165, 'COLDBLOODED DARLING', 'A Brilliant Panorama of a Dentist And a Moose who must Find a Student in The Gulf of Mexico', 2012, 4, NULL, 7, '4.99', 70, '27.99', 'G', 'Trailers,Deleted Scenes', '2020-07-30 12:37:53'),
(166, 'COLOR PHILADELPHIA', 'A Thoughtful Panorama of a Car And a Crocodile who must Sink a Monkey in The Sahara Desert', 2012, 4, NULL, 6, '2.99', 149, '19.99', 'G', 'Commentaries,Behind the Scenes', '2020-07-30 12:37:53'),
(167, 'COMA HEAD', 'A Awe-Inspiring Drama of a Boy And a Frisbee who must Escape a Pastry Chef in California', 2012, 4, NULL, 6, '4.99', 109, '10.99', 'NC-17', 'Commentaries', '2020-07-30 12:37:53'),
(168, 'COMANCHEROS ENEMY', 'A Boring Saga of a Lumberjack And a Monkey who must Find a Monkey in The Gulf of Mexico', 2012, 4, NULL, 5, '0.99', 67, '23.99', 'R', 'Trailers,Behind the Scenes', '2020-07-30 12:37:53'),
(169, 'COMFORTS RUSH', 'A Unbelieveable Panorama of a Pioneer And a Husband who must Meet a Mad Cow in An Abandoned Mine Shaft', 2012, 4, NULL, 3, '2.99', 76, '19.99', 'NC-17', 'Commentaries,Behind the Scenes', '2020-07-30 12:37:53'),
(170, 'COMMAND DARLING', 'A Awe-Inspiring Tale of a Forensic Psychologist And a Woman who must Challenge a Database Administrator in Ancient Japan', 2012, 4, NULL, 5, '4.99', 120, '28.99', 'PG-13', 'Behind the Scenes', '2020-07-30 12:37:53'),
(171, 'COMMANDMENTS EXPRESS', 'A Fanciful Saga of a Student And a Mad Scientist who must Battle a Hunter in An Abandoned Mine Shaft', 2012, 4, NULL, 6, '4.99', 59, '13.99', 'R', 'Trailers,Commentaries,Deleted Scenes', '2020-07-30 12:37:53'),
(172, 'CONEHEADS SMOOCHY', 'A Touching Story of a Womanizer And a Composer who must Pursue a Husband in Nigeria', 2012, 4, NULL, 7, '4.99', 112, '12.99', 'NC-17', 'Deleted Scenes,Behind the Scenes', '2020-07-30 12:37:53'),
(173, 'CONFESSIONS MAGUIRE', 'A Insightful Story of a Car And a Boy who must Battle a Technical Writer in A Baloon', 2012, 4, NULL, 7, '4.99', 65, '25.99', 'PG-13', 'Behind the Scenes', '2020-07-30 12:37:53'),
(174, 'CONFIDENTIAL INTERVIEW', 'A Stunning Reflection of a Cat And a Woman who must Find a Astronaut in Ancient Japan', 2012, 4, NULL, 6, '4.99', 180, '13.99', 'NC-17', 'Commentaries', '2020-07-30 12:37:53'),
(175, 'CONFUSED CANDLES', 'A Stunning Epistle of a Cat And a Forensic Psychologist who must Confront a Pioneer in A Baloon', 2012, 4, NULL, 3, '2.99', 122, '27.99', 'PG-13', 'Trailers,Commentaries,Deleted Scenes,Behind the Scenes', '2020-07-30 12:37:53'),
(176, 'CONGENIALITY QUEST', 'A Touching Documentary of a Cat And a Pastry Chef who must Find a Lumberjack in A Baloon', 2012, 4, NULL, 6, '0.99', 87, '21.99', 'PG-13', 'Commentaries,Behind the Scenes', '2020-07-30 12:37:53'),
(177, 'CONNECTICUT TRAMP', 'A Unbelieveable Drama of a Crocodile And a Mad Cow who must Reach a Dentist in A Shark Tank', 2015, 4, NULL, 4, '4.99', 172, '20.99', 'R', 'Commentaries,Deleted Scenes', '2020-07-30 12:37:53'),
(178, 'CONNECTION MICROCOSMOS', 'A Fateful Documentary of a Crocodile And a Husband who must Face a Husband in The First Manned Space Station', 2015, 4, NULL, 6, '0.99', 115, '25.99', 'G', 'Deleted Scenes,Behind the Scenes', '2020-07-30 12:37:53'),
(179, 'CONQUERER NUTS', 'A Taut Drama of a Mad Scientist And a Man who must Escape a Pioneer in An Abandoned Mine Shaft', 2015, 4, NULL, 4, '4.99', 173, '14.99', 'G', 'Commentaries,Deleted Scenes,Behind the Scenes', '2020-07-30 12:37:53'),
(180, 'CONSPIRACY SPIRIT', 'A Awe-Inspiring Story of a Student And a Frisbee who must Conquer a Crocodile in An Abandoned Mine Shaft', 2015, 4, NULL, 4, '2.99', 184, '27.99', 'PG-13', 'Trailers,Commentaries', '2020-07-30 12:37:53'),
(181, 'CONTACT ANONYMOUS', 'A Insightful Display of a A Shark And a Monkey who must Face a Database Administrator in Ancient India', 2015, 4, NULL, 7, '2.99', 166, '10.99', 'PG-13', 'Commentaries', '2020-07-30 12:37:53'),
(182, 'CONTROL ANTHEM', 'A Fateful Documentary of a Robot And a Student who must Battle a Cat in A Monastery', 2015, 4, NULL, 7, '4.99', 185, '9.99', 'G', 'Commentaries', '2020-07-30 12:37:53'),
(183, 'CONVERSATION DOWNHILL', 'A Taut Character Study of a Husband And a Waitress who must Sink a Squirrel in A MySQL Convention', 2015, 4, NULL, 4, '4.99', 112, '14.99', 'R', 'Commentaries', '2020-07-30 12:37:53'),
(184, 'CORE SUIT', 'A Unbelieveable Tale of a Car And a Explorer who must Confront a Boat in A Manhattan Penthouse', 2015, 4, NULL, 3, '2.99', 92, '24.99', 'PG-13', 'Deleted Scenes', '2020-07-30 12:37:53'),
(185, 'COWBOY DOOM', 'A Astounding Drama of a Boy And a Lumberjack who must Fight a Butler in A Baloon', 2015, 4, NULL, 3, '2.99', 146, '10.99', 'PG', 'Commentaries,Deleted Scenes,Behind the Scenes', '2020-07-30 12:37:53'),
(186, 'CRAFT OUTFIELD', 'A Lacklusture Display of a Explorer And a Hunter who must Succumb a Database Administrator in A Baloon Factory', 2015, 4, NULL, 6, '0.99', 64, '17.99', 'NC-17', 'Deleted Scenes,Behind the Scenes', '2020-07-30 12:37:53'),
(187, 'CRANES RESERVOIR', 'A Fanciful Documentary of a Teacher And a Dog who must Outgun a Forensic Psychologist in A Baloon Factory', 2015, 4, NULL, 5, '2.99', 57, '12.99', 'NC-17', 'Commentaries', '2020-07-30 12:37:53'),
(188, 'CRAZY HOME', 'A Fanciful Panorama of a Boy And a Woman who must Vanquish a Database Administrator in The Outback', 2015, 4, NULL, 7, '2.99', 136, '24.99', 'PG', 'Commentaries,Deleted Scenes', '2020-07-30 12:37:53'),
(189, 'CREATURES SHAKESPEARE', 'A Emotional Drama of a Womanizer And a Squirrel who must Vanquish a Crocodile in Ancient India', 2015, 4, NULL, 3, '0.99', 139, '23.99', 'NC-17', 'Trailers,Deleted Scenes', '2020-07-30 12:37:53'),
(190, 'CREEPERS KANE', 'A Awe-Inspiring Reflection of a Squirrel And a Boat who must Outrace a Car in A Jet Boat', 2015, 4, NULL, 5, '4.99', 172, '23.99', 'NC-17', 'Trailers,Behind the Scenes', '2020-07-30 12:37:53'),
(191, 'CROOKED FROGMEN', 'A Unbelieveable Drama of a Hunter And a Database Administrator who must Battle a Crocodile in An Abandoned Amusement Park', 2015, 4, NULL, 6, '0.99', 143, '27.99', 'PG-13', 'Commentaries,Deleted Scenes,Behind the Scenes', '2020-07-30 12:37:53'),
(192, 'CROSSING DIVORCE', 'A Beautiful Documentary of a Dog And a Robot who must Redeem a Womanizer in Berlin', 2015, 4, NULL, 4, '4.99', 50, '19.99', 'R', 'Commentaries,Deleted Scenes,Behind the Scenes', '2020-07-30 12:37:53'),
(193, 'CROSSROADS CASUALTIES', 'A Intrepid Documentary of a Sumo Wrestler And a Astronaut who must Battle a Composer in The Outback', 2015, 4, NULL, 5, '2.99', 153, '20.99', 'G', 'Trailers,Commentaries,Behind the Scenes', '2020-07-30 12:37:53'),
(194, 'CROW GREASE', 'A Awe-Inspiring Documentary of a Woman And a Husband who must Sink a Database Administrator in The First Manned Space Station', 2015, 4, NULL, 6, '0.99', 104, '22.99', 'PG', 'Trailers,Commentaries,Behind the Scenes', '2020-07-30 12:37:53'),
(195, 'CROWDS TELEMARK', 'A Intrepid Documentary of a Astronaut And a Forensic Psychologist who must Find a Frisbee in An Abandoned Fun House', 2014, 4, NULL, 3, '4.99', 112, '16.99', 'R', 'Trailers,Behind the Scenes', '2020-07-30 12:37:53'),
(196, 'CRUELTY UNFORGIVEN', 'A Brilliant Tale of a Car And a Moose who must Battle a Dentist in Nigeria', 2014, 4, NULL, 7, '0.99', 69, '29.99', 'G', 'Deleted Scenes,Behind the Scenes', '2020-07-30 12:37:53'),
(197, 'CRUSADE HONEY', 'A Fast-Paced Reflection of a Explorer And a Butler who must Battle a Madman in An Abandoned Amusement Park', 2014, 4, NULL, 4, '2.99', 112, '27.99', 'R', 'Commentaries', '2020-07-30 12:37:53'),
(198, 'CRYSTAL BREAKING', 'A Fast-Paced Character Study of a Feminist And a Explorer who must Face a Pastry Chef in Ancient Japan', 2014, 4, NULL, 6, '2.99', 184, '22.99', 'NC-17', 'Trailers,Commentaries', '2020-07-30 12:37:53'),
(199, 'CUPBOARD SINNERS', 'A Emotional Reflection of a Frisbee And a Boat who must Reach a Pastry Chef in An Abandoned Amusement Park', 2014, 4, NULL, 4, '2.99', 56, '29.99', 'R', 'Behind the Scenes', '2020-07-30 12:37:53'),
(200, 'CURTAIN VIDEOTAPE', 'A Boring Reflection of a Dentist And a Mad Cow who must Chase a Secret Agent in A Shark Tank', 2014, 4, NULL, 7, '0.99', 133, '27.99', 'PG-13', 'Trailers,Commentaries,Deleted Scenes,Behind the Scenes', '2020-07-30 12:37:53'),
(201, 'CYCLONE FAMILY', 'A Lacklusture Drama of a Student And a Monkey who must Sink a Womanizer in A MySQL Convention', 2014, 4, NULL, 7, '2.99', 176, '18.99', 'PG', 'Trailers,Deleted Scenes', '2020-07-30 12:37:53'),
(202, 'DADDY PITTSBURGH', 'A Epic Story of a A Shark And a Student who must Confront a Explorer in The Gulf of Mexico', 2014, 4, NULL, 5, '4.99', 161, '26.99', 'G', 'Deleted Scenes,Behind the Scenes', '2020-07-30 12:37:53'),
(203, 'DAISY MENAGERIE', 'A Fast-Paced Saga of a Pastry Chef And a Monkey who must Sink a Composer in Ancient India', 2014, 5, NULL, 5, '4.99', 84, '9.99', 'G', 'Trailers,Commentaries,Behind the Scenes', '2020-07-30 12:37:53'),
(204, 'DALMATIONS SWEDEN', 'A Emotional Epistle of a Moose And a Hunter who must Overcome a Robot in A Manhattan Penthouse', 2014, 5, NULL, 4, '0.99', 106, '25.99', 'PG', 'Trailers,Commentaries,Deleted Scenes', '2020-07-30 12:37:53'),
(205, 'DANCES NONE', 'A Insightful Reflection of a A Shark And a Dog who must Kill a Butler in An Abandoned Amusement Park', 2014, 5, NULL, 3, '0.99', 58, '22.99', 'NC-17', 'Trailers,Commentaries,Deleted Scenes,Behind the Scenes', '2020-07-30 12:37:53'),
(206, 'DANCING FEVER', 'A Stunning Story of a Explorer And a Forensic Psychologist who must Face a Crocodile in A Shark Tank', 2014, 5, NULL, 6, '0.99', 144, '25.99', 'G', 'Commentaries,Behind the Scenes', '2020-07-30 12:37:53'),
(207, 'DANGEROUS UPTOWN', 'A Unbelieveable Story of a Mad Scientist And a Woman who must Overcome a Dog in California', 2014, 5, NULL, 7, '4.99', 121, '26.99', 'PG', 'Commentaries', '2020-07-30 12:37:53'),
(208, 'DARES PLUTO', 'A Fateful Story of a Robot And a Dentist who must Defeat a Astronaut in New Orleans', 2014, 5, NULL, 7, '2.99', 89, '16.99', 'PG-13', 'Commentaries,Behind the Scenes', '2020-07-30 12:37:53'),
(209, 'DARKNESS WAR', 'A Touching Documentary of a Husband And a Hunter who must Escape a Boy in The Sahara Desert', 2014, 5, NULL, 6, '2.99', 99, '24.99', 'NC-17', 'Deleted Scenes,Behind the Scenes', '2020-07-30 12:37:53'),
(210, 'DARKO DORADO', 'A Stunning Reflection of a Frisbee And a Husband who must Redeem a Dog in New Orleans', 2014, 5, NULL, 3, '4.99', 130, '13.99', 'NC-17', 'Trailers,Commentaries,Deleted Scenes,Behind the Scenes', '2020-07-30 12:37:53'),
(211, 'DARLING BREAKING', 'A Brilliant Documentary of a Astronaut And a Squirrel who must Succumb a Student in The Gulf of Mexico', 2014, 5, NULL, 7, '4.99', 165, '20.99', 'PG-13', 'Commentaries,Behind the Scenes', '2020-07-30 12:37:53'),
(212, 'DARN FORRESTER', 'A Fateful Story of a A Shark And a Explorer who must Succumb a Technical Writer in A Jet Boat', 2014, 5, NULL, 7, '4.99', 185, '14.99', 'G', 'Deleted Scenes', '2020-07-30 12:37:53'),
(213, 'DATE SPEED', 'A Touching Saga of a Composer And a Moose who must Discover a Dentist in A MySQL Convention', 2014, 5, NULL, 4, '0.99', 104, '19.99', 'R', 'Commentaries', '2020-07-30 12:37:53'),
(214, 'DAUGHTER MADIGAN', 'A Beautiful Tale of a Hunter And a Mad Scientist who must Confront a Squirrel in The First Manned Space Station', 2014, 5, NULL, 3, '4.99', 59, '13.99', 'PG-13', 'Trailers', '2020-07-30 12:37:53'),
(215, 'DAWN POND', 'A Thoughtful Documentary of a Dentist And a Forensic Psychologist who must Defeat a Waitress in Berlin', 2014, 5, NULL, 4, '4.99', 57, '27.99', 'PG', 'Trailers,Deleted Scenes,Behind the Scenes', '2020-07-30 12:37:53'),
(216, 'DAY UNFAITHFUL', 'A Stunning Documentary of a Composer And a Mad Scientist who must Find a Technical Writer in A U-Boat', 2014, 5, NULL, 3, '4.99', 113, '16.99', 'G', 'Trailers,Commentaries,Deleted Scenes,Behind the Scenes', '2020-07-30 12:37:53'),
(217, 'DAZED PUNK', 'A Action-Packed Story of a Pioneer And a Technical Writer who must Discover a Forensic Psychologist in An Abandoned Amusement Park', 2014, 5, NULL, 6, '4.99', 120, '20.99', 'G', 'Commentaries,Deleted Scenes', '2020-07-30 12:37:53'),
(218, 'DECEIVER BETRAYED', 'A Taut Story of a Moose And a Squirrel who must Build a Husband in Ancient India', 2014, 5, NULL, 7, '0.99', 122, '22.99', 'NC-17', 'Trailers,Commentaries,Deleted Scenes,Behind the Scenes', '2020-07-30 12:37:53'),
(219, 'DEEP CRUSADE', 'A Amazing Tale of a Crocodile And a Squirrel who must Discover a Composer in Australia', 2004, 5, NULL, 6, '4.99', 51, '20.99', 'PG-13', 'Commentaries,Behind the Scenes', '2020-07-30 12:37:53'),
(220, 'DEER VIRGINIAN', 'A Thoughtful Story of a Mad Cow And a Womanizer who must Overcome a Mad Scientist in Soviet Georgia', 2004, 5, NULL, 7, '2.99', 106, '13.99', 'NC-17', 'Deleted Scenes', '2020-07-30 12:37:53'),
(221, 'DELIVERANCE MULHOLLAND', 'A Astounding Saga of a Monkey And a Moose who must Conquer a Butler in A Shark Tank', 2004, 5, NULL, 4, '0.99', 100, '9.99', 'R', 'Deleted Scenes', '2020-07-30 12:37:53'),
(222, 'DESERT POSEIDON', 'A Brilliant Documentary of a Butler And a Frisbee who must Build a Astronaut in New Orleans', 2004, 5, NULL, 4, '4.99', 64, '27.99', 'R', 'Trailers,Behind the Scenes', '2020-07-30 12:37:53');
INSERT INTO `film` (`film_id`, `title`, `description`, `release_year`, `language_id`, `original_language_id`, `rental_duration`, `rental_rate`, `length`, `replacement_cost`, `rating`, `special_features`, `last_update`) VALUES
(223, 'DESIRE ALIEN', 'A Fast-Paced Tale of a Dog And a Forensic Psychologist who must Meet a Astronaut in The First Manned Space Station', 2004, 5, NULL, 7, '2.99', 76, '24.99', 'NC-17', 'Deleted Scenes', '2020-07-30 12:37:53'),
(224, 'DESPERATE TRAINSPOTTING', 'A Epic Yarn of a Forensic Psychologist And a Teacher who must Face a Lumberjack in California', 2004, 5, NULL, 7, '4.99', 81, '29.99', 'G', 'Deleted Scenes', '2020-07-30 12:37:53'),
(225, 'DESTINATION JERK', 'A Beautiful Yarn of a Teacher And a Cat who must Build a Car in A U-Boat', 2004, 5, NULL, 3, '0.99', 76, '19.99', 'PG-13', 'Trailers,Commentaries,Behind the Scenes', '2020-07-30 12:37:53'),
(226, 'DESTINY SATURDAY', 'A Touching Drama of a Crocodile And a Crocodile who must Conquer a Explorer in Soviet Georgia', 2004, 5, NULL, 4, '4.99', 56, '20.99', 'G', 'Trailers,Commentaries,Behind the Scenes', '2020-07-30 12:37:53'),
(227, 'DETAILS PACKER', 'A Epic Saga of a Waitress And a Composer who must Face a Boat in A U-Boat', 2004, 5, NULL, 4, '4.99', 88, '17.99', 'R', 'Commentaries,Deleted Scenes', '2020-07-30 12:37:53'),
(228, 'DETECTIVE VISION', 'A Fanciful Documentary of a Pioneer And a Woman who must Redeem a Hunter in Ancient Japan', 2004, 5, NULL, 4, '0.99', 143, '16.99', 'PG-13', 'Trailers,Commentaries,Behind the Scenes', '2020-07-30 12:37:53'),
(229, 'DEVIL DESIRE', 'A Beautiful Reflection of a Monkey And a Dentist who must Face a Database Administrator in Ancient Japan', 2004, 5, NULL, 6, '4.99', 87, '12.99', 'R', 'Trailers,Behind the Scenes', '2020-07-30 12:37:53'),
(230, 'DIARY PANIC', 'A Thoughtful Character Study of a Frisbee And a Mad Cow who must Outgun a Man in Ancient India', 2004, 5, NULL, 7, '2.99', 107, '20.99', 'G', 'Commentaries,Behind the Scenes', '2020-07-30 12:37:53'),
(231, 'DINOSAUR SECRETARY', 'A Action-Packed Drama of a Feminist And a Girl who must Reach a Robot in The Canadian Rockies', 2004, 5, NULL, 7, '2.99', 63, '27.99', 'R', 'Trailers,Behind the Scenes', '2020-07-30 12:37:53'),
(232, 'DIRTY ACE', 'A Action-Packed Character Study of a Forensic Psychologist And a Girl who must Build a Dentist in The Outback', 2004, 5, NULL, 7, '2.99', 147, '29.99', 'NC-17', 'Commentaries,Deleted Scenes,Behind the Scenes', '2020-07-30 12:37:53'),
(233, 'DISCIPLE MOTHER', 'A Touching Reflection of a Mad Scientist And a Boat who must Face a Moose in A Shark Tank', 2004, 5, NULL, 3, '0.99', 141, '17.99', 'PG', 'Trailers,Deleted Scenes,Behind the Scenes', '2020-07-30 12:37:53'),
(234, 'DISTURBING SCARFACE', 'A Lacklusture Display of a Crocodile And a Butler who must Overcome a Monkey in A U-Boat', 2004, 5, NULL, 6, '2.99', 94, '27.99', 'R', 'Trailers,Behind the Scenes', '2020-07-30 12:37:53'),
(235, 'DIVIDE MONSTER', 'A Intrepid Saga of a Man And a Forensic Psychologist who must Reach a Squirrel in A Monastery', 2004, 5, NULL, 6, '2.99', 68, '13.99', 'PG-13', 'Trailers,Commentaries', '2020-07-30 12:37:53'),
(236, 'DIVINE RESURRECTION', 'A Boring Character Study of a Man And a Womanizer who must Succumb a Teacher in An Abandoned Amusement Park', 2004, 5, NULL, 4, '2.99', 100, '19.99', 'R', 'Trailers,Commentaries', '2020-07-30 12:37:53'),
(237, 'DIVORCE SHINING', 'A Unbelieveable Saga of a Crocodile And a Student who must Discover a Cat in Ancient India', 2004, 5, NULL, 3, '2.99', 47, '21.99', 'G', 'Trailers,Commentaries,Deleted Scenes', '2020-07-30 12:37:53'),
(238, 'DOCTOR GRAIL', 'A Insightful Drama of a Womanizer And a Waitress who must Reach a Forensic Psychologist in The Outback', 2004, 5, NULL, 4, '2.99', 57, '29.99', 'G', 'Trailers,Commentaries,Behind the Scenes', '2020-07-30 12:37:53'),
(239, 'DOGMA FAMILY', 'A Brilliant Character Study of a Database Administrator And a Monkey who must Succumb a Astronaut in New Orleans', 2004, 5, NULL, 5, '4.99', 122, '16.99', 'G', 'Commentaries', '2020-07-30 12:37:53'),
(240, 'DOLLS RAGE', 'A Thrilling Display of a Pioneer And a Frisbee who must Escape a Teacher in The Outback', 2004, 5, NULL, 7, '2.99', 120, '10.99', 'PG-13', 'Commentaries,Deleted Scenes', '2020-07-30 12:37:53'),
(241, 'DONNIE ALLEY', 'A Awe-Inspiring Tale of a Butler And a Frisbee who must Vanquish a Teacher in Ancient Japan', 2004, 5, NULL, 4, '0.99', 125, '20.99', 'NC-17', 'Trailers,Commentaries,Behind the Scenes', '2020-07-30 12:37:53'),
(242, 'DOOM DANCING', 'A Astounding Panorama of a Car And a Mad Scientist who must Battle a Lumberjack in A MySQL Convention', 2004, 5, NULL, 4, '0.99', 68, '13.99', 'R', 'Trailers,Commentaries', '2020-07-30 12:37:53'),
(243, 'DOORS PRESIDENT', 'A Awe-Inspiring Display of a Squirrel And a Woman who must Overcome a Boy in The Gulf of Mexico', 2004, 5, NULL, 3, '4.99', 49, '22.99', 'NC-17', 'Trailers,Commentaries,Deleted Scenes,Behind the Scenes', '2020-07-30 12:37:53'),
(244, 'DORADO NOTTING', 'A Action-Packed Tale of a Sumo Wrestler And a A Shark who must Meet a Frisbee in California', 2004, 5, NULL, 5, '4.99', 139, '26.99', 'NC-17', 'Commentaries', '2020-07-30 12:37:53'),
(245, 'DOUBLE WRATH', 'A Thoughtful Yarn of a Womanizer And a Dog who must Challenge a Madman in The Gulf of Mexico', 2004, 5, NULL, 4, '0.99', 177, '28.99', 'R', 'Trailers,Deleted Scenes,Behind the Scenes', '2020-07-30 12:37:53'),
(246, 'DOUBTFIRE LABYRINTH', 'A Intrepid Panorama of a Butler And a Composer who must Meet a Mad Cow in The Sahara Desert', 2004, 5, NULL, 5, '4.99', 154, '16.99', 'R', 'Deleted Scenes,Behind the Scenes', '2020-07-30 12:37:53'),
(247, 'DOWNHILL ENOUGH', 'A Emotional Tale of a Pastry Chef And a Forensic Psychologist who must Succumb a Monkey in The Sahara Desert', 2004, 5, NULL, 3, '0.99', 47, '19.99', 'G', 'Trailers,Commentaries,Deleted Scenes', '2020-07-30 12:37:53'),
(248, 'DOZEN LION', 'A Taut Drama of a Cat And a Girl who must Defeat a Frisbee in The Canadian Rockies', 2004, 5, NULL, 6, '4.99', 177, '20.99', 'NC-17', 'Commentaries,Deleted Scenes,Behind the Scenes', '2020-07-30 12:37:53'),
(249, 'DRACULA CRYSTAL', 'A Thrilling Reflection of a Feminist And a Cat who must Find a Frisbee in An Abandoned Fun House', 2004, 5, NULL, 7, '0.99', 176, '26.99', 'G', 'Commentaries', '2020-07-30 12:37:53'),
(250, 'DRAGON SQUAD', 'A Taut Reflection of a Boy And a Waitress who must Outgun a Teacher in Ancient China', 2004, 5, NULL, 4, '0.99', 170, '26.99', 'NC-17', 'Deleted Scenes,Behind the Scenes', '2020-07-30 12:37:53'),
(251, 'DRAGONFLY STRANGERS', 'A Boring Documentary of a Pioneer And a Man who must Vanquish a Man in Nigeria', 2004, 5, NULL, 6, '4.99', 133, '19.99', 'NC-17', 'Trailers,Behind the Scenes', '2020-07-30 12:37:53'),
(252, 'DREAM PICKUP', 'A Epic Display of a Car And a Composer who must Overcome a Forensic Psychologist in The Gulf of Mexico', 2004, 5, NULL, 6, '2.99', 135, '18.99', 'PG', 'Trailers,Commentaries,Behind the Scenes', '2020-07-30 12:37:53'),
(253, 'DRIFTER COMMANDMENTS', 'A Epic Reflection of a Womanizer And a Squirrel who must Discover a Husband in A Jet Boat', 2004, 5, NULL, 5, '4.99', 61, '18.99', 'PG-13', 'Trailers,Behind the Scenes', '2020-07-30 12:37:53'),
(254, 'DRIVER ANNIE', 'A Lacklusture Character Study of a Butler And a Car who must Redeem a Boat in An Abandoned Fun House', 2004, 5, NULL, 4, '2.99', 159, '11.99', 'PG-13', 'Trailers,Deleted Scenes,Behind the Scenes', '2020-07-30 12:37:53'),
(255, 'DRIVING POLISH', 'A Action-Packed Yarn of a Feminist And a Technical Writer who must Sink a Boat in An Abandoned Mine Shaft', 2004, 5, NULL, 6, '4.99', 175, '21.99', 'NC-17', 'Trailers,Deleted Scenes', '2020-07-30 12:37:53'),
(256, 'DROP WATERFRONT', 'A Fanciful Documentary of a Husband And a Explorer who must Reach a Madman in Ancient China', 2004, 5, NULL, 6, '4.99', 178, '20.99', 'R', 'Trailers,Commentaries', '2020-07-30 12:37:53'),
(257, 'DRUMLINE CYCLONE', 'A Insightful Panorama of a Monkey And a Sumo Wrestler who must Outrace a Mad Scientist in The Canadian Rockies', 2004, 5, NULL, 3, '0.99', 110, '14.99', 'G', 'Commentaries,Deleted Scenes,Behind the Scenes', '2020-07-30 12:37:53'),
(258, 'DRUMS DYNAMITE', 'A Epic Display of a Crocodile And a Crocodile who must Confront a Dog in An Abandoned Amusement Park', 2004, 5, NULL, 6, '0.99', 96, '11.99', 'PG', 'Trailers', '2020-07-30 12:37:53'),
(259, 'DUCK RACER', 'A Lacklusture Yarn of a Teacher And a Squirrel who must Overcome a Dog in A Shark Tank', 2004, 5, NULL, 4, '2.99', 116, '15.99', 'NC-17', 'Behind the Scenes', '2020-07-30 12:37:53'),
(260, 'DUDE BLINDNESS', 'A Stunning Reflection of a Husband And a Lumberjack who must Face a Frisbee in An Abandoned Fun House', 2007, 5, NULL, 3, '4.99', 132, '9.99', 'G', 'Trailers,Deleted Scenes', '2020-07-30 12:37:53'),
(261, 'DUFFEL APOCALYPSE', 'A Emotional Display of a Boat And a Explorer who must Challenge a Madman in A MySQL Convention', 2007, 5, NULL, 5, '0.99', 171, '13.99', 'G', 'Commentaries', '2020-07-30 12:37:53'),
(262, 'DUMBO LUST', 'A Touching Display of a Feminist And a Dentist who must Conquer a Husband in The Gulf of Mexico', 2007, 5, NULL, 5, '0.99', 119, '17.99', 'NC-17', 'Behind the Scenes', '2020-07-30 12:37:53'),
(263, 'DURHAM PANKY', 'A Brilliant Panorama of a Girl And a Boy who must Face a Mad Scientist in An Abandoned Mine Shaft', 2007, 5, NULL, 6, '4.99', 154, '14.99', 'R', 'Trailers,Commentaries', '2020-07-30 12:37:53'),
(264, 'DWARFS ALTER', 'A Emotional Yarn of a Girl And a Dog who must Challenge a Composer in Ancient Japan', 2007, 5, NULL, 6, '2.99', 101, '13.99', 'G', 'Commentaries,Deleted Scenes', '2020-07-30 12:37:53'),
(265, 'DYING MAKER', 'A Intrepid Tale of a Boat And a Monkey who must Kill a Cat in California', 2007, 5, NULL, 5, '4.99', 168, '28.99', 'PG', 'Behind the Scenes', '2020-07-30 12:37:53'),
(266, 'DYNAMITE TARZAN', 'A Intrepid Documentary of a Forensic Psychologist And a Mad Scientist who must Face a Explorer in A U-Boat', 2007, 5, NULL, 4, '0.99', 141, '27.99', 'PG-13', 'Deleted Scenes', '2020-07-30 12:37:53'),
(267, 'EAGLES PANKY', 'A Thoughtful Story of a Car And a Boy who must Find a A Shark in The Sahara Desert', 2007, 5, NULL, 4, '4.99', 140, '14.99', 'NC-17', 'Trailers,Commentaries,Behind the Scenes', '2020-07-30 12:37:53'),
(268, 'EARLY HOME', 'A Amazing Panorama of a Mad Scientist And a Husband who must Meet a Woman in The Outback', 2007, 5, NULL, 6, '4.99', 96, '27.99', 'NC-17', 'Trailers,Commentaries,Behind the Scenes', '2020-07-30 12:37:53'),
(269, 'EARRING INSTINCT', 'A Stunning Character Study of a Dentist And a Mad Cow who must Find a Teacher in Nigeria', 2007, 5, NULL, 3, '0.99', 98, '22.99', 'R', 'Behind the Scenes', '2020-07-30 12:37:53'),
(270, 'EARTH VISION', 'A Stunning Drama of a Butler And a Madman who must Outrace a Womanizer in Ancient India', 2007, 5, NULL, 7, '0.99', 85, '29.99', 'NC-17', 'Trailers,Commentaries,Deleted Scenes', '2020-07-30 12:37:53'),
(271, 'EASY GLADIATOR', 'A Fateful Story of a Monkey And a Girl who must Overcome a Pastry Chef in Ancient India', 2007, 5, NULL, 5, '4.99', 148, '12.99', 'G', 'Trailers,Commentaries,Behind the Scenes', '2020-07-30 12:37:53'),
(272, 'EDGE KISSING', 'A Beautiful Yarn of a Composer And a Mad Cow who must Redeem a Mad Scientist in A Jet Boat', 2007, 5, NULL, 5, '4.99', 153, '9.99', 'NC-17', 'Deleted Scenes', '2020-07-30 12:37:53'),
(273, 'EFFECT GLADIATOR', 'A Beautiful Display of a Pastry Chef And a Pastry Chef who must Outgun a Forensic Psychologist in A Manhattan Penthouse', 2007, 5, NULL, 6, '0.99', 107, '14.99', 'PG', 'Commentaries', '2020-07-30 12:37:53'),
(274, 'EGG IGBY', 'A Beautiful Documentary of a Boat And a Sumo Wrestler who must Succumb a Database Administrator in The First Manned Space Station', 2007, 5, NULL, 4, '2.99', 67, '20.99', 'PG', 'Commentaries,Behind the Scenes', '2020-07-30 12:37:53'),
(275, 'EGYPT TENENBAUMS', 'A Intrepid Story of a Madman And a Secret Agent who must Outrace a Astronaut in An Abandoned Amusement Park', 2007, 5, NULL, 3, '0.99', 85, '11.99', 'PG', 'Commentaries,Deleted Scenes,Behind the Scenes', '2020-07-30 12:37:53'),
(276, 'ELEMENT FREDDY', 'A Awe-Inspiring Reflection of a Waitress And a Squirrel who must Kill a Mad Cow in A Jet Boat', 2007, 5, NULL, 6, '4.99', 115, '28.99', 'NC-17', 'Commentaries,Behind the Scenes', '2020-07-30 12:37:53'),
(277, 'ELEPHANT TROJAN', 'A Beautiful Panorama of a Lumberjack And a Forensic Psychologist who must Overcome a Frisbee in A Baloon', 2007, 5, NULL, 4, '4.99', 126, '24.99', 'PG-13', 'Behind the Scenes', '2020-07-30 12:37:53'),
(278, 'ELF MURDER', 'A Action-Packed Story of a Frisbee And a Woman who must Reach a Girl in An Abandoned Mine Shaft', 2007, 5, NULL, 4, '4.99', 155, '19.99', 'NC-17', 'Trailers,Commentaries,Behind the Scenes', '2020-07-30 12:37:53'),
(279, 'ELIZABETH SHANE', 'A Lacklusture Display of a Womanizer And a Dog who must Face a Sumo Wrestler in Ancient Japan', 2007, 5, NULL, 7, '4.99', 152, '11.99', 'NC-17', 'Trailers,Deleted Scenes,Behind the Scenes', '2020-07-30 12:37:53'),
(280, 'EMPIRE MALKOVICH', 'A Amazing Story of a Feminist And a Cat who must Face a Car in An Abandoned Fun House', 2007, 5, NULL, 7, '0.99', 177, '26.99', 'G', 'Deleted Scenes', '2020-07-30 12:37:53'),
(281, 'ENCINO ELF', 'A Astounding Drama of a Feminist And a Teacher who must Confront a Husband in A Baloon', 2007, 5, NULL, 6, '0.99', 143, '9.99', 'G', 'Trailers,Behind the Scenes', '2020-07-30 12:37:53'),
(282, 'ENCOUNTERS CURTAIN', 'A Insightful Epistle of a Pastry Chef And a Womanizer who must Build a Boat in New Orleans', 2007, 5, NULL, 5, '0.99', 92, '20.99', 'NC-17', 'Trailers', '2020-07-30 12:37:53'),
(283, 'ENDING CROWDS', 'A Unbelieveable Display of a Dentist And a Madman who must Vanquish a Squirrel in Berlin', 2007, 5, NULL, 6, '0.99', 85, '10.99', 'NC-17', 'Commentaries,Behind the Scenes', '2020-07-30 12:37:53'),
(284, 'ENEMY ODDS', 'A Fanciful Panorama of a Mad Scientist And a Woman who must Pursue a Astronaut in Ancient India', 2007, 5, NULL, 5, '4.99', 77, '23.99', 'NC-17', 'Trailers', '2020-07-30 12:37:53'),
(285, 'ENGLISH BULWORTH', 'A Intrepid Epistle of a Pastry Chef And a Pastry Chef who must Pursue a Crocodile in Ancient China', 2007, 5, NULL, 3, '0.99', 51, '18.99', 'PG-13', 'Deleted Scenes', '2020-07-30 12:37:53'),
(286, 'ENOUGH RAGING', 'A Astounding Character Study of a Boat And a Secret Agent who must Find a Mad Cow in The Sahara Desert', 2007, 5, NULL, 7, '2.99', 158, '16.99', 'NC-17', 'Commentaries', '2020-07-30 12:37:53'),
(287, 'ENTRAPMENT SATISFACTION', 'A Thoughtful Panorama of a Hunter And a Teacher who must Reach a Mad Cow in A U-Boat', 2007, 5, NULL, 5, '0.99', 176, '19.99', 'R', 'Commentaries,Deleted Scenes,Behind the Scenes', '2020-07-30 12:37:53'),
(288, 'ESCAPE METROPOLIS', 'A Taut Yarn of a Astronaut And a Technical Writer who must Outgun a Boat in New Orleans', 2007, 5, NULL, 7, '2.99', 167, '20.99', 'R', 'Trailers', '2020-07-30 12:37:53'),
(289, 'EVE RESURRECTION', 'A Awe-Inspiring Yarn of a Pastry Chef And a Database Administrator who must Challenge a Teacher in A Baloon', 2007, 5, NULL, 5, '4.99', 66, '25.99', 'G', 'Trailers,Commentaries,Deleted Scenes', '2020-07-30 12:37:53'),
(290, 'EVERYONE CRAFT', 'A Fateful Display of a Waitress And a Dentist who must Reach a Butler in Nigeria', 2007, 5, NULL, 4, '0.99', 163, '29.99', 'PG', 'Trailers,Commentaries', '2020-07-30 12:37:53'),
(291, 'EVOLUTION ALTER', 'A Fanciful Character Study of a Feminist And a Madman who must Find a Explorer in A Baloon Factory', 2007, 5, NULL, 5, '0.99', 174, '10.99', 'PG-13', 'Behind the Scenes', '2020-07-30 12:37:53'),
(292, 'EXCITEMENT EVE', 'A Brilliant Documentary of a Monkey And a Car who must Conquer a Crocodile in A Shark Tank', 2007, 5, NULL, 3, '0.99', 51, '20.99', 'G', 'Commentaries', '2020-07-30 12:37:53'),
(293, 'EXORCIST STING', 'A Touching Drama of a Dog And a Sumo Wrestler who must Conquer a Mad Scientist in Berlin', 2007, 5, NULL, 6, '2.99', 167, '17.99', 'G', 'Commentaries,Deleted Scenes,Behind the Scenes', '2020-07-30 12:37:53'),
(294, 'EXPECATIONS NATURAL', 'A Amazing Drama of a Butler And a Husband who must Reach a A Shark in A U-Boat', 2002, 5, NULL, 5, '4.99', 138, '26.99', 'PG-13', 'Deleted Scenes', '2020-07-30 12:37:53'),
(295, 'EXPENDABLE STALLION', 'A Amazing Character Study of a Mad Cow And a Squirrel who must Discover a Hunter in A U-Boat', 2002, 5, NULL, 3, '0.99', 97, '14.99', 'PG', 'Trailers,Behind the Scenes', '2020-07-30 12:37:53'),
(296, 'EXPRESS LONELY', 'A Boring Drama of a Astronaut And a Boat who must Face a Boat in California', 2002, 5, NULL, 5, '2.99', 178, '23.99', 'R', 'Trailers', '2020-07-30 12:37:53'),
(297, 'EXTRAORDINARY CONQUERER', 'A Stunning Story of a Dog And a Feminist who must Face a Forensic Psychologist in Berlin', 2002, 5, NULL, 6, '2.99', 122, '29.99', 'G', 'Trailers,Commentaries,Deleted Scenes', '2020-07-30 12:37:53'),
(298, 'EYES DRIVING', 'A Thrilling Story of a Cat And a Waitress who must Fight a Explorer in The Outback', 2002, 5, NULL, 4, '2.99', 172, '13.99', 'PG-13', 'Trailers,Commentaries', '2020-07-30 12:37:53'),
(299, 'FACTORY DRAGON', 'A Action-Packed Saga of a Teacher And a Frisbee who must Escape a Lumberjack in The Sahara Desert', 2002, 5, NULL, 4, '0.99', 144, '9.99', 'PG-13', 'Trailers,Commentaries,Deleted Scenes', '2020-07-30 12:37:53'),
(300, 'FALCON VOLUME', 'A Fateful Saga of a Sumo Wrestler And a Hunter who must Redeem a A Shark in New Orleans', 2002, 5, NULL, 5, '4.99', 102, '21.99', 'PG-13', 'Commentaries,Behind the Scenes', '2020-07-30 12:37:53'),
(301, 'FAMILY SWEET', 'A Epic Documentary of a Teacher And a Boy who must Escape a Woman in Berlin', 2002, 5, NULL, 4, '0.99', 155, '24.99', 'R', 'Trailers', '2020-07-30 12:37:53'),
(302, 'FANTASIA PARK', 'A Thoughtful Documentary of a Mad Scientist And a A Shark who must Outrace a Feminist in Australia', 2002, 5, NULL, 5, '2.99', 131, '29.99', 'G', 'Commentaries', '2020-07-30 12:37:53'),
(303, 'FANTASY TROOPERS', 'A Touching Saga of a Teacher And a Monkey who must Overcome a Secret Agent in A MySQL Convention', 2002, 5, NULL, 6, '0.99', 58, '27.99', 'PG-13', 'Behind the Scenes', '2020-07-30 12:37:53'),
(304, 'FARGO GANDHI', 'A Thrilling Reflection of a Pastry Chef And a Crocodile who must Reach a Teacher in The Outback', 2002, 5, NULL, 3, '2.99', 130, '28.99', 'G', 'Deleted Scenes', '2020-07-30 12:37:53'),
(305, 'FATAL HAUNTED', 'A Beautiful Drama of a Student And a Secret Agent who must Confront a Dentist in Ancient Japan', 2002, 5, NULL, 6, '2.99', 91, '24.99', 'PG', 'Trailers,Behind the Scenes', '2020-07-30 12:37:53'),
(306, 'FEATHERS METAL', 'A Thoughtful Yarn of a Monkey And a Teacher who must Find a Dog in Australia', 2002, 5, NULL, 3, '0.99', 104, '12.99', 'PG-13', 'Trailers,Deleted Scenes', '2020-07-30 12:37:53'),
(307, 'FELLOWSHIP AUTUMN', 'A Lacklusture Reflection of a Dentist And a Hunter who must Meet a Teacher in A Baloon', 2002, 5, NULL, 6, '4.99', 77, '9.99', 'NC-17', 'Deleted Scenes,Behind the Scenes', '2020-07-30 12:37:53'),
(308, 'FERRIS MOTHER', 'A Touching Display of a Frisbee And a Frisbee who must Kill a Girl in The Gulf of Mexico', 2002, 5, NULL, 3, '2.99', 142, '13.99', 'PG', 'Trailers,Deleted Scenes,Behind the Scenes', '2020-07-30 12:37:53'),
(309, 'FEUD FROGMEN', 'A Brilliant Reflection of a Database Administrator And a Mad Cow who must Chase a Woman in The Canadian Rockies', 2002, 5, NULL, 6, '0.99', 98, '29.99', 'R', 'Trailers,Commentaries,Deleted Scenes,Behind the Scenes', '2020-07-30 12:37:53'),
(310, 'FEVER EMPIRE', 'A Insightful Panorama of a Cat And a Boat who must Defeat a Boat in The Gulf of Mexico', 2002, 5, NULL, 5, '4.99', 158, '20.99', 'R', 'Commentaries,Deleted Scenes', '2020-07-30 12:37:53'),
(311, 'FICTION CHRISTMAS', 'A Emotional Yarn of a A Shark And a Student who must Battle a Robot in An Abandoned Mine Shaft', 2002, 5, NULL, 4, '0.99', 72, '14.99', 'PG', 'Trailers,Commentaries,Deleted Scenes,Behind the Scenes', '2020-07-30 12:37:53'),
(312, 'FIDDLER LOST', 'A Boring Tale of a Squirrel And a Dog who must Challenge a Madman in The Gulf of Mexico', 2002, 5, NULL, 4, '4.99', 75, '20.99', 'R', 'Deleted Scenes,Behind the Scenes', '2020-07-30 12:37:53'),
(313, 'FIDELITY DEVIL', 'A Awe-Inspiring Drama of a Technical Writer And a Composer who must Reach a Pastry Chef in A U-Boat', 2002, 5, NULL, 5, '4.99', 118, '11.99', 'G', 'Trailers,Deleted Scenes,Behind the Scenes', '2020-07-30 12:37:53'),
(314, 'FIGHT JAWBREAKER', 'A Intrepid Panorama of a Womanizer And a Girl who must Escape a Girl in A Manhattan Penthouse', 2002, 5, NULL, 3, '0.99', 91, '13.99', 'R', 'Trailers,Commentaries,Deleted Scenes,Behind the Scenes', '2020-07-30 12:37:53'),
(315, 'FINDING ANACONDA', 'A Fateful Tale of a Database Administrator And a Girl who must Battle a Squirrel in New Orleans', 2002, 5, NULL, 4, '0.99', 156, '10.99', 'R', 'Trailers,Commentaries', '2020-07-30 12:37:53'),
(316, 'FIRE WOLVES', 'A Intrepid Documentary of a Frisbee And a Dog who must Outrace a Lumberjack in Nigeria', 2002, 5, NULL, 5, '4.99', 173, '18.99', 'R', 'Trailers', '2020-07-30 12:37:53'),
(317, 'FIREBALL PHILADELPHIA', 'A Amazing Yarn of a Dentist And a A Shark who must Vanquish a Madman in An Abandoned Mine Shaft', 2002, 5, NULL, 4, '0.99', 148, '25.99', 'PG', 'Trailers,Commentaries,Behind the Scenes', '2020-07-30 12:37:53'),
(318, 'FIREHOUSE VIETNAM', 'A Awe-Inspiring Character Study of a Boat And a Boy who must Kill a Pastry Chef in The Sahara Desert', 2002, 5, NULL, 7, '0.99', 103, '14.99', 'G', 'Commentaries,Deleted Scenes', '2020-07-30 12:37:53'),
(319, 'FISH OPUS', 'A Touching Display of a Feminist And a Girl who must Confront a Astronaut in Australia', 2002, 5, NULL, 4, '2.99', 125, '22.99', 'R', 'Trailers,Deleted Scenes,Behind the Scenes', '2020-07-30 12:37:53'),
(320, 'FLAMINGOS CONNECTICUT', 'A Fast-Paced Reflection of a Composer And a Composer who must Meet a Cat in The Sahara Desert', 2002, 5, NULL, 4, '4.99', 80, '28.99', 'PG-13', 'Trailers', '2020-07-30 12:37:53'),
(321, 'FLASH WARS', 'A Astounding Saga of a Moose And a Pastry Chef who must Chase a Student in The Gulf of Mexico', 2002, 5, NULL, 3, '4.99', 123, '21.99', 'NC-17', 'Trailers,Commentaries,Behind the Scenes', '2020-07-30 12:37:53'),
(322, 'FLATLINERS KILLER', 'A Taut Display of a Secret Agent And a Waitress who must Sink a Robot in An Abandoned Mine Shaft', 2002, 5, NULL, 5, '2.99', 100, '29.99', 'G', 'Trailers,Commentaries,Deleted Scenes', '2020-07-30 12:37:53'),
(323, 'FLIGHT LIES', 'A Stunning Character Study of a Crocodile And a Pioneer who must Pursue a Teacher in New Orleans', 2002, 5, NULL, 7, '4.99', 179, '22.99', 'R', 'Trailers', '2020-07-30 12:37:53'),
(324, 'FLINTSTONES HAPPINESS', 'A Fateful Story of a Husband And a Moose who must Vanquish a Boy in California', 2002, 5, NULL, 3, '4.99', 148, '11.99', 'PG-13', 'Trailers,Commentaries,Deleted Scenes,Behind the Scenes', '2020-07-30 12:37:53'),
(325, 'FLOATS GARDEN', 'A Action-Packed Epistle of a Robot And a Car who must Chase a Boat in Ancient Japan', 2002, 5, NULL, 6, '2.99', 145, '29.99', 'PG-13', 'Trailers,Commentaries,Behind the Scenes', '2020-07-30 12:37:53'),
(326, 'FLYING HOOK', 'A Thrilling Display of a Mad Cow And a Dog who must Challenge a Frisbee in Nigeria', 2002, 5, NULL, 6, '2.99', 69, '18.99', 'NC-17', 'Trailers,Commentaries,Behind the Scenes', '2020-07-30 12:37:53'),
(327, 'FOOL MOCKINGBIRD', 'A Lacklusture Tale of a Crocodile And a Composer who must Defeat a Madman in A U-Boat', 2002, 5, NULL, 3, '4.99', 158, '24.99', 'PG', 'Trailers,Commentaries', '2020-07-30 12:37:53'),
(328, 'FOREVER CANDIDATE', 'A Unbelieveable Panorama of a Technical Writer And a Man who must Pursue a Frisbee in A U-Boat', 2002, 5, NULL, 7, '2.99', 131, '28.99', 'NC-17', 'Commentaries,Deleted Scenes,Behind the Scenes', '2020-07-30 12:37:53'),
(329, 'FORREST SONS', 'A Thrilling Documentary of a Forensic Psychologist And a Butler who must Defeat a Explorer in A Jet Boat', 2002, 5, NULL, 4, '2.99', 63, '15.99', 'R', 'Commentaries', '2020-07-30 12:37:53'),
(330, 'FORRESTER COMANCHEROS', 'A Fateful Tale of a Squirrel And a Forensic Psychologist who must Redeem a Man in Nigeria', 2002, 5, NULL, 7, '4.99', 112, '22.99', 'NC-17', 'Trailers,Behind the Scenes', '2020-07-30 12:37:53'),
(331, 'FORWARD TEMPLE', 'A Astounding Display of a Forensic Psychologist And a Mad Scientist who must Challenge a Girl in New Orleans', 2002, 5, NULL, 6, '2.99', 90, '25.99', 'NC-17', 'Trailers,Commentaries,Behind the Scenes', '2020-07-30 12:37:53'),
(332, 'FRANKENSTEIN STRANGER', 'A Insightful Character Study of a Feminist And a Pioneer who must Pursue a Pastry Chef in Nigeria', 2002, 5, NULL, 7, '0.99', 159, '16.99', 'NC-17', 'Deleted Scenes,Behind the Scenes', '2020-07-30 12:37:53'),
(333, 'FREAKY POCUS', 'A Fast-Paced Documentary of a Pastry Chef And a Crocodile who must Chase a Squirrel in The Gulf of Mexico', 2002, 5, NULL, 7, '2.99', 126, '16.99', 'R', 'Trailers,Behind the Scenes', '2020-07-30 12:37:53'),
(334, 'FREDDY STORM', 'A Intrepid Saga of a Man And a Lumberjack who must Vanquish a Husband in The Outback', 2002, 5, NULL, 6, '4.99', 65, '21.99', 'NC-17', 'Trailers,Commentaries,Behind the Scenes', '2020-07-30 12:37:53'),
(335, 'FREEDOM CLEOPATRA', 'A Emotional Reflection of a Dentist And a Mad Cow who must Face a Squirrel in A Baloon', 2002, 5, NULL, 5, '0.99', 133, '23.99', 'PG-13', 'Trailers,Commentaries,Behind the Scenes', '2020-07-30 12:37:53'),
(336, 'FRENCH HOLIDAY', 'A Thrilling Epistle of a Dog And a Feminist who must Kill a Madman in Berlin', 2002, 5, NULL, 5, '4.99', 99, '22.99', 'PG', 'Behind the Scenes', '2020-07-30 12:37:53'),
(337, 'FRIDA SLIPPER', 'A Fateful Story of a Lumberjack And a Car who must Escape a Boat in An Abandoned Mine Shaft', 2002, 5, NULL, 6, '2.99', 73, '11.99', 'R', 'Trailers,Deleted Scenes', '2020-07-30 12:37:53'),
(338, 'FRISCO FORREST', 'A Beautiful Documentary of a Woman And a Pioneer who must Pursue a Mad Scientist in A Shark Tank', 2002, 5, NULL, 6, '4.99', 51, '23.99', 'PG', 'Commentaries,Deleted Scenes,Behind the Scenes', '2020-07-30 12:37:53'),
(339, 'FROGMEN BREAKING', 'A Unbelieveable Yarn of a Mad Scientist And a Cat who must Chase a Lumberjack in Australia', 2002, 5, NULL, 5, '0.99', 111, '17.99', 'R', 'Trailers,Deleted Scenes,Behind the Scenes', '2020-07-30 12:37:53'),
(340, 'FRONTIER CABIN', 'A Emotional Story of a Madman And a Waitress who must Battle a Teacher in An Abandoned Fun House', 2002, 5, NULL, 6, '4.99', 183, '14.99', 'PG-13', 'Commentaries,Deleted Scenes', '2020-07-30 12:37:53'),
(341, 'FROST HEAD', 'A Amazing Reflection of a Lumberjack And a Cat who must Discover a Husband in A MySQL Convention', 2002, 5, NULL, 5, '0.99', 82, '13.99', 'PG', 'Trailers,Deleted Scenes', '2020-07-30 12:37:53'),
(342, 'FUGITIVE MAGUIRE', 'A Taut Epistle of a Feminist And a Sumo Wrestler who must Battle a Crocodile in Australia', 2002, 5, NULL, 7, '4.99', 83, '28.99', 'R', 'Trailers,Commentaries,Deleted Scenes', '2020-07-30 12:37:53'),
(343, 'FULL FLATLINERS', 'A Beautiful Documentary of a Astronaut And a Moose who must Pursue a Monkey in A Shark Tank', 2002, 5, NULL, 6, '2.99', 94, '14.99', 'PG', 'Trailers,Deleted Scenes', '2020-07-30 12:37:53'),
(344, 'FURY MURDER', 'A Lacklusture Reflection of a Boat And a Forensic Psychologist who must Fight a Waitress in A Monastery', 2002, 5, NULL, 3, '0.99', 178, '28.99', 'PG-13', 'Deleted Scenes', '2020-07-30 12:37:53'),
(345, 'GABLES METROPOLIS', 'A Fateful Display of a Cat And a Pioneer who must Challenge a Pastry Chef in A Baloon Factory', 2013, 5, NULL, 3, '0.99', 161, '17.99', 'PG', 'Trailers,Commentaries', '2020-07-30 12:37:53'),
(346, 'GALAXY SWEETHEARTS', 'A Emotional Reflection of a Womanizer And a Pioneer who must Face a Squirrel in Berlin', 2013, 5, NULL, 4, '4.99', 128, '13.99', 'R', 'Deleted Scenes', '2020-07-30 12:37:53'),
(347, 'GAMES BOWFINGER', 'A Astounding Documentary of a Butler And a Explorer who must Challenge a Butler in A Monastery', 2013, 5, NULL, 7, '4.99', 119, '17.99', 'PG-13', 'Behind the Scenes', '2020-07-30 12:37:53'),
(348, 'GANDHI KWAI', 'A Thoughtful Display of a Mad Scientist And a Secret Agent who must Chase a Boat in Berlin', 2013, 5, NULL, 7, '0.99', 86, '9.99', 'PG-13', 'Trailers', '2020-07-30 12:37:53'),
(349, 'GANGS PRIDE', 'A Taut Character Study of a Woman And a A Shark who must Confront a Frisbee in Berlin', 2013, 5, NULL, 4, '2.99', 185, '27.99', 'PG-13', 'Behind the Scenes', '2020-07-30 12:37:53'),
(350, 'GARDEN ISLAND', 'A Unbelieveable Character Study of a Womanizer And a Madman who must Reach a Man in The Outback', 2013, 5, NULL, 3, '4.99', 80, '21.99', 'G', 'Trailers,Behind the Scenes', '2020-07-30 12:37:53'),
(351, 'GASLIGHT CRUSADE', 'A Amazing Epistle of a Boy And a Astronaut who must Redeem a Man in The Gulf of Mexico', 2013, 5, NULL, 4, '2.99', 106, '10.99', 'PG', 'Trailers,Deleted Scenes', '2020-07-30 12:37:53'),
(352, 'GATHERING CALENDAR', 'A Intrepid Tale of a Pioneer And a Moose who must Conquer a Frisbee in A MySQL Convention', 2013, 5, NULL, 4, '0.99', 176, '22.99', 'PG-13', 'Commentaries,Behind the Scenes', '2020-07-30 12:37:53'),
(353, 'GENTLEMEN STAGE', 'A Awe-Inspiring Reflection of a Monkey And a Student who must Overcome a Dentist in The First Manned Space Station', 2013, 5, NULL, 6, '2.99', 125, '22.99', 'NC-17', 'Commentaries,Deleted Scenes', '2020-07-30 12:37:53'),
(354, 'GHOST GROUNDHOG', 'A Brilliant Panorama of a Madman And a Composer who must Succumb a Car in Ancient India', 2013, 5, NULL, 6, '4.99', 85, '18.99', 'G', 'Trailers,Commentaries,Deleted Scenes,Behind the Scenes', '2020-07-30 12:37:53'),
(355, 'GHOSTBUSTERS ELF', 'A Thoughtful Epistle of a Dog And a Feminist who must Chase a Composer in Berlin', 2013, 5, NULL, 7, '0.99', 101, '18.99', 'R', 'Trailers,Deleted Scenes,Behind the Scenes', '2020-07-30 12:37:53'),
(356, 'GIANT TROOPERS', 'A Fateful Display of a Feminist And a Monkey who must Vanquish a Monkey in The Canadian Rockies', 2013, 5, NULL, 5, '2.99', 102, '10.99', 'R', 'Trailers,Commentaries', '2020-07-30 12:37:53'),
(357, 'GILBERT PELICAN', 'A Fateful Tale of a Man And a Feminist who must Conquer a Crocodile in A Manhattan Penthouse', 2013, 5, NULL, 7, '0.99', 114, '13.99', 'G', 'Trailers,Commentaries', '2020-07-30 12:37:53'),
(358, 'GILMORE BOILED', 'A Unbelieveable Documentary of a Boat And a Husband who must Succumb a Student in A U-Boat', 2013, 5, NULL, 5, '0.99', 163, '29.99', 'R', 'Trailers,Behind the Scenes', '2020-07-30 12:37:53'),
(359, 'GLADIATOR WESTWARD', 'A Astounding Reflection of a Squirrel And a Sumo Wrestler who must Sink a Dentist in Ancient Japan', 2013, 5, NULL, 6, '4.99', 173, '20.99', 'PG', 'Commentaries,Deleted Scenes', '2020-07-30 12:37:53'),
(360, 'GLASS DYING', 'A Astounding Drama of a Frisbee And a Astronaut who must Fight a Dog in Ancient Japan', 2013, 5, NULL, 4, '0.99', 103, '24.99', 'G', 'Trailers', '2020-07-30 12:37:53'),
(361, 'GLEAMING JAWBREAKER', 'A Amazing Display of a Composer And a Forensic Psychologist who must Discover a Car in The Canadian Rockies', 2013, 5, NULL, 5, '2.99', 89, '25.99', 'NC-17', 'Trailers,Commentaries', '2020-07-30 12:37:53'),
(362, 'GLORY TRACY', 'A Amazing Saga of a Woman And a Womanizer who must Discover a Cat in The First Manned Space Station', 2013, 5, NULL, 7, '2.99', 115, '13.99', 'PG-13', 'Trailers,Commentaries,Behind the Scenes', '2020-07-30 12:37:53'),
(363, 'GO PURPLE', 'A Fast-Paced Display of a Car And a Database Administrator who must Battle a Woman in A Baloon', 2013, 5, NULL, 3, '0.99', 54, '12.99', 'R', 'Trailers', '2020-07-30 12:37:53'),
(364, 'GODFATHER DIARY', 'A Stunning Saga of a Lumberjack And a Squirrel who must Chase a Car in The Outback', 2013, 5, NULL, 3, '2.99', 73, '14.99', 'NC-17', 'Trailers', '2020-07-30 12:37:53'),
(365, 'GOLD RIVER', 'A Taut Documentary of a Database Administrator And a Waitress who must Reach a Mad Scientist in A Baloon Factory', 2013, 5, NULL, 4, '4.99', 154, '21.99', 'R', 'Trailers,Commentaries,Deleted Scenes,Behind the Scenes', '2020-07-30 12:37:53'),
(366, 'GOLDFINGER SENSIBILITY', 'A Insightful Drama of a Mad Scientist And a Hunter who must Defeat a Pastry Chef in New Orleans', 2013, 5, NULL, 3, '0.99', 93, '29.99', 'G', 'Trailers,Commentaries,Behind the Scenes', '2020-07-30 12:37:53'),
(367, 'GOLDMINE TYCOON', 'A Brilliant Epistle of a Composer And a Frisbee who must Conquer a Husband in The Outback', 2013, 5, NULL, 6, '0.99', 153, '20.99', 'R', 'Trailers,Behind the Scenes', '2020-07-30 12:37:53'),
(368, 'GONE TROUBLE', 'A Insightful Character Study of a Mad Cow And a Forensic Psychologist who must Conquer a A Shark in A Manhattan Penthouse', 2013, 5, NULL, 7, '2.99', 84, '20.99', 'R', 'Deleted Scenes,Behind the Scenes', '2020-07-30 12:37:53'),
(369, 'GOODFELLAS SALUTE', 'A Unbelieveable Tale of a Dog And a Explorer who must Sink a Mad Cow in A Baloon Factory', 2013, 5, NULL, 4, '4.99', 56, '22.99', 'PG', 'Deleted Scenes', '2020-07-30 12:37:53'),
(370, 'GORGEOUS BINGO', 'A Action-Packed Display of a Sumo Wrestler And a Car who must Overcome a Waitress in A Baloon Factory', 2013, 5, NULL, 4, '2.99', 108, '26.99', 'R', 'Deleted Scenes,Behind the Scenes', '2020-07-30 12:37:53'),
(371, 'GOSFORD DONNIE', 'A Epic Panorama of a Mad Scientist And a Monkey who must Redeem a Secret Agent in Berlin', 2013, 5, NULL, 5, '4.99', 129, '17.99', 'G', 'Commentaries', '2020-07-30 12:37:53'),
(372, 'GRACELAND DYNAMITE', 'A Taut Display of a Cat And a Girl who must Overcome a Database Administrator in New Orleans', 2013, 5, NULL, 5, '4.99', 140, '26.99', 'R', 'Trailers,Commentaries', '2020-07-30 12:37:53'),
(373, 'GRADUATE LORD', 'A Lacklusture Epistle of a Girl And a A Shark who must Meet a Mad Scientist in Ancient China', 2013, 5, NULL, 7, '2.99', 156, '14.99', 'G', 'Trailers,Behind the Scenes', '2020-07-30 12:37:53'),
(374, 'GRAFFITI LOVE', 'A Unbelieveable Epistle of a Sumo Wrestler And a Hunter who must Build a Composer in Berlin', 2013, 5, NULL, 3, '0.99', 117, '29.99', 'PG', 'Trailers,Deleted Scenes', '2020-07-30 12:37:53'),
(375, 'GRAIL FRANKENSTEIN', 'A Unbelieveable Saga of a Teacher And a Monkey who must Fight a Girl in An Abandoned Mine Shaft', 2013, 5, NULL, 4, '2.99', 85, '17.99', 'NC-17', 'Commentaries,Deleted Scenes,Behind the Scenes', '2020-07-30 12:37:53'),
(376, 'GRAPES FURY', 'A Boring Yarn of a Mad Cow And a Sumo Wrestler who must Meet a Robot in Australia', 2013, 5, NULL, 4, '0.99', 155, '20.99', 'G', 'Commentaries,Behind the Scenes', '2020-07-30 12:37:53'),
(377, 'GREASE YOUTH', 'A Emotional Panorama of a Secret Agent And a Waitress who must Escape a Composer in Soviet Georgia', 2013, 5, NULL, 7, '0.99', 135, '20.99', 'G', 'Trailers,Deleted Scenes', '2020-07-30 12:37:53'),
(378, 'GREATEST NORTH', 'A Astounding Character Study of a Secret Agent And a Robot who must Build a A Shark in Berlin', 2013, 5, NULL, 5, '2.99', 93, '24.99', 'NC-17', 'Trailers,Commentaries,Behind the Scenes', '2020-07-30 12:37:53'),
(379, 'GREEDY ROOTS', 'A Amazing Reflection of a A Shark And a Butler who must Chase a Hunter in The Canadian Rockies', 2013, 5, NULL, 7, '0.99', 166, '14.99', 'R', 'Trailers,Commentaries,Deleted Scenes', '2020-07-30 12:37:53'),
(380, 'GREEK EVERYONE', 'A Stunning Display of a Butler And a Teacher who must Confront a A Shark in The First Manned Space Station', 2013, 5, NULL, 7, '2.99', 176, '11.99', 'PG', 'Trailers,Deleted Scenes', '2020-07-30 12:37:53'),
(381, 'GRINCH MASSAGE', 'A Intrepid Display of a Madman And a Feminist who must Pursue a Pioneer in The First Manned Space Station', 2013, 5, NULL, 7, '4.99', 150, '25.99', 'R', 'Trailers', '2020-07-30 12:37:53'),
(382, 'GRIT CLOCKWORK', 'A Thoughtful Display of a Dentist And a Squirrel who must Confront a Lumberjack in A Shark Tank', 2019, 5, NULL, 3, '0.99', 137, '21.99', 'PG', 'Trailers,Deleted Scenes', '2020-07-30 12:37:53'),
(383, 'GROOVE FICTION', 'A Unbelieveable Reflection of a Moose And a A Shark who must Defeat a Lumberjack in An Abandoned Mine Shaft', 2019, 5, NULL, 6, '0.99', 111, '13.99', 'NC-17', 'Behind the Scenes', '2020-07-30 12:37:53'),
(384, 'GROSSE WONDERFUL', 'A Epic Drama of a Cat And a Explorer who must Redeem a Moose in Australia', 2019, 5, NULL, 5, '4.99', 49, '19.99', 'R', 'Behind the Scenes', '2020-07-30 12:37:53'),
(385, 'GROUNDHOG UNCUT', 'A Brilliant Panorama of a Astronaut And a Technical Writer who must Discover a Butler in A Manhattan Penthouse', 2019, 6, NULL, 6, '4.99', 139, '26.99', 'PG-13', 'Trailers,Commentaries,Deleted Scenes,Behind the Scenes', '2020-07-30 12:37:53'),
(386, 'GUMP DATE', 'A Intrepid Yarn of a Explorer And a Student who must Kill a Husband in An Abandoned Mine Shaft', 2019, 6, NULL, 3, '4.99', 53, '12.99', 'NC-17', 'Deleted Scenes', '2020-07-30 12:37:53'),
(387, 'GUN BONNIE', 'A Boring Display of a Sumo Wrestler And a Husband who must Build a Waitress in The Gulf of Mexico', 2019, 6, NULL, 7, '0.99', 100, '27.99', 'G', 'Behind the Scenes', '2020-07-30 12:37:53'),
(388, 'GUNFIGHT MOON', 'A Epic Reflection of a Pastry Chef And a Explorer who must Reach a Dentist in The Sahara Desert', 2019, 6, NULL, 5, '0.99', 70, '16.99', 'NC-17', 'Deleted Scenes,Behind the Scenes', '2020-07-30 12:37:53'),
(389, 'GUNFIGHTER MUSSOLINI', 'A Touching Saga of a Robot And a Boy who must Kill a Man in Ancient Japan', 2019, 6, NULL, 3, '2.99', 127, '9.99', 'PG-13', 'Trailers,Commentaries', '2020-07-30 12:37:53'),
(390, 'GUYS FALCON', 'A Boring Story of a Woman And a Feminist who must Redeem a Squirrel in A U-Boat', 2019, 6, NULL, 4, '4.99', 84, '20.99', 'R', 'Trailers,Commentaries,Behind the Scenes', '2020-07-30 12:37:53'),
(391, 'HALF OUTFIELD', 'A Epic Epistle of a Database Administrator And a Crocodile who must Face a Madman in A Jet Boat', 2019, 6, NULL, 6, '2.99', 146, '25.99', 'PG-13', 'Trailers,Commentaries,Deleted Scenes,Behind the Scenes', '2020-07-30 12:37:53'),
(392, 'HALL CASSIDY', 'A Beautiful Panorama of a Pastry Chef And a A Shark who must Battle a Pioneer in Soviet Georgia', 2019, 6, NULL, 5, '4.99', 51, '13.99', 'NC-17', 'Commentaries,Behind the Scenes', '2020-07-30 12:37:53'),
(393, 'HALLOWEEN NUTS', 'A Amazing Panorama of a Forensic Psychologist And a Technical Writer who must Fight a Dentist in A U-Boat', 2019, 6, NULL, 6, '2.99', 47, '19.99', 'PG-13', 'Deleted Scenes', '2020-07-30 12:37:53'),
(394, 'HAMLET WISDOM', 'A Touching Reflection of a Man And a Man who must Sink a Robot in The Outback', 2019, 6, NULL, 7, '2.99', 146, '21.99', 'R', 'Trailers,Deleted Scenes', '2020-07-30 12:37:53'),
(395, 'HANDICAP BOONDOCK', 'A Beautiful Display of a Pioneer And a Squirrel who must Vanquish a Sumo Wrestler in Soviet Georgia', 2019, 6, NULL, 4, '0.99', 108, '28.99', 'R', 'Commentaries,Deleted Scenes,Behind the Scenes', '2020-07-30 12:37:53'),
(396, 'HANGING DEEP', 'A Action-Packed Yarn of a Boat And a Crocodile who must Build a Monkey in Berlin', 2019, 6, NULL, 5, '4.99', 62, '18.99', 'G', 'Trailers,Commentaries,Deleted Scenes', '2020-07-30 12:37:53'),
(397, 'HANKY OCTOBER', 'A Boring Epistle of a Database Administrator And a Explorer who must Pursue a Madman in Soviet Georgia', 2019, 6, NULL, 5, '2.99', 107, '26.99', 'NC-17', 'Trailers,Commentaries,Deleted Scenes', '2020-07-30 12:37:53'),
(398, 'HANOVER GALAXY', 'A Stunning Reflection of a Girl And a Secret Agent who must Succumb a Boy in A MySQL Convention', 2019, 6, NULL, 5, '4.99', 47, '21.99', 'NC-17', 'Commentaries,Deleted Scenes,Behind the Scenes', '2020-07-30 12:37:53'),
(399, 'HAPPINESS UNITED', 'A Action-Packed Panorama of a Husband And a Feminist who must Meet a Forensic Psychologist in Ancient Japan', 2019, 6, NULL, 6, '2.99', 100, '23.99', 'G', 'Deleted Scenes', '2020-07-30 12:37:53'),
(400, 'HARDLY ROBBERS', 'A Emotional Character Study of a Hunter And a Car who must Kill a Woman in Berlin', 2019, 6, NULL, 7, '2.99', 72, '15.99', 'R', 'Trailers,Behind the Scenes', '2020-07-30 12:37:53'),
(401, 'HAROLD FRENCH', 'A Stunning Saga of a Sumo Wrestler And a Student who must Outrace a Moose in The Sahara Desert', 2019, 6, NULL, 6, '0.99', 168, '10.99', 'NC-17', 'Commentaries,Deleted Scenes,Behind the Scenes', '2020-07-30 12:37:53'),
(402, 'HARPER DYING', 'A Awe-Inspiring Reflection of a Woman And a Cat who must Confront a Feminist in The Sahara Desert', 2019, 6, NULL, 3, '0.99', 52, '15.99', 'G', 'Trailers', '2020-07-30 12:37:53'),
(403, 'HARRY IDAHO', 'A Taut Yarn of a Technical Writer And a Feminist who must Outrace a Dog in California', 2019, 6, NULL, 5, '4.99', 121, '18.99', 'PG-13', 'Commentaries,Deleted Scenes', '2020-07-30 12:37:53'),
(404, 'HATE HANDICAP', 'A Intrepid Reflection of a Mad Scientist And a Pioneer who must Overcome a Hunter in The First Manned Space Station', 2019, 6, NULL, 4, '0.99', 107, '26.99', 'PG', 'Trailers,Commentaries,Behind the Scenes', '2020-07-30 12:37:53'),
(405, 'HAUNTED ANTITRUST', 'A Amazing Saga of a Man And a Dentist who must Reach a Technical Writer in Ancient India', 2019, 6, NULL, 6, '4.99', 76, '13.99', 'NC-17', 'Trailers,Deleted Scenes', '2020-07-30 12:37:53'),
(406, 'HAUNTING PIANIST', 'A Fast-Paced Story of a Database Administrator And a Composer who must Defeat a Squirrel in An Abandoned Amusement Park', 2019, 6, NULL, 5, '0.99', 181, '22.99', 'R', 'Behind the Scenes', '2020-07-30 12:37:53'),
(407, 'HAWK CHILL', 'A Action-Packed Drama of a Mad Scientist And a Composer who must Outgun a Car in Australia', 2019, 6, NULL, 5, '0.99', 47, '12.99', 'PG-13', 'Behind the Scenes', '2020-07-30 12:37:53'),
(408, 'HEAD STRANGER', 'A Thoughtful Saga of a Hunter And a Crocodile who must Confront a Dog in The Gulf of Mexico', 2019, 6, NULL, 4, '4.99', 69, '28.99', 'R', 'Trailers,Commentaries', '2020-07-30 12:37:53'),
(409, 'HEARTBREAKERS BRIGHT', 'A Awe-Inspiring Documentary of a A Shark And a Dentist who must Outrace a Pastry Chef in The Canadian Rockies', 2019, 6, NULL, 3, '4.99', 59, '9.99', 'G', 'Trailers,Deleted Scenes', '2020-07-30 12:37:53'),
(410, 'HEAVEN FREEDOM', 'A Intrepid Story of a Butler And a Car who must Vanquish a Man in New Orleans', 2019, 6, NULL, 7, '2.99', 48, '19.99', 'PG', 'Commentaries', '2020-07-30 12:37:53'),
(411, 'HEAVENLY GUN', 'A Beautiful Yarn of a Forensic Psychologist And a Frisbee who must Battle a Moose in A Jet Boat', 2019, 6, NULL, 5, '4.99', 49, '13.99', 'NC-17', 'Behind the Scenes', '2020-07-30 12:37:53'),
(412, 'HEAVYWEIGHTS BEAST', 'A Unbelieveable Story of a Composer And a Dog who must Overcome a Womanizer in An Abandoned Amusement Park', 2019, 6, NULL, 6, '4.99', 102, '25.99', 'G', 'Deleted Scenes', '2020-07-30 12:37:53'),
(413, 'HEDWIG ALTER', 'A Action-Packed Yarn of a Womanizer And a Lumberjack who must Chase a Sumo Wrestler in A Monastery', 2019, 6, NULL, 7, '2.99', 169, '16.99', 'NC-17', 'Trailers,Commentaries,Behind the Scenes', '2020-07-30 12:37:53'),
(414, 'HELLFIGHTERS SIERRA', 'A Taut Reflection of a A Shark And a Dentist who must Battle a Boat in Soviet Georgia', 2019, 6, NULL, 3, '2.99', 75, '23.99', 'PG', 'Deleted Scenes,Behind the Scenes', '2020-07-30 12:37:53'),
(415, 'HIGH ENCINO', 'A Fateful Saga of a Waitress And a Hunter who must Outrace a Sumo Wrestler in Australia', 2019, 6, NULL, 3, '2.99', 84, '23.99', 'R', 'Trailers,Commentaries,Behind the Scenes', '2020-07-30 12:37:53'),
(416, 'HIGHBALL POTTER', 'A Action-Packed Saga of a Husband And a Dog who must Redeem a Database Administrator in The Sahara Desert', 2019, 6, NULL, 6, '0.99', 110, '10.99', 'R', 'Deleted Scenes', '2020-07-30 12:37:53'),
(417, 'HILLS NEIGHBORS', 'A Epic Display of a Hunter And a Feminist who must Sink a Car in A U-Boat', 2020, 6, NULL, 5, '0.99', 93, '29.99', 'G', 'Trailers,Commentaries,Deleted Scenes,Behind the Scenes', '2020-07-30 12:37:53'),
(418, 'HOBBIT ALIEN', 'A Emotional Drama of a Husband And a Girl who must Outgun a Composer in The First Manned Space Station', 2020, 6, NULL, 5, '0.99', 157, '27.99', 'PG-13', 'Commentaries', '2020-07-30 12:37:53'),
(419, 'HOCUS FRIDA', 'A Awe-Inspiring Tale of a Girl And a Madman who must Outgun a Student in A Shark Tank', 2020, 6, NULL, 4, '2.99', 141, '19.99', 'G', 'Trailers,Deleted Scenes,Behind the Scenes', '2020-07-30 12:37:53'),
(420, 'HOLES BRANNIGAN', 'A Fast-Paced Reflection of a Technical Writer And a Student who must Fight a Boy in The Canadian Rockies', 2020, 6, NULL, 7, '4.99', 128, '27.99', 'PG', 'Commentaries,Behind the Scenes', '2020-07-30 12:37:53'),
(421, 'HOLIDAY GAMES', 'A Insightful Reflection of a Waitress And a Madman who must Pursue a Boy in Ancient Japan', 2020, 6, NULL, 7, '4.99', 78, '10.99', 'PG-13', 'Trailers,Commentaries,Behind the Scenes', '2020-07-30 12:37:53'),
(422, 'HOLLOW JEOPARDY', 'A Beautiful Character Study of a Robot And a Astronaut who must Overcome a Boat in A Monastery', 2020, 6, NULL, 7, '4.99', 136, '25.99', 'NC-17', 'Behind the Scenes', '2020-07-30 12:37:53'),
(423, 'HOLLYWOOD ANONYMOUS', 'A Fast-Paced Epistle of a Boy And a Explorer who must Escape a Dog in A U-Boat', 2020, 6, NULL, 7, '0.99', 69, '29.99', 'PG', 'Trailers,Behind the Scenes', '2020-07-30 12:37:53'),
(424, 'HOLOCAUST HIGHBALL', 'A Awe-Inspiring Yarn of a Composer And a Man who must Find a Robot in Soviet Georgia', 2020, 6, NULL, 6, '0.99', 149, '12.99', 'R', 'Deleted Scenes', '2020-07-30 12:37:53'),
(425, 'HOLY TADPOLE', 'A Action-Packed Display of a Feminist And a Pioneer who must Pursue a Dog in A Baloon Factory', 2020, 6, NULL, 6, '0.99', 88, '20.99', 'R', 'Behind the Scenes', '2020-07-30 12:37:53'),
(426, 'HOME PITY', 'A Touching Panorama of a Man And a Secret Agent who must Challenge a Teacher in A MySQL Convention', 2020, 6, NULL, 7, '4.99', 185, '15.99', 'R', 'Trailers,Commentaries,Behind the Scenes', '2020-07-30 12:37:53'),
(427, 'HOMEWARD CIDER', 'A Taut Reflection of a Astronaut And a Squirrel who must Fight a Squirrel in A Manhattan Penthouse', 2020, 6, NULL, 5, '0.99', 103, '19.99', 'R', 'Trailers', '2020-07-30 12:37:53'),
(428, 'HOMICIDE PEACH', 'A Astounding Documentary of a Hunter And a Boy who must Confront a Boy in A MySQL Convention', 2020, 6, NULL, 6, '2.99', 141, '21.99', 'PG-13', 'Commentaries', '2020-07-30 12:37:53'),
(429, 'HONEY TIES', 'A Taut Story of a Waitress And a Crocodile who must Outrace a Lumberjack in A Shark Tank', 2020, 6, NULL, 3, '0.99', 84, '29.99', 'R', 'Trailers,Commentaries,Deleted Scenes', '2020-07-30 12:37:53'),
(430, 'HOOK CHARIOTS', 'A Insightful Story of a Boy And a Dog who must Redeem a Boy in Australia', 2020, 6, NULL, 7, '0.99', 49, '23.99', 'G', 'Trailers,Commentaries,Behind the Scenes', '2020-07-30 12:37:53'),
(431, 'HOOSIERS BIRDCAGE', 'A Astounding Display of a Explorer And a Boat who must Vanquish a Car in The First Manned Space Station', 2020, 6, NULL, 3, '2.99', 176, '12.99', 'G', 'Trailers,Commentaries,Deleted Scenes', '2020-07-30 12:37:53'),
(432, 'HOPE TOOTSIE', 'A Amazing Documentary of a Student And a Sumo Wrestler who must Outgun a A Shark in A Shark Tank', 2020, 6, NULL, 4, '2.99', 139, '22.99', 'NC-17', 'Trailers,Deleted Scenes,Behind the Scenes', '2020-07-30 12:37:53'),
(433, 'HORN WORKING', 'A Stunning Display of a Mad Scientist And a Technical Writer who must Succumb a Monkey in A Shark Tank', 2020, 6, NULL, 4, '2.99', 95, '23.99', 'PG', 'Trailers', '2020-07-30 12:37:53'),
(434, 'HORROR REIGN', 'A Touching Documentary of a A Shark And a Car who must Build a Husband in Nigeria', 2020, 6, NULL, 3, '0.99', 139, '25.99', 'R', 'Deleted Scenes,Behind the Scenes', '2020-07-30 12:37:53'),
(435, 'HOTEL HAPPINESS', 'A Thrilling Yarn of a Pastry Chef And a A Shark who must Challenge a Mad Scientist in The Outback', 2020, 6, NULL, 6, '4.99', 181, '28.99', 'PG-13', 'Behind the Scenes', '2020-07-30 12:37:53'),
(436, 'HOURS RAGE', 'A Fateful Story of a Explorer And a Feminist who must Meet a Technical Writer in Soviet Georgia', 2020, 6, NULL, 4, '0.99', 122, '14.99', 'NC-17', 'Trailers,Deleted Scenes', '2020-07-30 12:37:53'),
(437, 'HOUSE DYNAMITE', 'A Taut Story of a Pioneer And a Squirrel who must Battle a Student in Soviet Georgia', 2020, 6, NULL, 7, '2.99', 109, '13.99', 'R', 'Commentaries,Deleted Scenes,Behind the Scenes', '2020-07-30 12:37:53'),
(438, 'HUMAN GRAFFITI', 'A Beautiful Reflection of a Womanizer And a Sumo Wrestler who must Chase a Database Administrator in The Gulf of Mexico', 2020, 6, NULL, 3, '2.99', 68, '22.99', 'NC-17', 'Trailers,Behind the Scenes', '2020-07-30 12:37:53'),
(439, 'HUNCHBACK IMPOSSIBLE', 'A Touching Yarn of a Frisbee And a Dentist who must Fight a Composer in Ancient Japan', 2020, 6, NULL, 4, '4.99', 151, '28.99', 'PG-13', 'Trailers,Deleted Scenes', '2020-07-30 12:37:53'),
(440, 'HUNGER ROOF', 'A Unbelieveable Yarn of a Student And a Database Administrator who must Outgun a Husband in An Abandoned Mine Shaft', 2020, 6, NULL, 6, '0.99', 105, '21.99', 'G', 'Deleted Scenes,Behind the Scenes', '2020-07-30 12:37:53'),
(441, 'HUNTER ALTER', 'A Emotional Drama of a Mad Cow And a Boat who must Redeem a Secret Agent in A Shark Tank', 2020, 6, NULL, 5, '2.99', 125, '21.99', 'PG-13', 'Commentaries,Deleted Scenes,Behind the Scenes', '2020-07-30 12:37:53'),
(442, 'HUNTING MUSKETEERS', 'A Thrilling Reflection of a Pioneer And a Dentist who must Outrace a Womanizer in An Abandoned Mine Shaft', 2020, 6, NULL, 6, '2.99', 65, '24.99', 'NC-17', 'Trailers,Deleted Scenes', '2020-07-30 12:37:53'),
(443, 'HURRICANE AFFAIR', 'A Lacklusture Epistle of a Database Administrator And a Woman who must Meet a Hunter in An Abandoned Mine Shaft', 2020, 6, NULL, 6, '2.99', 49, '11.99', 'PG', 'Trailers,Commentaries,Behind the Scenes', '2020-07-30 12:37:53'),
(444, 'HUSTLER PARTY', 'A Emotional Reflection of a Sumo Wrestler And a Monkey who must Conquer a Robot in The Sahara Desert', 2020, 6, NULL, 3, '4.99', 83, '22.99', 'NC-17', 'Trailers,Commentaries,Behind the Scenes', '2020-07-30 12:37:53'),
(445, 'HYDE DOCTOR', 'A Fanciful Documentary of a Boy And a Woman who must Redeem a Womanizer in A Jet Boat', 2020, 6, NULL, 5, '2.99', 100, '11.99', 'G', 'Trailers,Deleted Scenes', '2020-07-30 12:37:53'),
(446, 'HYSTERICAL GRAIL', 'A Amazing Saga of a Madman And a Dentist who must Build a Car in A Manhattan Penthouse', 2020, 6, NULL, 5, '4.99', 150, '19.99', 'PG', 'Trailers,Commentaries,Deleted Scenes', '2020-07-30 12:37:53');
INSERT INTO `film` (`film_id`, `title`, `description`, `release_year`, `language_id`, `original_language_id`, `rental_duration`, `rental_rate`, `length`, `replacement_cost`, `rating`, `special_features`, `last_update`) VALUES
(447, 'ICE CROSSING', 'A Fast-Paced Tale of a Butler And a Moose who must Overcome a Pioneer in A Manhattan Penthouse', 2020, 6, NULL, 5, '2.99', 131, '28.99', 'R', 'Deleted Scenes', '2020-07-30 12:37:53'),
(448, 'IDAHO LOVE', 'A Fast-Paced Drama of a Student And a Crocodile who must Meet a Database Administrator in The Outback', 2016, 6, NULL, 3, '2.99', 172, '25.99', 'PG-13', 'Trailers,Commentaries,Deleted Scenes,Behind the Scenes', '2020-07-30 12:37:53'),
(449, 'IDENTITY LOVER', 'A Boring Tale of a Composer And a Mad Cow who must Defeat a Car in The Outback', 2016, 6, NULL, 4, '2.99', 119, '12.99', 'PG-13', 'Deleted Scenes', '2020-07-30 12:37:53'),
(450, 'IDOLS SNATCHERS', 'A Insightful Drama of a Car And a Composer who must Fight a Man in A Monastery', 2016, 6, NULL, 5, '2.99', 84, '29.99', 'NC-17', 'Trailers', '2020-07-30 12:37:53'),
(451, 'IGBY MAKER', 'A Epic Documentary of a Hunter And a Dog who must Outgun a Dog in A Baloon Factory', 2016, 6, NULL, 7, '4.99', 160, '12.99', 'NC-17', 'Trailers,Behind the Scenes', '2020-07-30 12:37:53'),
(452, 'ILLUSION AMELIE', 'A Emotional Epistle of a Boat And a Mad Scientist who must Outrace a Robot in An Abandoned Mine Shaft', 2016, 6, NULL, 4, '0.99', 122, '15.99', 'R', 'Commentaries,Behind the Scenes', '2020-07-30 12:37:53'),
(453, 'IMAGE PRINCESS', 'A Lacklusture Panorama of a Secret Agent And a Crocodile who must Discover a Madman in The Canadian Rockies', 2016, 6, NULL, 3, '2.99', 178, '17.99', 'PG-13', 'Trailers,Commentaries,Deleted Scenes', '2020-07-30 12:37:53'),
(454, 'IMPACT ALADDIN', 'A Epic Character Study of a Frisbee And a Moose who must Outgun a Technical Writer in A Shark Tank', 2016, 6, NULL, 6, '0.99', 180, '20.99', 'PG-13', 'Trailers,Deleted Scenes', '2020-07-30 12:37:53'),
(455, 'IMPOSSIBLE PREJUDICE', 'A Awe-Inspiring Yarn of a Monkey And a Hunter who must Chase a Teacher in Ancient China', 2016, 6, NULL, 7, '4.99', 103, '11.99', 'NC-17', 'Deleted Scenes', '2020-07-30 12:37:53'),
(456, 'INCH JET', 'A Fateful Saga of a Womanizer And a Student who must Defeat a Butler in A Monastery', 2016, 6, NULL, 6, '4.99', 167, '18.99', 'NC-17', 'Deleted Scenes', '2020-07-30 12:37:53'),
(457, 'INDEPENDENCE HOTEL', 'A Thrilling Tale of a Technical Writer And a Boy who must Face a Pioneer in A Monastery', 2016, 6, NULL, 5, '0.99', 157, '21.99', 'NC-17', 'Trailers,Behind the Scenes', '2020-07-30 12:37:53'),
(458, 'INDIAN LOVE', 'A Insightful Saga of a Mad Scientist And a Mad Scientist who must Kill a Astronaut in An Abandoned Fun House', 2016, 6, NULL, 4, '0.99', 135, '26.99', 'NC-17', 'Trailers,Commentaries,Deleted Scenes,Behind the Scenes', '2020-07-30 12:37:53'),
(459, 'INFORMER DOUBLE', 'A Action-Packed Display of a Woman And a Dentist who must Redeem a Forensic Psychologist in The Canadian Rockies', 2016, 6, NULL, 4, '4.99', 74, '23.99', 'NC-17', 'Trailers,Commentaries', '2020-07-30 12:37:53'),
(460, 'INNOCENT USUAL', 'A Beautiful Drama of a Pioneer And a Crocodile who must Challenge a Student in The Outback', 2016, 6, NULL, 3, '4.99', 178, '26.99', 'PG-13', 'Trailers,Deleted Scenes,Behind the Scenes', '2020-07-30 12:37:53'),
(461, 'INSECTS STONE', 'A Epic Display of a Butler And a Dog who must Vanquish a Crocodile in A Manhattan Penthouse', 2016, 6, NULL, 3, '0.99', 123, '14.99', 'NC-17', 'Trailers,Commentaries,Behind the Scenes', '2020-07-30 12:37:53'),
(462, 'INSIDER ARIZONA', 'A Astounding Saga of a Mad Scientist And a Hunter who must Pursue a Robot in A Baloon Factory', 2016, 6, NULL, 5, '2.99', 78, '17.99', 'NC-17', 'Commentaries', '2020-07-30 12:37:53'),
(463, 'INSTINCT AIRPORT', 'A Touching Documentary of a Mad Cow And a Explorer who must Confront a Butler in A Manhattan Penthouse', 2016, 6, NULL, 4, '2.99', 116, '21.99', 'PG', 'Commentaries,Deleted Scenes', '2020-07-30 12:37:53'),
(464, 'INTENTIONS EMPIRE', 'A Astounding Epistle of a Cat And a Cat who must Conquer a Mad Cow in A U-Boat', 2016, 6, NULL, 3, '2.99', 107, '13.99', 'PG-13', 'Trailers,Behind the Scenes', '2020-07-30 12:37:53'),
(465, 'INTERVIEW LIAISONS', 'A Action-Packed Reflection of a Student And a Butler who must Discover a Database Administrator in A Manhattan Penthouse', 2016, 6, NULL, 4, '4.99', 59, '17.99', 'R', 'Commentaries,Behind the Scenes', '2020-07-30 12:37:53'),
(466, 'INTOLERABLE INTENTIONS', 'A Awe-Inspiring Story of a Monkey And a Pastry Chef who must Succumb a Womanizer in A MySQL Convention', 2016, 6, NULL, 6, '4.99', 63, '20.99', 'PG-13', 'Commentaries,Behind the Scenes', '2020-07-30 12:37:53'),
(467, 'INTRIGUE WORST', 'A Fanciful Character Study of a Explorer And a Mad Scientist who must Vanquish a Squirrel in A Jet Boat', 2016, 6, NULL, 6, '0.99', 181, '10.99', 'G', 'Deleted Scenes', '2020-07-30 12:37:53'),
(468, 'INVASION CYCLONE', 'A Lacklusture Character Study of a Mad Scientist And a Womanizer who must Outrace a Explorer in A Monastery', 2016, 6, NULL, 5, '2.99', 97, '12.99', 'PG', 'Trailers,Deleted Scenes', '2020-07-30 12:37:53'),
(469, 'IRON MOON', 'A Fast-Paced Documentary of a Mad Cow And a Boy who must Pursue a Dentist in A Baloon', 2016, 6, NULL, 7, '4.99', 46, '27.99', 'PG', 'Commentaries,Behind the Scenes', '2020-07-30 12:37:53'),
(470, 'ISHTAR ROCKETEER', 'A Astounding Saga of a Dog And a Squirrel who must Conquer a Dog in An Abandoned Fun House', 2016, 6, NULL, 4, '4.99', 79, '24.99', 'R', 'Trailers,Commentaries,Deleted Scenes', '2020-07-30 12:37:53'),
(471, 'ISLAND EXORCIST', 'A Fanciful Panorama of a Technical Writer And a Boy who must Find a Dentist in An Abandoned Fun House', 2016, 6, NULL, 7, '2.99', 84, '23.99', 'NC-17', 'Trailers,Commentaries', '2020-07-30 12:37:53'),
(472, 'ITALIAN AFRICAN', 'A Astounding Character Study of a Monkey And a Moose who must Outgun a Cat in A U-Boat', 2016, 6, NULL, 3, '4.99', 174, '24.99', 'G', 'Trailers,Commentaries,Deleted Scenes', '2020-07-30 12:37:53'),
(473, 'JACKET FRISCO', 'A Insightful Reflection of a Womanizer And a Husband who must Conquer a Pastry Chef in A Baloon', 2016, 6, NULL, 5, '2.99', 181, '16.99', 'PG-13', 'Trailers,Deleted Scenes,Behind the Scenes', '2020-07-30 12:37:53'),
(474, 'JADE BUNCH', 'A Insightful Panorama of a Squirrel And a Mad Cow who must Confront a Student in The First Manned Space Station', 2016, 6, NULL, 6, '2.99', 174, '21.99', 'NC-17', 'Trailers,Commentaries,Behind the Scenes', '2020-07-30 12:37:53'),
(475, 'JAPANESE RUN', 'A Awe-Inspiring Epistle of a Feminist And a Girl who must Sink a Girl in The Outback', 2016, 6, NULL, 6, '0.99', 135, '29.99', 'G', 'Deleted Scenes', '2020-07-30 12:37:53'),
(476, 'JASON TRAP', 'A Thoughtful Tale of a Woman And a A Shark who must Conquer a Dog in A Monastery', 2016, 6, NULL, 5, '2.99', 130, '9.99', 'NC-17', 'Trailers,Deleted Scenes,Behind the Scenes', '2020-07-30 12:37:53'),
(477, 'JAWBREAKER BROOKLYN', 'A Stunning Reflection of a Boat And a Pastry Chef who must Succumb a A Shark in A Jet Boat', 2016, 6, NULL, 5, '0.99', 118, '15.99', 'PG', 'Trailers,Behind the Scenes', '2020-07-30 12:37:53'),
(478, 'JAWS HARRY', 'A Thrilling Display of a Database Administrator And a Monkey who must Overcome a Dog in An Abandoned Fun House', 2016, 6, NULL, 4, '2.99', 112, '10.99', 'G', 'Deleted Scenes', '2020-07-30 12:37:53'),
(479, 'JEDI BENEATH', 'A Astounding Reflection of a Explorer And a Dentist who must Pursue a Student in Nigeria', 2016, 6, NULL, 7, '0.99', 128, '12.99', 'PG', 'Trailers,Commentaries,Deleted Scenes', '2020-07-30 12:37:53'),
(480, 'JEEPERS WEDDING', 'A Astounding Display of a Composer And a Dog who must Kill a Pastry Chef in Soviet Georgia', 2016, 6, NULL, 3, '2.99', 84, '29.99', 'R', 'Trailers,Commentaries,Deleted Scenes', '2020-07-30 12:37:53'),
(481, 'JEKYLL FROGMEN', 'A Fanciful Epistle of a Student And a Astronaut who must Kill a Waitress in A Shark Tank', 2016, 6, NULL, 4, '2.99', 58, '22.99', 'PG', 'Commentaries,Deleted Scenes,Behind the Scenes', '2020-07-30 12:37:53'),
(482, 'JEOPARDY ENCINO', 'A Boring Panorama of a Man And a Mad Cow who must Face a Explorer in Ancient India', 2016, 6, NULL, 3, '0.99', 102, '12.99', 'R', 'Trailers,Commentaries', '2020-07-30 12:37:53'),
(483, 'JERICHO MULAN', 'A Amazing Yarn of a Hunter And a Butler who must Defeat a Boy in A Jet Boat', 2016, 6, NULL, 3, '2.99', 171, '29.99', 'NC-17', 'Commentaries', '2020-07-30 12:37:53'),
(484, 'JERK PAYCHECK', 'A Touching Character Study of a Pastry Chef And a Database Administrator who must Reach a A Shark in Ancient Japan', 2016, 6, NULL, 3, '2.99', 172, '13.99', 'NC-17', 'Trailers,Commentaries,Deleted Scenes,Behind the Scenes', '2020-07-30 12:37:53'),
(485, 'JERSEY SASSY', 'A Lacklusture Documentary of a Madman And a Mad Cow who must Find a Feminist in Ancient Japan', 2016, 6, NULL, 6, '4.99', 60, '16.99', 'PG', 'Deleted Scenes,Behind the Scenes', '2020-07-30 12:37:53'),
(486, 'JET NEIGHBORS', 'A Amazing Display of a Lumberjack And a Teacher who must Outrace a Woman in A U-Boat', 2016, 6, NULL, 7, '4.99', 59, '14.99', 'R', 'Trailers,Commentaries,Behind the Scenes', '2020-07-30 12:37:53'),
(487, 'JINGLE SAGEBRUSH', 'A Epic Character Study of a Feminist And a Student who must Meet a Woman in A Baloon', 2016, 6, NULL, 6, '4.99', 124, '29.99', 'PG-13', 'Trailers,Commentaries', '2020-07-30 12:37:53'),
(488, 'JOON NORTHWEST', 'A Thrilling Panorama of a Technical Writer And a Car who must Discover a Forensic Psychologist in A Shark Tank', 2016, 6, NULL, 3, '0.99', 105, '23.99', 'NC-17', 'Trailers,Commentaries,Behind the Scenes', '2020-07-30 12:37:53'),
(489, 'JUGGLER HARDLY', 'A Epic Story of a Mad Cow And a Astronaut who must Challenge a Car in California', 2016, 6, NULL, 4, '0.99', 54, '14.99', 'PG-13', 'Trailers,Commentaries', '2020-07-30 12:37:53'),
(490, 'JUMANJI BLADE', 'A Intrepid Yarn of a Husband And a Womanizer who must Pursue a Mad Scientist in New Orleans', 2016, 6, NULL, 4, '2.99', 121, '13.99', 'G', 'Commentaries,Behind the Scenes', '2020-07-30 12:37:53'),
(491, 'JUMPING WRATH', 'A Touching Epistle of a Monkey And a Feminist who must Discover a Boat in Berlin', 2016, 6, NULL, 4, '0.99', 74, '18.99', 'NC-17', 'Commentaries,Behind the Scenes', '2020-07-30 12:37:53'),
(492, 'JUNGLE CLOSER', 'A Boring Character Study of a Boy And a Woman who must Battle a Astronaut in Australia', 2017, 6, NULL, 6, '0.99', 134, '11.99', 'NC-17', 'Trailers,Commentaries,Deleted Scenes', '2020-07-30 12:37:53'),
(493, 'KANE EXORCIST', 'A Epic Documentary of a Composer And a Robot who must Overcome a Car in Berlin', 2017, 6, NULL, 5, '0.99', 92, '18.99', 'R', 'Trailers,Commentaries', '2020-07-30 12:37:53'),
(494, 'KARATE MOON', 'A Astounding Yarn of a Womanizer And a Dog who must Reach a Waitress in A MySQL Convention', 2017, 6, NULL, 4, '0.99', 120, '21.99', 'PG-13', 'Behind the Scenes', '2020-07-30 12:37:53'),
(495, 'KENTUCKIAN GIANT', 'A Stunning Yarn of a Woman And a Frisbee who must Escape a Waitress in A U-Boat', 2017, 6, NULL, 5, '2.99', 169, '10.99', 'PG', 'Trailers,Commentaries,Deleted Scenes,Behind the Scenes', '2020-07-30 12:37:53'),
(496, 'KICK SAVANNAH', 'A Emotional Drama of a Monkey And a Robot who must Defeat a Monkey in New Orleans', 2017, 6, NULL, 3, '0.99', 179, '10.99', 'PG-13', 'Trailers,Commentaries,Deleted Scenes', '2020-07-30 12:37:53'),
(497, 'KILL BROTHERHOOD', 'A Touching Display of a Hunter And a Secret Agent who must Redeem a Husband in The Outback', 2017, 6, NULL, 4, '0.99', 54, '15.99', 'G', 'Trailers,Commentaries', '2020-07-30 12:37:53'),
(498, 'KILLER INNOCENT', 'A Fanciful Character Study of a Student And a Explorer who must Succumb a Composer in An Abandoned Mine Shaft', 2017, 6, NULL, 7, '2.99', 161, '11.99', 'R', 'Trailers,Commentaries,Deleted Scenes', '2020-07-30 12:37:53'),
(499, 'KING EVOLUTION', 'A Action-Packed Tale of a Boy And a Lumberjack who must Chase a Madman in A Baloon', 2017, 6, NULL, 3, '4.99', 184, '24.99', 'NC-17', 'Trailers,Deleted Scenes,Behind the Scenes', '2020-07-30 12:37:53'),
(500, 'KISS GLORY', 'A Lacklusture Reflection of a Girl And a Husband who must Find a Robot in The Canadian Rockies', 2017, 6, NULL, 5, '4.99', 163, '11.99', 'PG-13', 'Trailers,Commentaries,Behind the Scenes', '2020-07-30 12:37:53'),
(501, 'KISSING DOLLS', 'A Insightful Reflection of a Pioneer And a Teacher who must Build a Composer in The First Manned Space Station', 2017, 6, NULL, 3, '4.99', 141, '9.99', 'R', 'Trailers', '2020-07-30 12:37:53'),
(502, 'KNOCK WARLOCK', 'A Unbelieveable Story of a Teacher And a Boat who must Confront a Moose in A Baloon', 2017, 6, NULL, 4, '2.99', 71, '21.99', 'PG-13', 'Trailers', '2020-07-30 12:37:53'),
(503, 'KRAMER CHOCOLATE', 'A Amazing Yarn of a Robot And a Pastry Chef who must Redeem a Mad Scientist in The Outback', 2017, 6, NULL, 3, '2.99', 171, '24.99', 'R', 'Trailers', '2020-07-30 12:37:53'),
(504, 'KWAI HOMEWARD', 'A Amazing Drama of a Car And a Squirrel who must Pursue a Car in Soviet Georgia', 2017, 6, NULL, 5, '0.99', 46, '25.99', 'PG-13', 'Trailers,Commentaries', '2020-07-30 12:37:53'),
(505, 'LABYRINTH LEAGUE', 'A Awe-Inspiring Saga of a Composer And a Frisbee who must Succumb a Pioneer in The Sahara Desert', 2017, 6, NULL, 6, '2.99', 46, '24.99', 'PG-13', 'Commentaries,Behind the Scenes', '2020-07-30 12:37:53'),
(506, 'LADY STAGE', 'A Beautiful Character Study of a Woman And a Man who must Pursue a Explorer in A U-Boat', 2017, 6, NULL, 4, '4.99', 67, '14.99', 'PG', 'Trailers,Deleted Scenes,Behind the Scenes', '2020-07-30 12:37:53'),
(507, 'LADYBUGS ARMAGEDDON', 'A Fateful Reflection of a Dog And a Mad Scientist who must Meet a Mad Scientist in New Orleans', 2017, 6, NULL, 4, '0.99', 113, '13.99', 'NC-17', 'Deleted Scenes', '2020-07-30 12:37:53'),
(508, 'LAMBS CINCINATTI', 'A Insightful Story of a Man And a Feminist who must Fight a Composer in Australia', 2017, 6, NULL, 6, '4.99', 144, '18.99', 'PG-13', 'Trailers,Behind the Scenes', '2020-07-30 12:37:53'),
(509, 'LANGUAGE COWBOY', 'A Epic Yarn of a Cat And a Madman who must Vanquish a Dentist in An Abandoned Amusement Park', 2017, 6, NULL, 5, '0.99', 78, '26.99', 'NC-17', 'Trailers,Deleted Scenes', '2020-07-30 12:37:53'),
(510, 'LAWLESS VISION', 'A Insightful Yarn of a Boy And a Sumo Wrestler who must Outgun a Car in The Outback', 2017, 6, NULL, 6, '4.99', 181, '29.99', 'G', 'Deleted Scenes,Behind the Scenes', '2020-07-30 12:37:53'),
(511, 'LAWRENCE LOVE', 'A Fanciful Yarn of a Database Administrator And a Mad Cow who must Pursue a Womanizer in Berlin', 2017, 6, NULL, 7, '0.99', 175, '23.99', 'NC-17', 'Commentaries,Deleted Scenes,Behind the Scenes', '2020-07-30 12:37:53'),
(512, 'LEAGUE HELLFIGHTERS', 'A Thoughtful Saga of a A Shark And a Monkey who must Outgun a Student in Ancient China', 2017, 6, NULL, 5, '4.99', 110, '25.99', 'PG-13', 'Trailers', '2020-07-30 12:37:53'),
(513, 'LEATHERNECKS DWARFS', 'A Fateful Reflection of a Dog And a Mad Cow who must Outrace a Teacher in An Abandoned Mine Shaft', 2017, 6, NULL, 6, '2.99', 153, '21.99', 'PG-13', 'Trailers,Commentaries,Behind the Scenes', '2020-07-30 12:37:53'),
(514, 'LEBOWSKI SOLDIERS', 'A Beautiful Epistle of a Secret Agent And a Pioneer who must Chase a Astronaut in Ancient China', 2017, 6, NULL, 6, '2.99', 69, '17.99', 'PG-13', 'Commentaries,Deleted Scenes', '2020-07-30 12:37:53'),
(515, 'LEGALLY SECRETARY', 'A Astounding Tale of a A Shark And a Moose who must Meet a Womanizer in The Sahara Desert', 2017, 6, NULL, 7, '4.99', 113, '14.99', 'PG', 'Trailers,Commentaries,Behind the Scenes', '2020-07-30 12:37:53'),
(516, 'LEGEND JEDI', 'A Awe-Inspiring Epistle of a Pioneer And a Student who must Outgun a Crocodile in The Outback', 2017, 6, NULL, 7, '0.99', 59, '18.99', 'PG', 'Commentaries,Deleted Scenes', '2020-07-30 12:37:53'),
(517, 'LESSON CLEOPATRA', 'A Emotional Display of a Man And a Explorer who must Build a Boy in A Manhattan Penthouse', 2017, 6, NULL, 3, '0.99', 167, '28.99', 'NC-17', 'Deleted Scenes,Behind the Scenes', '2020-07-30 12:37:53'),
(518, 'LIAISONS SWEET', 'A Boring Drama of a A Shark And a Explorer who must Redeem a Waitress in The Canadian Rockies', 2017, 6, NULL, 5, '4.99', 140, '15.99', 'PG', 'Commentaries,Behind the Scenes', '2020-07-30 12:37:53'),
(519, 'LIBERTY MAGNIFICENT', 'A Boring Drama of a Student And a Cat who must Sink a Technical Writer in A Baloon', 2017, 6, NULL, 3, '2.99', 138, '27.99', 'G', 'Commentaries,Deleted Scenes,Behind the Scenes', '2020-07-30 12:37:53'),
(520, 'LICENSE WEEKEND', 'A Insightful Story of a Man And a Husband who must Overcome a Madman in A Monastery', 2017, 6, NULL, 7, '2.99', 91, '28.99', 'NC-17', 'Deleted Scenes,Behind the Scenes', '2020-07-30 12:37:53'),
(521, 'LIES TREATMENT', 'A Fast-Paced Character Study of a Dentist And a Moose who must Defeat a Composer in The First Manned Space Station', 2017, 6, NULL, 7, '4.99', 147, '28.99', 'NC-17', 'Commentaries,Deleted Scenes,Behind the Scenes', '2020-07-30 12:37:53'),
(522, 'LIFE TWISTED', 'A Thrilling Reflection of a Teacher And a Composer who must Find a Man in The First Manned Space Station', 2017, 6, NULL, 4, '2.99', 137, '9.99', 'NC-17', 'Commentaries,Deleted Scenes', '2020-07-30 12:37:53'),
(523, 'LIGHTS DEER', 'A Unbelieveable Epistle of a Dog And a Woman who must Confront a Moose in The Gulf of Mexico', 2017, 6, NULL, 7, '0.99', 174, '21.99', 'R', 'Commentaries', '2020-07-30 12:37:53'),
(524, 'LION UNCUT', 'A Intrepid Display of a Pastry Chef And a Cat who must Kill a A Shark in Ancient China', 2017, 6, NULL, 6, '0.99', 50, '13.99', 'PG', 'Trailers,Deleted Scenes', '2020-07-30 12:37:53'),
(525, 'LOATHING LEGALLY', 'A Boring Epistle of a Pioneer And a Mad Scientist who must Escape a Frisbee in The Gulf of Mexico', 2017, 6, NULL, 4, '0.99', 140, '29.99', 'R', 'Deleted Scenes', '2020-07-30 12:37:53'),
(526, 'LOCK REAR', 'A Thoughtful Character Study of a Squirrel And a Technical Writer who must Outrace a Student in Ancient Japan', 2017, 6, NULL, 7, '2.99', 120, '10.99', 'R', 'Trailers,Commentaries', '2020-07-30 12:37:53'),
(527, 'LOLA AGENT', 'A Astounding Tale of a Mad Scientist And a Husband who must Redeem a Database Administrator in Ancient Japan', 2017, 6, NULL, 4, '4.99', 85, '24.99', 'PG', 'Trailers,Commentaries', '2020-07-30 12:37:53'),
(528, 'LOLITA WORLD', 'A Thrilling Drama of a Girl And a Robot who must Redeem a Waitress in An Abandoned Mine Shaft', 2017, 6, NULL, 4, '2.99', 155, '25.99', 'NC-17', 'Trailers,Deleted Scenes', '2020-07-30 12:37:53'),
(529, 'LONELY ELEPHANT', 'A Intrepid Story of a Student And a Dog who must Challenge a Explorer in Soviet Georgia', 2017, 6, NULL, 3, '2.99', 67, '12.99', 'G', 'Trailers,Commentaries,Deleted Scenes,Behind the Scenes', '2020-07-30 12:37:53'),
(530, 'LORD ARIZONA', 'A Action-Packed Display of a Frisbee And a Pastry Chef who must Pursue a Crocodile in A Jet Boat', 2017, 6, NULL, 5, '2.99', 108, '27.99', 'PG-13', 'Trailers', '2020-07-30 12:37:53'),
(531, 'LOSE INCH', 'A Stunning Reflection of a Student And a Technical Writer who must Battle a Butler in The First Manned Space Station', 2017, 6, NULL, 3, '0.99', 137, '18.99', 'R', 'Trailers,Commentaries', '2020-07-30 12:37:53'),
(532, 'LOSER HUSTLER', 'A Stunning Drama of a Robot And a Feminist who must Outgun a Butler in Nigeria', 2017, 6, NULL, 5, '4.99', 80, '28.99', 'PG', 'Deleted Scenes,Behind the Scenes', '2020-07-30 12:37:53'),
(533, 'LOST BIRD', 'A Emotional Character Study of a Robot And a A Shark who must Defeat a Technical Writer in A Manhattan Penthouse', 2017, 6, NULL, 4, '2.99', 98, '21.99', 'PG-13', 'Deleted Scenes', '2020-07-30 12:37:53'),
(534, 'LOUISIANA HARRY', 'A Lacklusture Drama of a Girl And a Technical Writer who must Redeem a Monkey in A Shark Tank', 2017, 6, NULL, 5, '0.99', 70, '18.99', 'PG-13', 'Trailers', '2020-07-30 12:37:53'),
(535, 'LOVE SUICIDES', 'A Brilliant Panorama of a Hunter And a Explorer who must Pursue a Dentist in An Abandoned Fun House', 2017, 6, NULL, 6, '0.99', 181, '21.99', 'R', 'Trailers,Behind the Scenes', '2020-07-30 12:37:53'),
(536, 'LOVELY JINGLE', 'A Fanciful Yarn of a Crocodile And a Forensic Psychologist who must Discover a Crocodile in The Outback', 2017, 6, NULL, 3, '2.99', 65, '18.99', 'PG', 'Trailers,Behind the Scenes', '2020-07-30 12:37:53'),
(537, 'LOVER TRUMAN', 'A Emotional Yarn of a Robot And a Boy who must Outgun a Technical Writer in A U-Boat', 2017, 6, NULL, 3, '2.99', 75, '29.99', 'G', 'Trailers', '2020-07-30 12:37:53'),
(538, 'LOVERBOY ATTACKS', 'A Boring Story of a Car And a Butler who must Build a Girl in Soviet Georgia', 2017, 6, NULL, 7, '0.99', 162, '19.99', 'PG-13', 'Trailers,Behind the Scenes', '2020-07-30 12:37:53'),
(539, 'LUCK OPUS', 'A Boring Display of a Moose And a Squirrel who must Outrace a Teacher in A Shark Tank', 2017, 6, NULL, 7, '2.99', 152, '21.99', 'NC-17', 'Trailers,Commentaries,Behind the Scenes', '2020-07-30 12:37:53'),
(540, 'LUCKY FLYING', 'A Lacklusture Character Study of a A Shark And a Man who must Find a Forensic Psychologist in A U-Boat', 2017, 6, NULL, 7, '2.99', 97, '10.99', 'PG-13', 'Trailers,Commentaries,Behind the Scenes', '2020-07-30 12:37:53'),
(541, 'LUKE MUMMY', 'A Taut Character Study of a Boy And a Robot who must Redeem a Mad Scientist in Ancient India', 2017, 6, NULL, 5, '2.99', 74, '21.99', 'NC-17', 'Trailers,Behind the Scenes', '2020-07-30 12:37:53'),
(542, 'LUST LOCK', 'A Fanciful Panorama of a Hunter And a Dentist who must Meet a Secret Agent in The Sahara Desert', 2017, 6, NULL, 3, '2.99', 52, '28.99', 'G', 'Trailers,Commentaries,Behind the Scenes', '2020-07-30 12:37:53'),
(543, 'MADIGAN DORADO', 'A Astounding Character Study of a A Shark And a A Shark who must Discover a Crocodile in The Outback', 2017, 4, NULL, 5, '4.99', 116, '20.99', 'R', 'Deleted Scenes,Behind the Scenes', '2020-07-30 12:37:53'),
(544, 'MADISON TRAP', 'A Awe-Inspiring Reflection of a Monkey And a Dentist who must Overcome a Pioneer in A U-Boat', 2017, 4, NULL, 4, '2.99', 147, '11.99', 'R', 'Commentaries,Deleted Scenes,Behind the Scenes', '2020-07-30 12:37:53'),
(545, 'MADNESS ATTACKS', 'A Fanciful Tale of a Squirrel And a Boat who must Defeat a Crocodile in The Gulf of Mexico', 2017, 4, NULL, 4, '0.99', 178, '14.99', 'PG-13', 'Trailers', '2020-07-30 12:37:53'),
(546, 'MADRE GABLES', 'A Intrepid Panorama of a Sumo Wrestler And a Forensic Psychologist who must Discover a Moose in The First Manned Space Station', 2017, 4, NULL, 7, '2.99', 98, '27.99', 'PG-13', 'Trailers,Commentaries,Deleted Scenes', '2020-07-30 12:37:53'),
(547, 'MAGIC MALLRATS', 'A Touching Documentary of a Pastry Chef And a Pastry Chef who must Build a Mad Scientist in California', 2017, 4, NULL, 3, '0.99', 117, '19.99', 'PG', 'Trailers,Commentaries', '2020-07-30 12:37:53'),
(548, 'MAGNIFICENT CHITTY', 'A Insightful Story of a Teacher And a Hunter who must Face a Mad Cow in California', 2017, 4, NULL, 3, '2.99', 53, '27.99', 'R', 'Commentaries,Deleted Scenes', '2020-07-30 12:37:53'),
(549, 'MAGNOLIA FORRESTER', 'A Thoughtful Documentary of a Composer And a Explorer who must Conquer a Dentist in New Orleans', 2017, 4, NULL, 4, '0.99', 171, '28.99', 'PG-13', 'Trailers,Commentaries,Deleted Scenes', '2020-07-30 12:37:53'),
(550, 'MAGUIRE APACHE', 'A Fast-Paced Reflection of a Waitress And a Hunter who must Defeat a Forensic Psychologist in A Baloon', 2017, 4, NULL, 6, '2.99', 74, '22.99', 'NC-17', 'Trailers,Commentaries', '2020-07-30 12:37:53'),
(551, 'MAIDEN HOME', 'A Lacklusture Saga of a Moose And a Teacher who must Kill a Forensic Psychologist in A MySQL Convention', 2017, 4, NULL, 3, '4.99', 138, '9.99', 'PG', 'Behind the Scenes', '2020-07-30 12:37:53'),
(552, 'MAJESTIC FLOATS', 'A Thrilling Character Study of a Moose And a Student who must Escape a Butler in The First Manned Space Station', 2017, 4, NULL, 5, '0.99', 130, '15.99', 'PG', 'Trailers', '2020-07-30 12:37:53'),
(553, 'MAKER GABLES', 'A Stunning Display of a Moose And a Database Administrator who must Pursue a Composer in A Jet Boat', 2017, 4, NULL, 4, '0.99', 136, '12.99', 'PG-13', 'Deleted Scenes,Behind the Scenes', '2020-07-30 12:37:53'),
(554, 'MALKOVICH PET', 'A Intrepid Reflection of a Waitress And a A Shark who must Kill a Squirrel in The Outback', 2017, 4, NULL, 6, '2.99', 159, '22.99', 'G', 'Behind the Scenes', '2020-07-30 12:37:53'),
(555, 'MALLRATS UNITED', 'A Thrilling Yarn of a Waitress And a Dentist who must Find a Hunter in A Monastery', 2017, 4, NULL, 4, '0.99', 133, '25.99', 'PG', 'Trailers,Commentaries,Deleted Scenes', '2020-07-30 12:37:53'),
(556, 'MALTESE HOPE', 'A Fast-Paced Documentary of a Crocodile And a Sumo Wrestler who must Conquer a Explorer in California', 2017, 4, NULL, 6, '4.99', 127, '26.99', 'PG-13', 'Behind the Scenes', '2020-07-30 12:37:53'),
(557, 'MANCHURIAN CURTAIN', 'A Stunning Tale of a Mad Cow And a Boy who must Battle a Boy in Berlin', 2017, 4, NULL, 5, '2.99', 177, '27.99', 'PG', 'Trailers,Commentaries', '2020-07-30 12:37:53'),
(558, 'MANNEQUIN WORST', 'A Astounding Saga of a Mad Cow And a Pastry Chef who must Discover a Husband in Ancient India', 2017, 4, NULL, 3, '2.99', 71, '18.99', 'PG-13', 'Trailers,Commentaries,Deleted Scenes', '2020-07-30 12:37:53'),
(559, 'MARRIED GO', 'A Fanciful Story of a Womanizer And a Dog who must Face a Forensic Psychologist in The Sahara Desert', 2017, 4, NULL, 7, '2.99', 114, '22.99', 'G', 'Behind the Scenes', '2020-07-30 12:37:53'),
(560, 'MARS ROMAN', 'A Boring Drama of a Car And a Dog who must Succumb a Madman in Soviet Georgia', 2017, 4, NULL, 6, '0.99', 62, '21.99', 'NC-17', 'Commentaries,Deleted Scenes', '2020-07-30 12:37:53'),
(561, 'MASK PEACH', 'A Boring Character Study of a Student And a Robot who must Meet a Woman in California', 2017, 4, NULL, 6, '2.99', 123, '26.99', 'NC-17', 'Commentaries,Deleted Scenes', '2020-07-30 12:37:53'),
(562, 'MASKED BUBBLE', 'A Fanciful Documentary of a Pioneer And a Boat who must Pursue a Pioneer in An Abandoned Mine Shaft', 2017, 4, NULL, 6, '0.99', 151, '12.99', 'PG-13', 'Commentaries,Behind the Scenes', '2020-07-30 12:37:53'),
(563, 'MASSACRE USUAL', 'A Fateful Reflection of a Waitress And a Crocodile who must Challenge a Forensic Psychologist in California', 2017, 4, NULL, 6, '4.99', 165, '16.99', 'R', 'Commentaries', '2020-07-30 12:37:53'),
(564, 'MASSAGE IMAGE', 'A Fateful Drama of a Frisbee And a Crocodile who must Vanquish a Dog in The First Manned Space Station', 2017, 4, NULL, 4, '2.99', 161, '11.99', 'PG', 'Commentaries,Behind the Scenes', '2020-07-30 12:37:53'),
(565, 'MATRIX SNOWMAN', 'A Action-Packed Saga of a Womanizer And a Woman who must Overcome a Student in California', 2017, 4, NULL, 6, '4.99', 56, '9.99', 'PG-13', 'Commentaries,Deleted Scenes,Behind the Scenes', '2020-07-30 12:37:53'),
(566, 'MAUDE MOD', 'A Beautiful Documentary of a Forensic Psychologist And a Cat who must Reach a Astronaut in Nigeria', 2017, 4, NULL, 6, '0.99', 72, '20.99', 'R', 'Trailers,Behind the Scenes', '2020-07-30 12:37:53'),
(567, 'MEET CHOCOLATE', 'A Boring Documentary of a Dentist And a Butler who must Confront a Monkey in A MySQL Convention', 2017, 4, NULL, 3, '2.99', 80, '26.99', 'G', 'Trailers', '2020-07-30 12:37:53'),
(568, 'MEMENTO ZOOLANDER', 'A Touching Epistle of a Squirrel And a Explorer who must Redeem a Pastry Chef in The Sahara Desert', 2017, 4, NULL, 4, '4.99', 77, '11.99', 'NC-17', 'Behind the Scenes', '2020-07-30 12:37:53'),
(569, 'MENAGERIE RUSHMORE', 'A Unbelieveable Panorama of a Composer And a Butler who must Overcome a Database Administrator in The First Manned Space Station', 2017, 4, NULL, 7, '2.99', 147, '18.99', 'G', 'Trailers,Commentaries,Deleted Scenes', '2020-07-30 12:37:53'),
(570, 'MERMAID INSECTS', 'A Lacklusture Drama of a Waitress And a Husband who must Fight a Husband in California', 2017, 4, NULL, 5, '4.99', 104, '20.99', 'NC-17', 'Trailers,Behind the Scenes', '2020-07-30 12:37:53'),
(571, 'METAL ARMAGEDDON', 'A Thrilling Display of a Lumberjack And a Crocodile who must Meet a Monkey in A Baloon Factory', 2017, 4, NULL, 6, '2.99', 161, '26.99', 'PG-13', 'Trailers,Commentaries,Deleted Scenes', '2020-07-30 12:37:53'),
(572, 'METROPOLIS COMA', 'A Emotional Saga of a Database Administrator And a Pastry Chef who must Confront a Teacher in A Baloon Factory', 2017, 4, NULL, 4, '2.99', 64, '9.99', 'PG-13', 'Trailers,Commentaries,Behind the Scenes', '2020-07-30 12:37:53'),
(573, 'MICROCOSMOS PARADISE', 'A Touching Character Study of a Boat And a Student who must Sink a A Shark in Nigeria', 2017, 4, NULL, 6, '2.99', 105, '22.99', 'PG-13', 'Commentaries', '2020-07-30 12:37:53'),
(574, 'MIDNIGHT WESTWARD', 'A Taut Reflection of a Husband And a A Shark who must Redeem a Pastry Chef in A Monastery', 2017, 4, NULL, 3, '0.99', 86, '19.99', 'G', 'Trailers,Deleted Scenes', '2020-07-30 12:37:53'),
(575, 'MIDSUMMER GROUNDHOG', 'A Fateful Panorama of a Moose And a Dog who must Chase a Crocodile in Ancient Japan', 2017, 4, NULL, 3, '4.99', 48, '27.99', 'G', 'Trailers,Deleted Scenes', '2020-07-30 12:37:53'),
(576, 'MIGHTY LUCK', 'A Astounding Epistle of a Mad Scientist And a Pioneer who must Escape a Database Administrator in A MySQL Convention', 2017, 4, NULL, 7, '2.99', 122, '13.99', 'PG', 'Behind the Scenes', '2020-07-30 12:37:53'),
(577, 'MILE MULAN', 'A Lacklusture Epistle of a Cat And a Husband who must Confront a Boy in A MySQL Convention', 2017, 4, NULL, 4, '0.99', 64, '10.99', 'PG', 'Deleted Scenes,Behind the Scenes', '2020-07-30 12:37:53'),
(578, 'MILLION ACE', 'A Brilliant Documentary of a Womanizer And a Squirrel who must Find a Technical Writer in The Sahara Desert', 2017, 4, NULL, 4, '4.99', 142, '16.99', 'PG-13', 'Deleted Scenes', '2020-07-30 12:37:53'),
(579, 'MINDS TRUMAN', 'A Taut Yarn of a Mad Scientist And a Crocodile who must Outgun a Database Administrator in A Monastery', 2017, 4, NULL, 3, '4.99', 149, '22.99', 'PG-13', 'Deleted Scenes,Behind the Scenes', '2020-07-30 12:37:53'),
(580, 'MINE TITANS', 'A Amazing Yarn of a Robot And a Womanizer who must Discover a Forensic Psychologist in Berlin', 2017, 4, NULL, 3, '4.99', 166, '12.99', 'PG-13', 'Trailers,Deleted Scenes', '2020-07-30 12:37:53'),
(581, 'MINORITY KISS', 'A Insightful Display of a Lumberjack And a Sumo Wrestler who must Meet a Man in The Outback', 2017, 4, NULL, 4, '0.99', 59, '16.99', 'G', 'Trailers', '2020-07-30 12:37:53'),
(582, 'MIRACLE VIRTUAL', 'A Touching Epistle of a Butler And a Boy who must Find a Mad Scientist in The Sahara Desert', 2017, 4, NULL, 3, '2.99', 162, '19.99', 'PG-13', 'Trailers,Deleted Scenes', '2020-07-30 12:37:53'),
(583, 'MISSION ZOOLANDER', 'A Intrepid Story of a Sumo Wrestler And a Teacher who must Meet a A Shark in An Abandoned Fun House', 2017, 4, NULL, 3, '4.99', 164, '26.99', 'PG-13', 'Behind the Scenes', '2020-07-30 12:37:53'),
(584, 'MIXED DOORS', 'A Taut Drama of a Womanizer And a Lumberjack who must Succumb a Pioneer in Ancient India', 2017, 4, NULL, 6, '2.99', 180, '26.99', 'PG-13', 'Behind the Scenes', '2020-07-30 12:37:53'),
(585, 'MOB DUFFEL', 'A Unbelieveable Documentary of a Frisbee And a Boat who must Meet a Boy in The Canadian Rockies', 2017, 4, NULL, 4, '0.99', 105, '25.99', 'G', 'Trailers', '2020-07-30 12:37:53'),
(586, 'MOCKINGBIRD HOLLYWOOD', 'A Thoughtful Panorama of a Man And a Car who must Sink a Composer in Berlin', 2017, 4, NULL, 4, '0.99', 60, '27.99', 'PG', 'Behind the Scenes', '2020-07-30 12:37:53'),
(587, 'MOD SECRETARY', 'A Boring Documentary of a Mad Cow And a Cat who must Build a Lumberjack in New Orleans', 2017, 4, NULL, 6, '4.99', 77, '20.99', 'NC-17', 'Commentaries,Behind the Scenes', '2020-07-30 12:37:53'),
(588, 'MODEL FISH', 'A Beautiful Panorama of a Boat And a Crocodile who must Outrace a Dog in Australia', 2017, 4, NULL, 4, '4.99', 175, '11.99', 'NC-17', 'Trailers,Commentaries,Behind the Scenes', '2020-07-30 12:37:53'),
(589, 'MODERN DORADO', 'A Awe-Inspiring Story of a Butler And a Sumo Wrestler who must Redeem a Boy in New Orleans', 2003, 4, NULL, 3, '0.99', 74, '20.99', 'PG', 'Trailers,Commentaries,Deleted Scenes', '2020-07-30 12:37:53'),
(590, 'MONEY HAROLD', 'A Touching Tale of a Explorer And a Boat who must Defeat a Robot in Australia', 2003, 4, NULL, 3, '2.99', 135, '17.99', 'PG', 'Trailers,Commentaries', '2020-07-30 12:37:53'),
(591, 'MONSOON CAUSE', 'A Astounding Tale of a Crocodile And a Car who must Outrace a Squirrel in A U-Boat', 2003, 4, NULL, 6, '4.99', 182, '20.99', 'PG', 'Commentaries,Behind the Scenes', '2020-07-30 12:37:53'),
(592, 'MONSTER SPARTACUS', 'A Fast-Paced Story of a Waitress And a Cat who must Fight a Girl in Australia', 2003, 4, NULL, 6, '2.99', 107, '28.99', 'PG', 'Commentaries,Behind the Scenes', '2020-07-30 12:37:53'),
(593, 'MONTEREY LABYRINTH', 'A Awe-Inspiring Drama of a Monkey And a Composer who must Escape a Feminist in A U-Boat', 2003, 4, NULL, 6, '0.99', 158, '13.99', 'G', 'Trailers,Commentaries', '2020-07-30 12:37:53'),
(594, 'MONTEZUMA COMMAND', 'A Thrilling Reflection of a Waitress And a Butler who must Battle a Butler in A Jet Boat', 2003, 4, NULL, 6, '0.99', 126, '22.99', 'NC-17', 'Trailers', '2020-07-30 12:37:53'),
(595, 'MOON BUNCH', 'A Beautiful Tale of a Astronaut And a Mad Cow who must Challenge a Cat in A Baloon Factory', 2003, 4, NULL, 7, '0.99', 83, '20.99', 'PG', 'Deleted Scenes,Behind the Scenes', '2020-07-30 12:37:53'),
(596, 'MOONSHINE CABIN', 'A Thoughtful Display of a Astronaut And a Feminist who must Chase a Frisbee in A Jet Boat', 2003, 4, NULL, 4, '4.99', 171, '25.99', 'PG-13', 'Behind the Scenes', '2020-07-30 12:37:53'),
(597, 'MOONWALKER FOOL', 'A Epic Drama of a Feminist And a Pioneer who must Sink a Composer in New Orleans', 2003, 4, NULL, 5, '4.99', 184, '12.99', 'G', 'Trailers,Deleted Scenes', '2020-07-30 12:37:53'),
(598, 'MOSQUITO ARMAGEDDON', 'A Thoughtful Character Study of a Waitress And a Feminist who must Build a Teacher in Ancient Japan', 2003, 4, NULL, 6, '0.99', 57, '22.99', 'G', 'Trailers', '2020-07-30 12:37:53'),
(599, 'MOTHER OLEANDER', 'A Boring Tale of a Husband And a Boy who must Fight a Squirrel in Ancient China', 2003, 4, NULL, 3, '0.99', 103, '20.99', 'R', 'Trailers,Commentaries', '2020-07-30 12:37:53'),
(600, 'MOTIONS DETAILS', 'A Awe-Inspiring Reflection of a Dog And a Student who must Kill a Car in An Abandoned Fun House', 2003, 4, NULL, 5, '0.99', 166, '16.99', 'PG', 'Trailers,Commentaries,Behind the Scenes', '2020-07-30 12:37:53'),
(601, 'MOULIN WAKE', 'A Astounding Story of a Forensic Psychologist And a Cat who must Battle a Teacher in An Abandoned Mine Shaft', 2003, 4, NULL, 4, '0.99', 79, '20.99', 'PG-13', 'Trailers', '2020-07-30 12:37:53'),
(602, 'MOURNING PURPLE', 'A Lacklusture Display of a Waitress And a Lumberjack who must Chase a Pioneer in New Orleans', 2003, 4, NULL, 5, '0.99', 146, '14.99', 'PG', 'Trailers,Commentaries,Deleted Scenes,Behind the Scenes', '2020-07-30 12:37:53'),
(603, 'MOVIE SHAKESPEARE', 'A Insightful Display of a Database Administrator And a Student who must Build a Hunter in Berlin', 2003, 4, NULL, 6, '4.99', 53, '27.99', 'PG', 'Commentaries,Deleted Scenes,Behind the Scenes', '2020-07-30 12:37:53'),
(604, 'MULAN MOON', 'A Emotional Saga of a Womanizer And a Pioneer who must Overcome a Dentist in A Baloon', 2003, 4, NULL, 4, '0.99', 160, '10.99', 'G', 'Behind the Scenes', '2020-07-30 12:37:53'),
(605, 'MULHOLLAND BEAST', 'A Awe-Inspiring Display of a Husband And a Squirrel who must Battle a Sumo Wrestler in A Jet Boat', 2003, 4, NULL, 7, '2.99', 157, '13.99', 'PG', 'Trailers,Deleted Scenes,Behind the Scenes', '2020-07-30 12:37:53'),
(606, 'MUMMY CREATURES', 'A Fateful Character Study of a Crocodile And a Monkey who must Meet a Dentist in Australia', 2003, 4, NULL, 3, '0.99', 160, '15.99', 'NC-17', 'Trailers,Behind the Scenes', '2020-07-30 12:37:53'),
(607, 'MUPPET MILE', 'A Lacklusture Story of a Madman And a Teacher who must Kill a Frisbee in The Gulf of Mexico', 2003, 4, NULL, 5, '4.99', 50, '18.99', 'PG', 'Trailers,Deleted Scenes', '2020-07-30 12:37:53'),
(608, 'MURDER ANTITRUST', 'A Brilliant Yarn of a Car And a Database Administrator who must Escape a Boy in A MySQL Convention', 2003, 4, NULL, 6, '2.99', 166, '11.99', 'PG', 'Trailers,Deleted Scenes,Behind the Scenes', '2020-07-30 12:37:53'),
(609, 'MUSCLE BRIGHT', 'A Stunning Panorama of a Sumo Wrestler And a Husband who must Redeem a Madman in Ancient India', 2003, 4, NULL, 7, '2.99', 185, '23.99', 'G', 'Deleted Scenes', '2020-07-30 12:37:53'),
(610, 'MUSIC BOONDOCK', 'A Thrilling Tale of a Butler And a Astronaut who must Battle a Explorer in The First Manned Space Station', 2003, 4, NULL, 7, '0.99', 129, '17.99', 'R', 'Trailers,Commentaries,Behind the Scenes', '2020-07-30 12:37:53'),
(611, 'MUSKETEERS WAIT', 'A Touching Yarn of a Student And a Moose who must Fight a Mad Cow in Australia', 2003, 4, NULL, 7, '4.99', 73, '17.99', 'PG', 'Deleted Scenes,Behind the Scenes', '2020-07-30 12:37:53'),
(612, 'MUSSOLINI SPOILERS', 'A Thrilling Display of a Boat And a Monkey who must Meet a Composer in Ancient China', 2003, 4, NULL, 6, '2.99', 180, '10.99', 'G', 'Deleted Scenes,Behind the Scenes', '2020-07-30 12:37:53'),
(613, 'MYSTIC TRUMAN', 'A Epic Yarn of a Teacher And a Hunter who must Outgun a Explorer in Soviet Georgia', 2003, 4, NULL, 5, '0.99', 92, '19.99', 'NC-17', 'Commentaries,Behind the Scenes', '2020-07-30 12:37:53'),
(614, 'NAME DETECTIVE', 'A Touching Saga of a Sumo Wrestler And a Cat who must Pursue a Mad Scientist in Nigeria', 2003, 4, NULL, 5, '4.99', 178, '11.99', 'PG-13', 'Trailers,Commentaries,Behind the Scenes', '2020-07-30 12:37:53'),
(615, 'NASH CHOCOLAT', 'A Epic Reflection of a Monkey And a Mad Cow who must Kill a Forensic Psychologist in An Abandoned Mine Shaft', 2003, 4, NULL, 6, '2.99', 180, '21.99', 'PG-13', 'Commentaries,Behind the Scenes', '2020-07-30 12:37:53'),
(616, 'NATIONAL STORY', 'A Taut Epistle of a Mad Scientist And a Girl who must Escape a Monkey in California', 2003, 4, NULL, 4, '2.99', 92, '19.99', 'NC-17', 'Trailers', '2020-07-30 12:37:53'),
(617, 'NATURAL STOCK', 'A Fast-Paced Story of a Sumo Wrestler And a Girl who must Defeat a Car in A Baloon Factory', 2003, 4, NULL, 4, '0.99', 50, '24.99', 'PG-13', 'Commentaries,Deleted Scenes', '2020-07-30 12:37:53'),
(618, 'NECKLACE OUTBREAK', 'A Astounding Epistle of a Database Administrator And a Mad Scientist who must Pursue a Cat in California', 2003, 4, NULL, 3, '0.99', 132, '21.99', 'PG', 'Trailers,Commentaries,Behind the Scenes', '2020-07-30 12:37:53'),
(619, 'NEIGHBORS CHARADE', 'A Fanciful Reflection of a Crocodile And a Astronaut who must Outrace a Feminist in An Abandoned Amusement Park', 2003, 4, NULL, 3, '0.99', 161, '20.99', 'R', 'Trailers,Commentaries,Deleted Scenes', '2020-07-30 12:37:53'),
(620, 'NEMO CAMPUS', 'A Lacklusture Reflection of a Monkey And a Squirrel who must Outrace a Womanizer in A Manhattan Penthouse', 2003, 4, NULL, 5, '2.99', 131, '23.99', 'NC-17', 'Trailers', '2020-07-30 12:37:53'),
(621, 'NETWORK PEAK', 'A Unbelieveable Reflection of a Butler And a Boat who must Outgun a Mad Scientist in California', 2003, 4, NULL, 5, '2.99', 75, '23.99', 'PG-13', 'Commentaries,Deleted Scenes,Behind the Scenes', '2020-07-30 12:37:53'),
(622, 'NEWSIES STORY', 'A Action-Packed Character Study of a Dog And a Lumberjack who must Outrace a Moose in The Gulf of Mexico', 2003, 4, NULL, 4, '0.99', 159, '25.99', 'G', 'Trailers,Deleted Scenes', '2020-07-30 12:37:53'),
(623, 'NEWTON LABYRINTH', 'A Intrepid Character Study of a Moose And a Waitress who must Find a A Shark in Ancient India', 2003, 4, NULL, 4, '0.99', 75, '9.99', 'PG', 'Trailers,Commentaries,Deleted Scenes,Behind the Scenes', '2020-07-30 12:37:53'),
(624, 'NIGHTMARE CHILL', 'A Brilliant Display of a Robot And a Butler who must Fight a Waitress in An Abandoned Mine Shaft', 2003, 4, NULL, 3, '4.99', 149, '25.99', 'PG', 'Trailers,Deleted Scenes,Behind the Scenes', '2020-07-30 12:37:53'),
(625, 'NONE SPIKING', 'A Boring Reflection of a Secret Agent And a Astronaut who must Face a Composer in A Manhattan Penthouse', 2003, 4, NULL, 3, '0.99', 83, '18.99', 'NC-17', 'Trailers,Commentaries', '2020-07-30 12:37:53'),
(626, 'NOON PAPI', 'A Unbelieveable Character Study of a Mad Scientist And a Astronaut who must Find a Pioneer in A Manhattan Penthouse', 2003, 4, NULL, 5, '2.99', 57, '12.99', 'G', 'Behind the Scenes', '2020-07-30 12:37:53'),
(627, 'NORTH TEQUILA', 'A Beautiful Character Study of a Mad Cow And a Robot who must Reach a Womanizer in New Orleans', 2003, 4, NULL, 4, '4.99', 67, '9.99', 'NC-17', 'Commentaries,Deleted Scenes,Behind the Scenes', '2020-07-30 12:37:53'),
(628, 'NORTHWEST POLISH', 'A Boring Character Study of a Boy And a A Shark who must Outrace a Womanizer in The Outback', 2003, 4, NULL, 5, '2.99', 172, '24.99', 'PG', 'Trailers', '2020-07-30 12:37:53'),
(629, 'NOTORIOUS REUNION', 'A Amazing Epistle of a Woman And a Squirrel who must Fight a Hunter in A Baloon', 2003, 4, NULL, 7, '0.99', 128, '9.99', 'NC-17', 'Trailers,Commentaries,Deleted Scenes', '2020-07-30 12:37:53'),
(630, 'NOTTING SPEAKEASY', 'A Thoughtful Display of a Butler And a Womanizer who must Find a Waitress in The Canadian Rockies', 2003, 4, NULL, 7, '0.99', 48, '19.99', 'PG-13', 'Trailers,Commentaries', '2020-07-30 12:37:53'),
(631, 'NOVOCAINE FLIGHT', 'A Fanciful Display of a Student And a Teacher who must Outgun a Crocodile in Nigeria', 2003, 4, NULL, 4, '0.99', 64, '11.99', 'G', 'Trailers,Commentaries,Deleted Scenes', '2020-07-30 12:37:53'),
(632, 'NUTS TIES', 'A Thoughtful Drama of a Explorer And a Womanizer who must Meet a Teacher in California', 2003, 4, NULL, 5, '4.99', 145, '10.99', 'NC-17', 'Trailers,Behind the Scenes', '2020-07-30 12:37:53'),
(633, 'OCTOBER SUBMARINE', 'A Taut Epistle of a Monkey And a Boy who must Confront a Husband in A Jet Boat', 2003, 4, NULL, 6, '4.99', 54, '10.99', 'PG-13', 'Trailers,Commentaries,Behind the Scenes', '2020-07-30 12:37:53'),
(634, 'ODDS BOOGIE', 'A Thrilling Yarn of a Feminist And a Madman who must Battle a Hunter in Berlin', 2007, 4, NULL, 6, '0.99', 48, '14.99', 'NC-17', 'Trailers,Commentaries,Behind the Scenes', '2020-07-30 12:37:53'),
(635, 'OKLAHOMA JUMANJI', 'A Thoughtful Drama of a Dentist And a Womanizer who must Meet a Husband in The Sahara Desert', 2007, 4, NULL, 7, '0.99', 58, '15.99', 'PG', 'Behind the Scenes', '2020-07-30 12:37:53'),
(636, 'OLEANDER CLUE', 'A Boring Story of a Teacher And a Monkey who must Succumb a Forensic Psychologist in A Jet Boat', 2007, 4, NULL, 5, '0.99', 161, '12.99', 'PG', 'Commentaries,Deleted Scenes', '2020-07-30 12:37:53'),
(637, 'OPEN AFRICAN', 'A Lacklusture Drama of a Secret Agent And a Explorer who must Discover a Car in A U-Boat', 2007, 4, NULL, 7, '4.99', 131, '16.99', 'PG', 'Trailers,Commentaries', '2020-07-30 12:37:53'),
(638, 'OPERATION OPERATION', 'A Intrepid Character Study of a Man And a Frisbee who must Overcome a Madman in Ancient China', 2007, 4, NULL, 7, '2.99', 156, '23.99', 'G', 'Trailers,Commentaries,Deleted Scenes,Behind the Scenes', '2020-07-30 12:37:53'),
(639, 'OPPOSITE NECKLACE', 'A Fateful Epistle of a Crocodile And a Moose who must Kill a Explorer in Nigeria', 2007, 4, NULL, 7, '4.99', 92, '9.99', 'PG', 'Deleted Scenes', '2020-07-30 12:37:53'),
(640, 'OPUS ICE', 'A Fast-Paced Drama of a Hunter And a Boy who must Discover a Feminist in The Sahara Desert', 2007, 4, NULL, 5, '4.99', 102, '21.99', 'R', 'Commentaries,Deleted Scenes', '2020-07-30 12:37:53'),
(641, 'ORANGE GRAPES', 'A Astounding Documentary of a Butler And a Womanizer who must Face a Dog in A U-Boat', 2007, 4, NULL, 4, '0.99', 76, '21.99', 'PG-13', 'Trailers,Commentaries', '2020-07-30 12:37:53'),
(642, 'ORDER BETRAYED', 'A Amazing Saga of a Dog And a A Shark who must Challenge a Cat in The Sahara Desert', 2007, 4, NULL, 7, '2.99', 120, '13.99', 'PG-13', 'Deleted Scenes,Behind the Scenes', '2020-07-30 12:37:53'),
(643, 'ORIENT CLOSER', 'A Astounding Epistle of a Technical Writer And a Teacher who must Fight a Squirrel in The Sahara Desert', 2007, 4, NULL, 3, '2.99', 118, '22.99', 'R', 'Commentaries,Deleted Scenes', '2020-07-30 12:37:53'),
(644, 'OSCAR GOLD', 'A Insightful Tale of a Database Administrator And a Dog who must Face a Madman in Soviet Georgia', 2007, 4, NULL, 7, '2.99', 115, '29.99', 'PG', 'Behind the Scenes', '2020-07-30 12:37:53'),
(645, 'OTHERS SOUP', 'A Lacklusture Documentary of a Mad Cow And a Madman who must Sink a Moose in The Gulf of Mexico', 2007, 4, NULL, 7, '2.99', 118, '18.99', 'PG', 'Deleted Scenes', '2020-07-30 12:37:53'),
(646, 'OUTBREAK DIVINE', 'A Unbelieveable Yarn of a Database Administrator And a Woman who must Succumb a A Shark in A U-Boat', 2007, 4, NULL, 6, '0.99', 169, '12.99', 'NC-17', 'Trailers,Deleted Scenes,Behind the Scenes', '2020-07-30 12:37:53'),
(647, 'OUTFIELD MASSACRE', 'A Thoughtful Drama of a Husband And a Secret Agent who must Pursue a Database Administrator in Ancient India', 2007, 4, NULL, 4, '0.99', 129, '18.99', 'NC-17', 'Trailers,Deleted Scenes', '2020-07-30 12:37:53'),
(648, 'OUTLAW HANKY', 'A Thoughtful Story of a Astronaut And a Composer who must Conquer a Dog in The Sahara Desert', 2007, 4, NULL, 7, '4.99', 148, '17.99', 'PG-13', 'Trailers,Commentaries', '2020-07-30 12:37:53'),
(649, 'OZ LIAISONS', 'A Epic Yarn of a Mad Scientist And a Cat who must Confront a Womanizer in A Baloon Factory', 2007, 4, NULL, 4, '2.99', 85, '14.99', 'R', 'Commentaries,Deleted Scenes,Behind the Scenes', '2020-07-30 12:37:53'),
(650, 'PACIFIC AMISTAD', 'A Thrilling Yarn of a Dog And a Moose who must Kill a Pastry Chef in A Manhattan Penthouse', 2007, 4, NULL, 3, '0.99', 144, '27.99', 'G', 'Trailers,Commentaries,Deleted Scenes,Behind the Scenes', '2020-07-30 12:37:53'),
(651, 'PACKER MADIGAN', 'A Epic Display of a Sumo Wrestler And a Forensic Psychologist who must Build a Woman in An Abandoned Amusement Park', 2007, 4, NULL, 3, '0.99', 84, '20.99', 'PG-13', 'Trailers', '2020-07-30 12:37:53'),
(652, 'PAJAMA JAWBREAKER', 'A Emotional Drama of a Boy And a Technical Writer who must Redeem a Sumo Wrestler in California', 2007, 4, NULL, 3, '0.99', 126, '14.99', 'R', 'Trailers,Deleted Scenes', '2020-07-30 12:37:53'),
(653, 'PANIC CLUB', 'A Fanciful Display of a Teacher And a Crocodile who must Succumb a Girl in A Baloon', 2007, 4, NULL, 3, '4.99', 102, '15.99', 'G', 'Commentaries,Deleted Scenes', '2020-07-30 12:37:53'),
(654, 'PANKY SUBMARINE', 'A Touching Documentary of a Dentist And a Sumo Wrestler who must Overcome a Boy in The Gulf of Mexico', 2007, 4, NULL, 4, '4.99', 93, '19.99', 'G', 'Trailers,Commentaries,Deleted Scenes,Behind the Scenes', '2020-07-30 12:37:53'),
(655, 'PANTHER REDS', 'A Brilliant Panorama of a Moose And a Man who must Reach a Teacher in The Gulf of Mexico', 2007, 4, NULL, 5, '4.99', 109, '22.99', 'NC-17', 'Deleted Scenes,Behind the Scenes', '2020-07-30 12:37:53'),
(656, 'PAPI NECKLACE', 'A Fanciful Display of a Car And a Monkey who must Escape a Squirrel in Ancient Japan', 2007, 4, NULL, 3, '0.99', 128, '9.99', 'PG', 'Trailers,Deleted Scenes,Behind the Scenes', '2020-07-30 12:37:53'),
(657, 'PARADISE SABRINA', 'A Intrepid Yarn of a Car And a Moose who must Outrace a Crocodile in A Manhattan Penthouse', 2007, 4, NULL, 5, '2.99', 48, '12.99', 'PG-13', 'Commentaries,Deleted Scenes,Behind the Scenes', '2020-07-30 12:37:53'),
(658, 'PARIS WEEKEND', 'A Intrepid Story of a Squirrel And a Crocodile who must Defeat a Monkey in The Outback', 2007, 4, NULL, 7, '2.99', 121, '19.99', 'PG-13', 'Trailers,Commentaries,Deleted Scenes,Behind the Scenes', '2020-07-30 12:37:53'),
(659, 'PARK CITIZEN', 'A Taut Epistle of a Sumo Wrestler And a Girl who must Face a Husband in Ancient Japan', 2007, 4, NULL, 3, '4.99', 109, '14.99', 'PG-13', 'Trailers,Deleted Scenes', '2020-07-30 12:37:53'),
(660, 'PARTY KNOCK', 'A Fateful Display of a Technical Writer And a Butler who must Battle a Sumo Wrestler in An Abandoned Mine Shaft', 2007, 4, NULL, 7, '2.99', 107, '11.99', 'PG', 'Trailers,Behind the Scenes', '2020-07-30 12:37:53'),
(661, 'PAST SUICIDES', 'A Intrepid Tale of a Madman And a Astronaut who must Challenge a Hunter in A Monastery', 2007, 4, NULL, 5, '4.99', 157, '17.99', 'PG-13', 'Trailers,Deleted Scenes,Behind the Scenes', '2020-07-30 12:37:53'),
(662, 'PATHS CONTROL', 'A Astounding Documentary of a Butler And a Cat who must Find a Frisbee in Ancient China', 2007, 4, NULL, 3, '4.99', 118, '9.99', 'PG', 'Trailers,Behind the Scenes', '2020-07-30 12:37:53'),
(663, 'PATIENT SISTER', 'A Emotional Epistle of a Squirrel And a Robot who must Confront a Lumberjack in Soviet Georgia', 2007, 4, NULL, 7, '0.99', 99, '29.99', 'NC-17', 'Trailers,Commentaries', '2020-07-30 12:37:53'),
(664, 'PATRIOT ROMAN', 'A Taut Saga of a Robot And a Database Administrator who must Challenge a Astronaut in California', 2007, 4, NULL, 6, '2.99', 65, '12.99', 'PG', 'Trailers,Deleted Scenes', '2020-07-30 12:37:53'),
(665, 'PATTON INTERVIEW', 'A Thrilling Documentary of a Composer And a Secret Agent who must Succumb a Cat in Berlin', 2007, 4, NULL, 4, '2.99', 175, '22.99', 'PG', 'Commentaries', '2020-07-30 12:37:53'),
(666, 'PAYCHECK WAIT', 'A Awe-Inspiring Reflection of a Boy And a Man who must Discover a Moose in The Sahara Desert', 2007, 4, NULL, 4, '4.99', 145, '27.99', 'PG-13', 'Commentaries,Deleted Scenes', '2020-07-30 12:37:53'),
(667, 'PEACH INNOCENT', 'A Action-Packed Drama of a Monkey And a Dentist who must Chase a Butler in Berlin', 2007, 4, NULL, 3, '2.99', 160, '20.99', 'PG-13', 'Commentaries,Behind the Scenes', '2020-07-30 12:37:53'),
(668, 'PEAK FOREVER', 'A Insightful Reflection of a Boat And a Secret Agent who must Vanquish a Astronaut in An Abandoned Mine Shaft', 2007, 4, NULL, 7, '4.99', 80, '25.99', 'PG', 'Trailers,Commentaries,Deleted Scenes,Behind the Scenes', '2020-07-30 12:37:53'),
(669, 'PEARL DESTINY', 'A Lacklusture Yarn of a Astronaut And a Pastry Chef who must Sink a Dog in A U-Boat', 2007, 4, NULL, 3, '2.99', 74, '10.99', 'NC-17', 'Trailers', '2020-07-30 12:37:53'),
(670, 'PELICAN COMFORTS', 'A Epic Documentary of a Boy And a Monkey who must Pursue a Astronaut in Berlin', 2007, 4, NULL, 4, '4.99', 48, '17.99', 'PG', 'Commentaries,Deleted Scenes', '2020-07-30 12:37:53'),
(671, 'PERDITION FARGO', 'A Fast-Paced Story of a Car And a Cat who must Outgun a Hunter in Berlin', 2007, 4, NULL, 7, '4.99', 99, '27.99', 'NC-17', 'Trailers,Behind the Scenes', '2020-07-30 12:37:53');
INSERT INTO `film` (`film_id`, `title`, `description`, `release_year`, `language_id`, `original_language_id`, `rental_duration`, `rental_rate`, `length`, `replacement_cost`, `rating`, `special_features`, `last_update`) VALUES
(672, 'PERFECT GROOVE', 'A Thrilling Yarn of a Dog And a Dog who must Build a Husband in A Baloon', 2007, 4, NULL, 7, '2.99', 82, '17.99', 'PG-13', 'Commentaries,Deleted Scenes,Behind the Scenes', '2020-07-30 12:37:53'),
(673, 'PERSONAL LADYBUGS', 'A Epic Saga of a Hunter And a Technical Writer who must Conquer a Cat in Ancient Japan', 2007, 4, NULL, 3, '0.99', 118, '19.99', 'PG-13', 'Deleted Scenes,Behind the Scenes', '2020-07-30 12:37:53'),
(674, 'PET HAUNTING', 'A Unbelieveable Reflection of a Explorer And a Boat who must Conquer a Woman in California', 2007, 4, NULL, 3, '0.99', 99, '11.99', 'PG', 'Trailers,Commentaries', '2020-07-30 12:37:53'),
(675, 'PHANTOM GLORY', 'A Beautiful Documentary of a Astronaut And a Crocodile who must Discover a Madman in A Monastery', 2007, 4, NULL, 6, '2.99', 60, '17.99', 'NC-17', 'Commentaries,Behind the Scenes', '2020-07-30 12:37:53'),
(676, 'PHILADELPHIA WIFE', 'A Taut Yarn of a Hunter And a Astronaut who must Conquer a Database Administrator in The Sahara Desert', 2007, 4, NULL, 7, '4.99', 137, '16.99', 'PG-13', 'Trailers,Commentaries,Deleted Scenes', '2020-07-30 12:37:53'),
(677, 'PIANIST OUTFIELD', 'A Intrepid Story of a Boy And a Technical Writer who must Pursue a Lumberjack in A Monastery', 2007, 4, NULL, 6, '0.99', 136, '25.99', 'NC-17', 'Trailers,Commentaries,Deleted Scenes', '2020-07-30 12:37:53'),
(678, 'PICKUP DRIVING', 'A Touching Documentary of a Husband And a Boat who must Meet a Pastry Chef in A Baloon Factory', 2007, 4, NULL, 3, '2.99', 77, '23.99', 'G', 'Trailers,Commentaries,Deleted Scenes,Behind the Scenes', '2020-07-30 12:37:53'),
(679, 'PILOT HOOSIERS', 'A Awe-Inspiring Reflection of a Crocodile And a Sumo Wrestler who must Meet a Forensic Psychologist in An Abandoned Mine Shaft', 2007, 4, NULL, 6, '2.99', 50, '17.99', 'PG', 'Trailers,Deleted Scenes', '2020-07-30 12:37:53'),
(680, 'PINOCCHIO SIMON', 'A Action-Packed Reflection of a Mad Scientist And a A Shark who must Find a Feminist in California', 2007, 4, NULL, 4, '4.99', 103, '21.99', 'PG', 'Commentaries,Behind the Scenes', '2020-07-30 12:37:53'),
(681, 'PIRATES ROXANNE', 'A Stunning Drama of a Woman And a Lumberjack who must Overcome a A Shark in The Canadian Rockies', 2007, 4, NULL, 4, '0.99', 100, '20.99', 'PG', 'Commentaries,Deleted Scenes', '2020-07-30 12:37:53'),
(682, 'PITTSBURGH HUNCHBACK', 'A Thrilling Epistle of a Boy And a Boat who must Find a Student in Soviet Georgia', 2007, 4, NULL, 4, '4.99', 134, '17.99', 'PG-13', 'Trailers,Deleted Scenes,Behind the Scenes', '2020-07-30 12:37:53'),
(683, 'PITY BOUND', 'A Boring Panorama of a Feminist And a Moose who must Defeat a Database Administrator in Nigeria', 2007, 4, NULL, 5, '4.99', 60, '19.99', 'NC-17', 'Commentaries', '2020-07-30 12:37:53'),
(684, 'PIZZA JUMANJI', 'A Epic Saga of a Cat And a Squirrel who must Outgun a Robot in A U-Boat', 2007, 4, NULL, 4, '2.99', 173, '11.99', 'NC-17', 'Commentaries', '2020-07-30 12:37:53'),
(685, 'PLATOON INSTINCT', 'A Thrilling Panorama of a Man And a Woman who must Reach a Woman in Australia', 2007, 4, NULL, 6, '4.99', 132, '10.99', 'PG-13', 'Trailers,Commentaries', '2020-07-30 12:37:53'),
(686, 'PLUTO OLEANDER', 'A Action-Packed Reflection of a Car And a Moose who must Outgun a Car in A Shark Tank', 2007, 4, NULL, 5, '4.99', 84, '9.99', 'R', 'Behind the Scenes', '2020-07-30 12:37:53'),
(687, 'POCUS PULP', 'A Intrepid Yarn of a Frisbee And a Dog who must Build a Astronaut in A Baloon Factory', 2007, 4, NULL, 6, '0.99', 138, '15.99', 'NC-17', 'Commentaries,Deleted Scenes,Behind the Scenes', '2020-07-30 12:37:53'),
(688, 'POLISH BROOKLYN', 'A Boring Character Study of a Database Administrator And a Lumberjack who must Reach a Madman in The Outback', 2007, 4, NULL, 6, '0.99', 61, '12.99', 'PG', 'Trailers,Commentaries,Deleted Scenes,Behind the Scenes', '2020-07-30 12:37:53'),
(689, 'POLLOCK DELIVERANCE', 'A Intrepid Story of a Madman And a Frisbee who must Outgun a Boat in The Sahara Desert', 2007, 4, NULL, 5, '2.99', 137, '14.99', 'PG', 'Commentaries', '2020-07-30 12:37:53'),
(690, 'POND SEATTLE', 'A Stunning Drama of a Teacher And a Boat who must Battle a Feminist in Ancient China', 2007, 4, NULL, 7, '2.99', 185, '25.99', 'PG-13', 'Trailers,Commentaries,Behind the Scenes', '2020-07-30 12:37:53'),
(691, 'POSEIDON FOREVER', 'A Thoughtful Epistle of a Womanizer And a Monkey who must Vanquish a Dentist in A Monastery', 2007, 4, NULL, 6, '4.99', 159, '29.99', 'PG-13', 'Commentaries', '2020-07-30 12:37:53'),
(692, 'POTLUCK MIXED', 'A Beautiful Story of a Dog And a Technical Writer who must Outgun a Student in A Baloon', 2007, 4, NULL, 3, '2.99', 179, '10.99', 'G', 'Behind the Scenes', '2020-07-30 12:37:53'),
(693, 'POTTER CONNECTICUT', 'A Thrilling Epistle of a Frisbee And a Cat who must Fight a Technical Writer in Berlin', 2007, 4, NULL, 5, '2.99', 115, '16.99', 'PG', 'Trailers,Commentaries', '2020-07-30 12:37:53'),
(694, 'PREJUDICE OLEANDER', 'A Epic Saga of a Boy And a Dentist who must Outrace a Madman in A U-Boat', 2007, 4, NULL, 6, '4.99', 98, '15.99', 'PG-13', 'Trailers,Commentaries,Deleted Scenes', '2020-07-30 12:37:53'),
(695, 'PRESIDENT BANG', 'A Fateful Panorama of a Technical Writer And a Moose who must Battle a Robot in Soviet Georgia', 2011, 4, NULL, 6, '4.99', 144, '12.99', 'PG', 'Behind the Scenes', '2020-07-30 12:37:53'),
(696, 'PRIDE ALAMO', 'A Thoughtful Drama of a A Shark And a Forensic Psychologist who must Vanquish a Student in Ancient India', 2011, 4, NULL, 6, '0.99', 114, '20.99', 'NC-17', 'Deleted Scenes', '2020-07-30 12:37:53'),
(697, 'PRIMARY GLASS', 'A Fateful Documentary of a Pastry Chef And a Butler who must Build a Dog in The Canadian Rockies', 2011, 4, NULL, 7, '0.99', 53, '16.99', 'G', 'Trailers,Deleted Scenes,Behind the Scenes', '2020-07-30 12:37:53'),
(698, 'PRINCESS GIANT', 'A Thrilling Yarn of a Pastry Chef And a Monkey who must Battle a Monkey in A Shark Tank', 2011, 4, NULL, 3, '2.99', 71, '29.99', 'NC-17', 'Trailers,Deleted Scenes', '2020-07-30 12:37:53'),
(699, 'PRIVATE DROP', 'A Stunning Story of a Technical Writer And a Hunter who must Succumb a Secret Agent in A Baloon', 2011, 4, NULL, 7, '4.99', 106, '26.99', 'PG', 'Trailers', '2020-07-30 12:37:53'),
(700, 'PRIX UNDEFEATED', 'A Stunning Saga of a Mad Scientist And a Boat who must Overcome a Dentist in Ancient China', 2011, 4, NULL, 4, '2.99', 115, '13.99', 'R', 'Trailers,Deleted Scenes', '2020-07-30 12:37:53'),
(701, 'PSYCHO SHRUNK', 'A Amazing Panorama of a Crocodile And a Explorer who must Fight a Husband in Nigeria', 2011, 4, NULL, 5, '2.99', 155, '11.99', 'PG-13', 'Behind the Scenes', '2020-07-30 12:37:53'),
(702, 'PULP BEVERLY', 'A Unbelieveable Display of a Dog And a Crocodile who must Outrace a Man in Nigeria', 2011, 4, NULL, 4, '2.99', 89, '12.99', 'G', 'Trailers,Behind the Scenes', '2020-07-30 12:37:53'),
(703, 'PUNK DIVORCE', 'A Fast-Paced Tale of a Pastry Chef And a Boat who must Face a Frisbee in The Canadian Rockies', 2011, 4, NULL, 6, '4.99', 100, '18.99', 'PG', 'Trailers,Commentaries,Deleted Scenes', '2020-07-30 12:37:53'),
(704, 'PURE RUNNER', 'A Thoughtful Documentary of a Student And a Madman who must Challenge a Squirrel in A Manhattan Penthouse', 2011, 4, NULL, 3, '2.99', 121, '25.99', 'NC-17', 'Trailers,Deleted Scenes', '2020-07-30 12:37:53'),
(705, 'PURPLE MOVIE', 'A Boring Display of a Pastry Chef And a Sumo Wrestler who must Discover a Frisbee in An Abandoned Amusement Park', 2011, 4, NULL, 4, '2.99', 88, '9.99', 'R', 'Commentaries,Deleted Scenes', '2020-07-30 12:37:53'),
(706, 'QUEEN LUKE', 'A Astounding Story of a Girl And a Boy who must Challenge a Composer in New Orleans', 2011, 4, NULL, 5, '4.99', 163, '22.99', 'PG', 'Commentaries,Deleted Scenes,Behind the Scenes', '2020-07-30 12:37:53'),
(707, 'QUEST MUSSOLINI', 'A Fateful Drama of a Husband And a Sumo Wrestler who must Battle a Pastry Chef in A Baloon Factory', 2011, 4, NULL, 5, '2.99', 177, '29.99', 'R', 'Behind the Scenes', '2020-07-30 12:37:53'),
(708, 'QUILLS BULL', 'A Thoughtful Story of a Pioneer And a Woman who must Reach a Moose in Australia', 2011, 4, NULL, 4, '4.99', 112, '19.99', 'R', 'Trailers,Behind the Scenes', '2020-07-30 12:37:53'),
(709, 'RACER EGG', 'A Emotional Display of a Monkey And a Waitress who must Reach a Secret Agent in California', 2011, 4, NULL, 7, '2.99', 147, '19.99', 'NC-17', 'Trailers,Commentaries,Deleted Scenes', '2020-07-30 12:37:53'),
(710, 'RAGE GAMES', 'A Fast-Paced Saga of a Astronaut And a Secret Agent who must Escape a Hunter in An Abandoned Amusement Park', 2011, 4, NULL, 4, '4.99', 120, '18.99', 'R', 'Trailers,Behind the Scenes', '2020-07-30 12:37:53'),
(711, 'RAGING AIRPLANE', 'A Astounding Display of a Secret Agent And a Technical Writer who must Escape a Mad Scientist in A Jet Boat', 2011, 4, NULL, 4, '4.99', 154, '18.99', 'R', 'Commentaries,Deleted Scenes', '2020-07-30 12:37:53'),
(712, 'RAIDERS ANTITRUST', 'A Amazing Drama of a Teacher And a Feminist who must Meet a Woman in The First Manned Space Station', 2011, 4, NULL, 4, '0.99', 82, '11.99', 'PG-13', 'Deleted Scenes', '2020-07-30 12:37:53'),
(713, 'RAINBOW SHOCK', 'A Action-Packed Story of a Hunter And a Boy who must Discover a Lumberjack in Ancient India', 2011, 4, NULL, 3, '4.99', 74, '14.99', 'PG', 'Trailers,Commentaries,Deleted Scenes,Behind the Scenes', '2020-07-30 12:37:53'),
(714, 'RANDOM GO', 'A Fateful Drama of a Frisbee And a Student who must Confront a Cat in A Shark Tank', 2011, 4, NULL, 6, '2.99', 73, '29.99', 'NC-17', 'Trailers', '2020-07-30 12:37:53'),
(715, 'RANGE MOONWALKER', 'A Insightful Documentary of a Hunter And a Dentist who must Confront a Crocodile in A Baloon', 2011, 4, NULL, 3, '4.99', 147, '25.99', 'PG', 'Trailers,Commentaries,Deleted Scenes', '2020-07-30 12:37:53'),
(716, 'REAP UNFAITHFUL', 'A Thrilling Epistle of a Composer And a Sumo Wrestler who must Challenge a Mad Cow in A MySQL Convention', 2011, 4, NULL, 6, '2.99', 136, '26.99', 'PG-13', 'Trailers,Commentaries', '2020-07-30 12:37:53'),
(717, 'REAR TRADING', 'A Awe-Inspiring Reflection of a Forensic Psychologist And a Secret Agent who must Succumb a Pastry Chef in Soviet Georgia', 2011, 4, NULL, 6, '0.99', 97, '23.99', 'NC-17', 'Trailers,Commentaries,Deleted Scenes', '2020-07-30 12:37:53'),
(718, 'REBEL AIRPORT', 'A Intrepid Yarn of a Database Administrator And a Boat who must Outrace a Husband in Ancient India', 2011, 4, NULL, 7, '0.99', 73, '24.99', 'G', 'Trailers,Behind the Scenes', '2020-07-30 12:37:53'),
(719, 'RECORDS ZORRO', 'A Amazing Drama of a Mad Scientist And a Composer who must Build a Husband in The Outback', 2011, 4, NULL, 7, '4.99', 182, '11.99', 'PG', 'Behind the Scenes', '2020-07-30 12:37:53'),
(720, 'REDEMPTION COMFORTS', 'A Emotional Documentary of a Dentist And a Woman who must Battle a Mad Scientist in Ancient China', 2011, 4, NULL, 3, '2.99', 179, '20.99', 'NC-17', 'Trailers,Deleted Scenes,Behind the Scenes', '2020-07-30 12:37:53'),
(721, 'REDS POCUS', 'A Lacklusture Yarn of a Sumo Wrestler And a Squirrel who must Redeem a Monkey in Soviet Georgia', 2011, 4, NULL, 7, '4.99', 182, '23.99', 'PG-13', 'Trailers,Behind the Scenes', '2020-07-30 12:37:53'),
(722, 'REEF SALUTE', 'A Action-Packed Saga of a Teacher And a Lumberjack who must Battle a Dentist in A Baloon', 2011, 4, NULL, 5, '0.99', 123, '26.99', 'NC-17', 'Behind the Scenes', '2020-07-30 12:37:53'),
(723, 'REIGN GENTLEMEN', 'A Emotional Yarn of a Composer And a Man who must Escape a Butler in The Gulf of Mexico', 2011, 4, NULL, 3, '2.99', 82, '29.99', 'PG-13', 'Deleted Scenes,Behind the Scenes', '2020-07-30 12:37:53'),
(724, 'REMEMBER DIARY', 'A Insightful Tale of a Technical Writer And a Waitress who must Conquer a Monkey in Ancient India', 2011, 3, NULL, 5, '2.99', 110, '15.99', 'R', 'Trailers,Commentaries', '2020-07-30 12:37:53'),
(725, 'REQUIEM TYCOON', 'A Unbelieveable Character Study of a Cat And a Database Administrator who must Pursue a Teacher in A Monastery', 2011, 3, NULL, 6, '4.99', 167, '25.99', 'R', 'Trailers,Commentaries,Behind the Scenes', '2020-07-30 12:37:53'),
(726, 'RESERVOIR ADAPTATION', 'A Intrepid Drama of a Teacher And a Moose who must Kill a Car in California', 2011, 3, NULL, 7, '2.99', 61, '29.99', 'PG-13', 'Commentaries', '2020-07-30 12:37:53'),
(727, 'RESURRECTION SILVERADO', 'A Epic Yarn of a Robot And a Explorer who must Challenge a Girl in A MySQL Convention', 2011, 3, NULL, 6, '0.99', 117, '12.99', 'PG', 'Trailers,Deleted Scenes', '2020-07-30 12:37:53'),
(728, 'REUNION WITCHES', 'A Unbelieveable Documentary of a Database Administrator And a Frisbee who must Redeem a Mad Scientist in A Baloon Factory', 2011, 3, NULL, 3, '0.99', 63, '26.99', 'R', 'Commentaries', '2020-07-30 12:37:53'),
(729, 'RIDER CADDYSHACK', 'A Taut Reflection of a Monkey And a Womanizer who must Chase a Moose in Nigeria', 2011, 3, NULL, 5, '2.99', 177, '28.99', 'PG', 'Commentaries,Behind the Scenes', '2020-07-30 12:37:53'),
(730, 'RIDGEMONT SUBMARINE', 'A Unbelieveable Drama of a Waitress And a Composer who must Sink a Mad Cow in Ancient Japan', 2011, 3, NULL, 3, '0.99', 46, '28.99', 'PG-13', 'Commentaries,Deleted Scenes,Behind the Scenes', '2020-07-30 12:37:53'),
(731, 'RIGHT CRANES', 'A Fateful Character Study of a Boat And a Cat who must Find a Database Administrator in A Jet Boat', 2011, 3, NULL, 7, '4.99', 153, '29.99', 'PG-13', 'Trailers,Commentaries,Deleted Scenes', '2020-07-30 12:37:53'),
(732, 'RINGS HEARTBREAKERS', 'A Amazing Yarn of a Sumo Wrestler And a Boat who must Conquer a Waitress in New Orleans', 2011, 3, NULL, 5, '0.99', 58, '17.99', 'G', 'Trailers,Commentaries,Behind the Scenes', '2020-07-30 12:37:53'),
(733, 'RIVER OUTLAW', 'A Thrilling Character Study of a Squirrel And a Lumberjack who must Face a Hunter in A MySQL Convention', 2011, 3, NULL, 4, '0.99', 149, '29.99', 'PG-13', 'Commentaries', '2020-07-30 12:37:53'),
(734, 'ROAD ROXANNE', 'A Boring Character Study of a Waitress And a Astronaut who must Fight a Crocodile in Ancient Japan', 2011, 3, NULL, 4, '4.99', 158, '12.99', 'R', 'Behind the Scenes', '2020-07-30 12:37:53'),
(735, 'ROBBERS JOON', 'A Thoughtful Story of a Mad Scientist And a Waitress who must Confront a Forensic Psychologist in Soviet Georgia', 2011, 3, NULL, 7, '2.99', 102, '26.99', 'PG-13', 'Commentaries', '2020-07-30 12:37:53'),
(736, 'ROBBERY BRIGHT', 'A Taut Reflection of a Robot And a Squirrel who must Fight a Boat in Ancient Japan', 2011, 3, NULL, 4, '0.99', 134, '21.99', 'R', 'Trailers', '2020-07-30 12:37:53'),
(737, 'ROCK INSTINCT', 'A Astounding Character Study of a Robot And a Moose who must Overcome a Astronaut in Ancient India', 2011, 3, NULL, 4, '0.99', 102, '28.99', 'G', 'Trailers,Commentaries,Deleted Scenes,Behind the Scenes', '2020-07-30 12:37:53'),
(738, 'ROCKETEER MOTHER', 'A Awe-Inspiring Character Study of a Robot And a Sumo Wrestler who must Discover a Womanizer in A Shark Tank', 2011, 3, NULL, 3, '0.99', 178, '27.99', 'PG-13', 'Deleted Scenes,Behind the Scenes', '2020-07-30 12:37:53'),
(739, 'ROCKY WAR', 'A Fast-Paced Display of a Squirrel And a Explorer who must Outgun a Mad Scientist in Nigeria', 2011, 3, NULL, 4, '4.99', 145, '17.99', 'PG-13', 'Trailers,Commentaries,Behind the Scenes', '2020-07-30 12:37:53'),
(740, 'ROLLERCOASTER BRINGING', 'A Beautiful Drama of a Robot And a Lumberjack who must Discover a Technical Writer in A Shark Tank', 2011, 3, NULL, 5, '2.99', 153, '13.99', 'PG-13', 'Trailers,Commentaries,Deleted Scenes', '2020-07-30 12:37:53'),
(741, 'ROMAN PUNK', 'A Thoughtful Panorama of a Mad Cow And a Student who must Battle a Forensic Psychologist in Berlin', 2011, 3, NULL, 7, '0.99', 81, '28.99', 'NC-17', 'Trailers', '2020-07-30 12:37:53'),
(742, 'ROOF CHAMPION', 'A Lacklusture Reflection of a Car And a Explorer who must Find a Monkey in A Baloon', 2011, 3, NULL, 7, '0.99', 101, '25.99', 'R', 'Deleted Scenes,Behind the Scenes', '2020-07-30 12:37:53'),
(743, 'ROOM ROMAN', 'A Awe-Inspiring Panorama of a Composer And a Secret Agent who must Sink a Composer in A Shark Tank', 2011, 3, NULL, 7, '0.99', 60, '27.99', 'PG', 'Trailers,Deleted Scenes,Behind the Scenes', '2020-07-30 12:37:53'),
(744, 'ROOTS REMEMBER', 'A Brilliant Drama of a Mad Cow And a Hunter who must Escape a Hunter in Berlin', 2011, 3, NULL, 4, '0.99', 89, '23.99', 'PG-13', 'Commentaries,Deleted Scenes,Behind the Scenes', '2020-07-30 12:37:53'),
(745, 'ROSES TREASURE', 'A Astounding Panorama of a Monkey And a Secret Agent who must Defeat a Woman in The First Manned Space Station', 2011, 3, NULL, 5, '4.99', 162, '23.99', 'PG-13', 'Commentaries,Deleted Scenes,Behind the Scenes', '2020-07-30 12:37:53'),
(746, 'ROUGE SQUAD', 'A Awe-Inspiring Drama of a Astronaut And a Frisbee who must Conquer a Mad Scientist in Australia', 2011, 3, NULL, 3, '0.99', 118, '10.99', 'NC-17', 'Commentaries,Deleted Scenes,Behind the Scenes', '2020-07-30 12:37:53'),
(747, 'ROXANNE REBEL', 'A Astounding Story of a Pastry Chef And a Database Administrator who must Fight a Man in The Outback', 2011, 3, NULL, 5, '0.99', 171, '9.99', 'R', 'Deleted Scenes,Behind the Scenes', '2020-07-30 12:37:53'),
(748, 'RUGRATS SHAKESPEARE', 'A Touching Saga of a Crocodile And a Crocodile who must Discover a Technical Writer in Nigeria', 2011, 3, NULL, 4, '0.99', 109, '16.99', 'PG-13', 'Trailers,Commentaries,Deleted Scenes,Behind the Scenes', '2020-07-30 12:37:53'),
(749, 'RULES HUMAN', 'A Beautiful Epistle of a Astronaut And a Student who must Confront a Monkey in An Abandoned Fun House', 2011, 3, NULL, 6, '4.99', 153, '19.99', 'R', 'Deleted Scenes,Behind the Scenes', '2020-07-30 12:37:53'),
(750, 'RUN PACIFIC', 'A Touching Tale of a Cat And a Pastry Chef who must Conquer a Pastry Chef in A MySQL Convention', 2011, 3, NULL, 3, '0.99', 145, '25.99', 'R', 'Commentaries,Deleted Scenes,Behind the Scenes', '2020-07-30 12:37:53'),
(751, 'RUNAWAY TENENBAUMS', 'A Thoughtful Documentary of a Boat And a Man who must Meet a Boat in An Abandoned Fun House', 2011, 3, NULL, 6, '0.99', 181, '17.99', 'NC-17', 'Commentaries', '2020-07-30 12:37:53'),
(752, 'RUNNER MADIGAN', 'A Thoughtful Documentary of a Crocodile And a Robot who must Outrace a Womanizer in The Outback', 2011, 3, NULL, 6, '0.99', 101, '27.99', 'NC-17', 'Commentaries,Deleted Scenes,Behind the Scenes', '2020-07-30 12:37:53'),
(753, 'RUSH GOODFELLAS', 'A Emotional Display of a Man And a Dentist who must Challenge a Squirrel in Australia', 2011, 3, NULL, 3, '0.99', 48, '20.99', 'PG', 'Deleted Scenes', '2020-07-30 12:37:53'),
(754, 'RUSHMORE MERMAID', 'A Boring Story of a Woman And a Moose who must Reach a Husband in A Shark Tank', 2011, 3, NULL, 6, '2.99', 150, '17.99', 'PG-13', 'Trailers,Commentaries,Deleted Scenes', '2020-07-30 12:37:53'),
(755, 'SABRINA MIDNIGHT', 'A Emotional Story of a Squirrel And a Crocodile who must Succumb a Husband in The Sahara Desert', 2011, 3, NULL, 5, '4.99', 99, '11.99', 'PG', 'Trailers,Behind the Scenes', '2020-07-30 12:37:53'),
(756, 'SADDLE ANTITRUST', 'A Stunning Epistle of a Feminist And a A Shark who must Battle a Woman in An Abandoned Fun House', 1999, 3, NULL, 7, '2.99', 80, '10.99', 'PG-13', 'Trailers,Deleted Scenes', '2020-07-30 12:37:53'),
(757, 'SAGEBRUSH CLUELESS', 'A Insightful Story of a Lumberjack And a Hunter who must Kill a Boy in Ancient Japan', 1999, 3, NULL, 4, '2.99', 106, '28.99', 'G', 'Trailers', '2020-07-30 12:37:53'),
(758, 'SAINTS BRIDE', 'A Fateful Tale of a Technical Writer And a Composer who must Pursue a Explorer in The Gulf of Mexico', 1999, 3, NULL, 5, '2.99', 125, '11.99', 'G', 'Deleted Scenes', '2020-07-30 12:37:53'),
(759, 'SALUTE APOLLO', 'A Awe-Inspiring Character Study of a Boy And a Feminist who must Sink a Crocodile in Ancient China', 1999, 3, NULL, 4, '2.99', 73, '29.99', 'R', 'Trailers,Commentaries,Deleted Scenes,Behind the Scenes', '2020-07-30 12:37:53'),
(760, 'SAMURAI LION', 'A Fast-Paced Story of a Pioneer And a Astronaut who must Reach a Boat in A Baloon', 1999, 3, NULL, 5, '2.99', 110, '21.99', 'G', 'Commentaries', '2020-07-30 12:37:53'),
(761, 'SANTA PARIS', 'A Emotional Documentary of a Moose And a Car who must Redeem a Mad Cow in A Baloon Factory', 1999, 3, NULL, 7, '2.99', 154, '23.99', 'PG', 'Commentaries,Behind the Scenes', '2020-07-30 12:37:53'),
(762, 'SASSY PACKER', 'A Fast-Paced Documentary of a Dog And a Teacher who must Find a Moose in A Manhattan Penthouse', 1999, 3, NULL, 6, '0.99', 154, '29.99', 'G', 'Deleted Scenes,Behind the Scenes', '2020-07-30 12:37:53'),
(763, 'SATISFACTION CONFIDENTIAL', 'A Lacklusture Yarn of a Dentist And a Butler who must Meet a Secret Agent in Ancient China', 1999, 3, NULL, 3, '4.99', 75, '26.99', 'G', 'Commentaries,Deleted Scenes,Behind the Scenes', '2020-07-30 12:37:53'),
(764, 'SATURDAY LAMBS', 'A Thoughtful Reflection of a Mad Scientist And a Moose who must Kill a Husband in A Baloon', 1999, 3, NULL, 3, '4.99', 150, '28.99', 'G', 'Commentaries,Deleted Scenes', '2020-07-30 12:37:53'),
(765, 'SATURN NAME', 'A Fateful Epistle of a Butler And a Boy who must Redeem a Teacher in Berlin', 1999, 3, NULL, 7, '4.99', 182, '18.99', 'R', 'Trailers,Commentaries,Deleted Scenes,Behind the Scenes', '2020-07-30 12:37:53'),
(766, 'SAVANNAH TOWN', 'A Awe-Inspiring Tale of a Astronaut And a Database Administrator who must Chase a Secret Agent in The Gulf of Mexico', 1999, 3, NULL, 5, '0.99', 84, '25.99', 'PG-13', 'Commentaries,Deleted Scenes,Behind the Scenes', '2020-07-30 12:37:53'),
(767, 'SCALAWAG DUCK', 'A Fateful Reflection of a Car And a Teacher who must Confront a Waitress in A Monastery', 1999, 3, NULL, 6, '4.99', 183, '13.99', 'NC-17', 'Commentaries,Behind the Scenes', '2020-07-30 12:37:53'),
(768, 'SCARFACE BANG', 'A Emotional Yarn of a Teacher And a Girl who must Find a Teacher in A Baloon Factory', 1999, 3, NULL, 3, '4.99', 102, '11.99', 'PG-13', 'Commentaries,Deleted Scenes', '2020-07-30 12:37:53'),
(769, 'SCHOOL JACKET', 'A Intrepid Yarn of a Monkey And a Boy who must Fight a Composer in A Manhattan Penthouse', 1999, 3, NULL, 5, '4.99', 151, '21.99', 'PG-13', 'Trailers', '2020-07-30 12:37:53'),
(770, 'SCISSORHANDS SLUMS', 'A Awe-Inspiring Drama of a Girl And a Technical Writer who must Meet a Feminist in The Canadian Rockies', 1999, 3, NULL, 5, '2.99', 147, '13.99', 'G', 'Commentaries,Deleted Scenes,Behind the Scenes', '2020-07-30 12:37:53'),
(771, 'SCORPION APOLLO', 'A Awe-Inspiring Documentary of a Technical Writer And a Husband who must Meet a Monkey in An Abandoned Fun House', 1999, 3, NULL, 3, '4.99', 137, '23.99', 'NC-17', 'Commentaries,Deleted Scenes', '2020-07-30 12:37:53'),
(772, 'SEA VIRGIN', 'A Fast-Paced Documentary of a Technical Writer And a Pastry Chef who must Escape a Moose in A U-Boat', 1999, 3, NULL, 4, '2.99', 80, '24.99', 'PG', 'Deleted Scenes', '2020-07-30 12:37:53'),
(773, 'SEABISCUIT PUNK', 'A Insightful Saga of a Man And a Forensic Psychologist who must Discover a Mad Cow in A MySQL Convention', 1999, 3, NULL, 6, '2.99', 112, '28.99', 'NC-17', 'Commentaries,Deleted Scenes,Behind the Scenes', '2020-07-30 12:37:53'),
(774, 'SEARCHERS WAIT', 'A Fast-Paced Tale of a Car And a Mad Scientist who must Kill a Womanizer in Ancient Japan', 1999, 3, NULL, 3, '2.99', 182, '22.99', 'NC-17', 'Trailers,Commentaries,Deleted Scenes,Behind the Scenes', '2020-07-30 12:37:53'),
(775, 'SEATTLE EXPECATIONS', 'A Insightful Reflection of a Crocodile And a Sumo Wrestler who must Meet a Technical Writer in The Sahara Desert', 1999, 3, NULL, 4, '4.99', 110, '18.99', 'PG-13', 'Trailers', '2020-07-30 12:37:53'),
(776, 'SECRET GROUNDHOG', 'A Astounding Story of a Cat And a Database Administrator who must Build a Technical Writer in New Orleans', 1999, 3, NULL, 6, '4.99', 90, '11.99', 'PG', 'Commentaries,Deleted Scenes', '2020-07-30 12:37:53'),
(777, 'SECRETARY ROUGE', 'A Action-Packed Panorama of a Mad Cow And a Composer who must Discover a Robot in A Baloon Factory', 1999, 3, NULL, 5, '4.99', 158, '10.99', 'PG', 'Commentaries,Behind the Scenes', '2020-07-30 12:37:53'),
(778, 'SECRETS PARADISE', 'A Fateful Saga of a Cat And a Frisbee who must Kill a Girl in A Manhattan Penthouse', 1999, 3, NULL, 3, '4.99', 109, '24.99', 'G', 'Trailers,Commentaries', '2020-07-30 12:37:53'),
(779, 'SENSE GREEK', 'A Taut Saga of a Lumberjack And a Pastry Chef who must Escape a Sumo Wrestler in An Abandoned Fun House', 1999, 3, NULL, 4, '4.99', 54, '23.99', 'R', 'Deleted Scenes,Behind the Scenes', '2020-07-30 12:37:53'),
(780, 'SENSIBILITY REAR', 'A Emotional Tale of a Robot And a Sumo Wrestler who must Redeem a Pastry Chef in A Baloon Factory', 1999, 3, NULL, 7, '4.99', 98, '15.99', 'PG', 'Behind the Scenes', '2020-07-30 12:37:53'),
(781, 'SEVEN SWARM', 'A Unbelieveable Character Study of a Dog And a Mad Cow who must Kill a Monkey in Berlin', 1999, 3, NULL, 4, '4.99', 127, '15.99', 'R', 'Deleted Scenes', '2020-07-30 12:37:53'),
(782, 'SHAKESPEARE SADDLE', 'A Fast-Paced Panorama of a Lumberjack And a Database Administrator who must Defeat a Madman in A MySQL Convention', 1999, 3, NULL, 6, '2.99', 60, '26.99', 'PG-13', 'Commentaries,Behind the Scenes', '2020-07-30 12:37:53'),
(783, 'SHANE DARKNESS', 'A Action-Packed Saga of a Moose And a Lumberjack who must Find a Woman in Berlin', 1999, 3, NULL, 5, '2.99', 93, '22.99', 'PG', 'Commentaries,Deleted Scenes', '2020-07-30 12:37:53'),
(784, 'SHANGHAI TYCOON', 'A Fast-Paced Character Study of a Crocodile And a Lumberjack who must Build a Husband in An Abandoned Fun House', 1999, 3, NULL, 7, '2.99', 47, '20.99', 'PG', 'Commentaries,Deleted Scenes,Behind the Scenes', '2020-07-30 12:37:53'),
(785, 'SHAWSHANK BUBBLE', 'A Lacklusture Story of a Moose And a Monkey who must Confront a Butler in An Abandoned Amusement Park', 1999, 3, NULL, 6, '4.99', 80, '20.99', 'PG', 'Commentaries,Deleted Scenes', '2020-07-30 12:37:53'),
(786, 'SHEPHERD MIDSUMMER', 'A Thoughtful Drama of a Robot And a Womanizer who must Kill a Lumberjack in A Baloon', 1999, 3, NULL, 7, '0.99', 113, '14.99', 'R', 'Deleted Scenes', '2020-07-30 12:37:53'),
(787, 'SHINING ROSES', 'A Awe-Inspiring Character Study of a Astronaut And a Forensic Psychologist who must Challenge a Madman in Ancient India', 1999, 3, NULL, 4, '0.99', 125, '12.99', 'G', 'Trailers,Commentaries,Deleted Scenes,Behind the Scenes', '2020-07-30 12:37:53'),
(788, 'SHIP WONDERLAND', 'A Thrilling Saga of a Monkey And a Frisbee who must Escape a Explorer in The Outback', 1999, 3, NULL, 5, '2.99', 104, '15.99', 'R', 'Commentaries', '2020-07-30 12:37:53'),
(789, 'SHOCK CABIN', 'A Fateful Tale of a Mad Cow And a Crocodile who must Meet a Husband in New Orleans', 1999, 3, NULL, 7, '2.99', 79, '15.99', 'PG-13', 'Trailers,Commentaries,Behind the Scenes', '2020-07-30 12:37:53'),
(790, 'SHOOTIST SUPERFLY', 'A Fast-Paced Story of a Crocodile And a A Shark who must Sink a Pioneer in Berlin', 1999, 3, NULL, 6, '0.99', 67, '22.99', 'PG-13', 'Trailers', '2020-07-30 12:37:53'),
(791, 'SHOW LORD', 'A Fanciful Saga of a Student And a Girl who must Find a Butler in Ancient Japan', 1999, 3, NULL, 3, '4.99', 167, '24.99', 'PG-13', 'Deleted Scenes', '2020-07-30 12:37:53'),
(792, 'SHREK LICENSE', 'A Fateful Yarn of a Secret Agent And a Feminist who must Find a Feminist in A Jet Boat', 1999, 3, NULL, 7, '2.99', 154, '15.99', 'PG-13', 'Commentaries', '2020-07-30 12:37:53'),
(793, 'SHRUNK DIVINE', 'A Fateful Character Study of a Waitress And a Technical Writer who must Battle a Hunter in A Baloon', 1999, 3, NULL, 6, '2.99', 139, '14.99', 'R', 'Trailers,Deleted Scenes,Behind the Scenes', '2020-07-30 12:37:53'),
(794, 'SIDE ARK', 'A Stunning Panorama of a Crocodile And a Womanizer who must Meet a Feminist in The Canadian Rockies', 1999, 3, NULL, 5, '0.99', 52, '28.99', 'G', 'Deleted Scenes,Behind the Scenes', '2020-07-30 12:37:53'),
(795, 'SIEGE MADRE', 'A Boring Tale of a Frisbee And a Crocodile who must Vanquish a Moose in An Abandoned Mine Shaft', 1999, 3, NULL, 7, '0.99', 111, '23.99', 'R', 'Trailers,Deleted Scenes', '2020-07-30 12:37:53'),
(796, 'SIERRA DIVIDE', 'A Emotional Character Study of a Frisbee And a Mad Scientist who must Build a Madman in California', 1999, 3, NULL, 3, '0.99', 135, '12.99', 'NC-17', 'Commentaries,Deleted Scenes', '2020-07-30 12:37:53'),
(797, 'SILENCE KANE', 'A Emotional Drama of a Sumo Wrestler And a Dentist who must Confront a Sumo Wrestler in A Baloon', 1999, 3, NULL, 7, '0.99', 67, '23.99', 'R', 'Trailers,Deleted Scenes,Behind the Scenes', '2020-07-30 12:37:53'),
(798, 'SILVERADO GOLDFINGER', 'A Stunning Epistle of a Sumo Wrestler And a Man who must Challenge a Waitress in Ancient India', 1999, 3, NULL, 4, '4.99', 74, '11.99', 'PG', 'Trailers,Commentaries', '2020-07-30 12:37:53'),
(799, 'SIMON NORTH', 'A Thrilling Documentary of a Technical Writer And a A Shark who must Face a Pioneer in A Shark Tank', 2000, 3, NULL, 3, '0.99', 51, '26.99', 'NC-17', 'Trailers,Commentaries', '2020-07-30 12:37:53'),
(800, 'SINNERS ATLANTIS', 'A Epic Display of a Dog And a Boat who must Succumb a Mad Scientist in An Abandoned Mine Shaft', 2000, 3, NULL, 7, '2.99', 126, '19.99', 'PG-13', 'Trailers,Commentaries,Deleted Scenes', '2020-07-30 12:37:53'),
(801, 'SISTER FREDDY', 'A Stunning Saga of a Butler And a Woman who must Pursue a Explorer in Australia', 2000, 3, NULL, 5, '4.99', 152, '19.99', 'PG-13', 'Trailers,Behind the Scenes', '2020-07-30 12:37:53'),
(802, 'SKY MIRACLE', 'A Epic Drama of a Mad Scientist And a Explorer who must Succumb a Waitress in An Abandoned Fun House', 2000, 3, NULL, 7, '2.99', 132, '15.99', 'PG', 'Trailers,Commentaries,Deleted Scenes', '2020-07-30 12:37:53'),
(803, 'SLACKER LIAISONS', 'A Fast-Paced Tale of a A Shark And a Student who must Meet a Crocodile in Ancient China', 2000, 3, NULL, 7, '4.99', 179, '29.99', 'R', 'Trailers,Commentaries,Behind the Scenes', '2020-07-30 12:37:53'),
(804, 'SLEEPING SUSPECTS', 'A Stunning Reflection of a Sumo Wrestler And a Explorer who must Sink a Frisbee in A MySQL Convention', 2000, 3, NULL, 7, '4.99', 129, '13.99', 'PG-13', 'Trailers,Commentaries', '2020-07-30 12:37:53'),
(805, 'SLEEPLESS MONSOON', 'A Amazing Saga of a Moose And a Pastry Chef who must Escape a Butler in Australia', 2000, 3, NULL, 5, '4.99', 64, '12.99', 'G', 'Trailers,Deleted Scenes,Behind the Scenes', '2020-07-30 12:37:53'),
(806, 'SLEEPY JAPANESE', 'A Emotional Epistle of a Moose And a Composer who must Fight a Technical Writer in The Outback', 2000, 3, NULL, 4, '2.99', 137, '25.99', 'PG', 'Trailers,Commentaries,Deleted Scenes', '2020-07-30 12:37:53'),
(807, 'SLEUTH ORIENT', 'A Fateful Character Study of a Husband And a Dog who must Find a Feminist in Ancient India', 2000, 3, NULL, 4, '0.99', 87, '25.99', 'NC-17', 'Deleted Scenes,Behind the Scenes', '2020-07-30 12:37:53'),
(808, 'SLING LUKE', 'A Intrepid Character Study of a Robot And a Monkey who must Reach a Secret Agent in An Abandoned Amusement Park', 2000, 3, NULL, 5, '0.99', 84, '10.99', 'R', 'Behind the Scenes', '2020-07-30 12:37:53'),
(809, 'SLIPPER FIDELITY', 'A Taut Reflection of a Secret Agent And a Man who must Redeem a Explorer in A MySQL Convention', 2000, 3, NULL, 5, '0.99', 156, '14.99', 'PG-13', 'Trailers,Deleted Scenes', '2020-07-30 12:37:53'),
(810, 'SLUMS DUCK', 'A Amazing Character Study of a Teacher And a Database Administrator who must Defeat a Waitress in A Jet Boat', 2000, 3, NULL, 5, '0.99', 147, '21.99', 'PG', 'Commentaries,Deleted Scenes,Behind the Scenes', '2020-07-30 12:37:53'),
(811, 'SMILE EARRING', 'A Intrepid Drama of a Teacher And a Butler who must Build a Pastry Chef in Berlin', 2000, 3, NULL, 4, '2.99', 60, '29.99', 'G', 'Commentaries,Behind the Scenes', '2020-07-30 12:37:53'),
(812, 'SMOKING BARBARELLA', 'A Lacklusture Saga of a Mad Cow And a Mad Scientist who must Sink a Cat in A MySQL Convention', 2000, 3, NULL, 7, '0.99', 50, '13.99', 'PG-13', 'Behind the Scenes', '2020-07-30 12:37:53'),
(813, 'SMOOCHY CONTROL', 'A Thrilling Documentary of a Husband And a Feminist who must Face a Mad Scientist in Ancient China', 2000, 3, NULL, 7, '0.99', 184, '18.99', 'R', 'Behind the Scenes', '2020-07-30 12:37:53'),
(814, 'SNATCH SLIPPER', 'A Insightful Panorama of a Woman And a Feminist who must Defeat a Forensic Psychologist in Berlin', 2000, 3, NULL, 6, '4.99', 110, '15.99', 'PG', 'Commentaries', '2020-07-30 12:37:53'),
(815, 'SNATCHERS MONTEZUMA', 'A Boring Epistle of a Sumo Wrestler And a Woman who must Escape a Man in The Canadian Rockies', 2000, 3, NULL, 4, '2.99', 74, '14.99', 'PG-13', 'Commentaries', '2020-07-30 12:37:53'),
(816, 'SNOWMAN ROLLERCOASTER', 'A Fateful Display of a Lumberjack And a Girl who must Succumb a Mad Cow in A Manhattan Penthouse', 2000, 3, NULL, 3, '0.99', 62, '27.99', 'G', 'Trailers', '2020-07-30 12:37:53'),
(817, 'SOLDIERS EVOLUTION', 'A Lacklusture Panorama of a A Shark And a Pioneer who must Confront a Student in The First Manned Space Station', 2000, 3, NULL, 7, '4.99', 185, '27.99', 'R', 'Trailers,Commentaries,Deleted Scenes,Behind the Scenes', '2020-07-30 12:37:53'),
(818, 'SOMETHING DUCK', 'A Boring Character Study of a Car And a Husband who must Outgun a Frisbee in The First Manned Space Station', 2000, 3, NULL, 4, '4.99', 180, '17.99', 'NC-17', 'Commentaries,Behind the Scenes', '2020-07-30 12:37:53'),
(819, 'SONG HEDWIG', 'A Amazing Documentary of a Man And a Husband who must Confront a Squirrel in A MySQL Convention', 2000, 3, NULL, 3, '0.99', 165, '29.99', 'PG-13', 'Trailers,Deleted Scenes', '2020-07-30 12:37:53'),
(820, 'SONS INTERVIEW', 'A Taut Character Study of a Explorer And a Mad Cow who must Battle a Hunter in Ancient China', 2000, 3, NULL, 3, '2.99', 184, '11.99', 'NC-17', 'Commentaries,Behind the Scenes', '2020-07-30 12:37:53'),
(821, 'SORORITY QUEEN', 'A Fast-Paced Display of a Squirrel And a Composer who must Fight a Forensic Psychologist in A Jet Boat', 2000, 3, NULL, 6, '0.99', 184, '17.99', 'NC-17', 'Trailers,Deleted Scenes', '2020-07-30 12:37:53'),
(822, 'SOUP WISDOM', 'A Fast-Paced Display of a Robot And a Butler who must Defeat a Butler in A MySQL Convention', 2000, 3, NULL, 6, '0.99', 169, '12.99', 'R', 'Behind the Scenes', '2020-07-30 12:37:53'),
(823, 'SOUTH WAIT', 'A Amazing Documentary of a Car And a Robot who must Escape a Lumberjack in An Abandoned Amusement Park', 2000, 3, NULL, 4, '2.99', 143, '21.99', 'R', 'Commentaries,Behind the Scenes', '2020-07-30 12:37:53'),
(824, 'SPARTACUS CHEAPER', 'A Thrilling Panorama of a Pastry Chef And a Secret Agent who must Overcome a Student in A Manhattan Penthouse', 2000, 3, NULL, 4, '4.99', 52, '19.99', 'NC-17', 'Deleted Scenes,Behind the Scenes', '2020-07-30 12:37:53'),
(825, 'SPEAKEASY DATE', 'A Lacklusture Drama of a Forensic Psychologist And a Car who must Redeem a Man in A Manhattan Penthouse', 2000, 3, NULL, 6, '2.99', 165, '22.99', 'PG-13', 'Deleted Scenes,Behind the Scenes', '2020-07-30 12:37:53'),
(826, 'SPEED SUIT', 'A Brilliant Display of a Frisbee And a Mad Scientist who must Succumb a Robot in Ancient China', 2000, 3, NULL, 7, '4.99', 124, '19.99', 'PG-13', 'Commentaries,Behind the Scenes', '2020-07-30 12:37:53'),
(827, 'SPICE SORORITY', 'A Fateful Display of a Pioneer And a Hunter who must Defeat a Husband in An Abandoned Mine Shaft', 2000, 3, NULL, 5, '4.99', 141, '22.99', 'NC-17', 'Trailers,Commentaries,Deleted Scenes,Behind the Scenes', '2020-07-30 12:37:53'),
(828, 'SPIKING ELEMENT', 'A Lacklusture Epistle of a Dentist And a Technical Writer who must Find a Dog in A Monastery', 2000, 3, NULL, 7, '2.99', 79, '12.99', 'G', 'Trailers,Deleted Scenes,Behind the Scenes', '2020-07-30 12:37:53'),
(829, 'SPINAL ROCKY', 'A Lacklusture Epistle of a Sumo Wrestler And a Squirrel who must Defeat a Explorer in California', 2000, 3, NULL, 7, '2.99', 138, '12.99', 'PG-13', 'Commentaries,Deleted Scenes', '2020-07-30 12:37:53'),
(830, 'SPIRIT FLINTSTONES', 'A Brilliant Yarn of a Cat And a Car who must Confront a Explorer in Ancient Japan', 2000, 3, NULL, 7, '0.99', 149, '23.99', 'R', 'Commentaries,Deleted Scenes', '2020-07-30 12:37:53'),
(831, 'SPIRITED CASUALTIES', 'A Taut Story of a Waitress And a Man who must Face a Car in A Baloon Factory', 2000, 3, NULL, 5, '0.99', 138, '20.99', 'PG-13', 'Commentaries,Behind the Scenes', '2020-07-30 12:37:53'),
(832, 'SPLASH GUMP', 'A Taut Saga of a Crocodile And a Boat who must Conquer a Hunter in A Shark Tank', 2000, 3, NULL, 5, '0.99', 175, '16.99', 'PG', 'Trailers,Commentaries,Deleted Scenes,Behind the Scenes', '2020-07-30 12:37:53'),
(833, 'SPLENDOR PATTON', 'A Taut Story of a Dog And a Explorer who must Find a Astronaut in Berlin', 2000, 3, NULL, 5, '0.99', 134, '20.99', 'R', 'Trailers,Commentaries,Deleted Scenes,Behind the Scenes', '2020-07-30 12:37:53'),
(834, 'SPOILERS HELLFIGHTERS', 'A Fanciful Story of a Technical Writer And a Squirrel who must Defeat a Dog in The Gulf of Mexico', 2000, 3, NULL, 4, '0.99', 151, '26.99', 'G', 'Trailers,Commentaries,Deleted Scenes,Behind the Scenes', '2020-07-30 12:37:53'),
(835, 'SPY MILE', 'A Thrilling Documentary of a Feminist And a Feminist who must Confront a Feminist in A Baloon', 2000, 3, NULL, 6, '2.99', 112, '13.99', 'PG-13', 'Trailers,Commentaries,Deleted Scenes,Behind the Scenes', '2020-07-30 12:37:53'),
(836, 'SQUAD FISH', 'A Fast-Paced Display of a Pastry Chef And a Dog who must Kill a Teacher in Berlin', 2000, 3, NULL, 3, '2.99', 136, '14.99', 'PG', 'Commentaries,Deleted Scenes,Behind the Scenes', '2020-07-30 12:37:53'),
(837, 'STAGE WORLD', 'A Lacklusture Panorama of a Woman And a Frisbee who must Chase a Crocodile in A Jet Boat', 2000, 3, NULL, 4, '2.99', 85, '19.99', 'PG', 'Commentaries,Behind the Scenes', '2020-07-30 12:37:53'),
(838, 'STAGECOACH ARMAGEDDON', 'A Touching Display of a Pioneer And a Butler who must Chase a Car in California', 2000, 3, NULL, 5, '4.99', 112, '25.99', 'R', 'Trailers,Deleted Scenes', '2020-07-30 12:37:53'),
(839, 'STALLION SUNDANCE', 'A Fast-Paced Tale of a Car And a Dog who must Outgun a A Shark in Australia', 2000, 3, NULL, 5, '0.99', 130, '23.99', 'PG-13', 'Deleted Scenes,Behind the Scenes', '2020-07-30 12:37:53'),
(840, 'STAMPEDE DISTURBING', 'A Unbelieveable Tale of a Woman And a Lumberjack who must Fight a Frisbee in A U-Boat', 2000, 3, NULL, 5, '0.99', 75, '26.99', 'R', 'Commentaries,Deleted Scenes,Behind the Scenes', '2020-07-30 12:37:53'),
(841, 'STAR OPERATION', 'A Insightful Character Study of a Girl And a Car who must Pursue a Mad Cow in A Shark Tank', 2000, 3, NULL, 5, '2.99', 181, '9.99', 'PG', 'Commentaries', '2020-07-30 12:37:53'),
(842, 'STATE WASTELAND', 'A Beautiful Display of a Cat And a Pastry Chef who must Outrace a Mad Cow in A Jet Boat', 2000, 3, NULL, 4, '2.99', 113, '13.99', 'NC-17', 'Trailers,Commentaries,Deleted Scenes,Behind the Scenes', '2020-07-30 12:37:53'),
(843, 'STEEL SANTA', 'A Fast-Paced Yarn of a Composer And a Frisbee who must Face a Moose in Nigeria', 2000, 3, NULL, 4, '4.99', 143, '15.99', 'NC-17', 'Commentaries,Deleted Scenes', '2020-07-30 12:37:53'),
(844, 'STEERS ARMAGEDDON', 'A Stunning Character Study of a Car And a Girl who must Succumb a Car in A MySQL Convention', 2000, 3, NULL, 6, '4.99', 140, '16.99', 'PG', 'Trailers,Commentaries,Deleted Scenes,Behind the Scenes', '2020-07-30 12:37:53'),
(845, 'STEPMOM DREAM', 'A Touching Epistle of a Crocodile And a Teacher who must Build a Forensic Psychologist in A MySQL Convention', 2000, 3, NULL, 7, '4.99', 48, '9.99', 'NC-17', 'Deleted Scenes,Behind the Scenes', '2020-07-30 12:37:53'),
(846, 'STING PERSONAL', 'A Fanciful Drama of a Frisbee And a Dog who must Fight a Madman in A Jet Boat', 2000, 3, NULL, 3, '4.99', 93, '9.99', 'NC-17', 'Commentaries,Deleted Scenes,Behind the Scenes', '2020-07-30 12:37:53'),
(847, 'STOCK GLASS', 'A Boring Epistle of a Crocodile And a Lumberjack who must Outgun a Moose in Ancient China', 2000, 3, NULL, 7, '2.99', 160, '10.99', 'PG', 'Commentaries', '2020-07-30 12:37:53'),
(848, 'STONE FIRE', 'A Intrepid Drama of a Astronaut And a Crocodile who must Find a Boat in Soviet Georgia', 2000, 2, NULL, 3, '0.99', 94, '19.99', 'G', 'Trailers', '2020-07-30 12:37:53'),
(849, 'STORM HAPPINESS', 'A Insightful Drama of a Feminist And a A Shark who must Vanquish a Boat in A Shark Tank', 2000, 2, NULL, 6, '0.99', 57, '28.99', 'NC-17', 'Trailers,Commentaries,Behind the Scenes', '2020-07-30 12:37:53'),
(850, 'STORY SIDE', 'A Lacklusture Saga of a Boy And a Cat who must Sink a Dentist in An Abandoned Mine Shaft', 2000, 2, NULL, 7, '0.99', 163, '27.99', 'R', 'Trailers,Behind the Scenes', '2020-07-30 12:37:53'),
(851, 'STRAIGHT HOURS', 'A Boring Panorama of a Secret Agent And a Girl who must Sink a Waitress in The Outback', 2000, 2, NULL, 3, '0.99', 151, '19.99', 'R', 'Commentaries,Behind the Scenes', '2020-07-30 12:37:53'),
(852, 'STRANGELOVE DESIRE', 'A Awe-Inspiring Panorama of a Lumberjack And a Waitress who must Defeat a Crocodile in An Abandoned Amusement Park', 2000, 2, NULL, 4, '0.99', 103, '27.99', 'NC-17', 'Trailers,Commentaries,Deleted Scenes', '2020-07-30 12:37:53'),
(853, 'STRANGER STRANGERS', 'A Awe-Inspiring Yarn of a Womanizer And a Explorer who must Fight a Woman in The First Manned Space Station', 2000, 2, NULL, 3, '4.99', 139, '12.99', 'G', 'Commentaries,Deleted Scenes', '2020-07-30 12:37:53'),
(854, 'STRANGERS GRAFFITI', 'A Brilliant Character Study of a Secret Agent And a Man who must Find a Cat in The Gulf of Mexico', 2000, 2, NULL, 4, '4.99', 119, '22.99', 'R', 'Trailers,Behind the Scenes', '2020-07-30 12:37:53'),
(855, 'STREAK RIDGEMONT', 'A Astounding Character Study of a Hunter And a Waitress who must Sink a Man in New Orleans', 1996, 2, NULL, 7, '0.99', 132, '28.99', 'PG-13', 'Trailers,Behind the Scenes', '2020-07-30 12:37:53'),
(856, 'STREETCAR INTENTIONS', 'A Insightful Character Study of a Waitress And a Crocodile who must Sink a Waitress in The Gulf of Mexico', 1996, 2, NULL, 5, '4.99', 73, '11.99', 'R', 'Commentaries', '2020-07-30 12:37:53'),
(857, 'STRICTLY SCARFACE', 'A Touching Reflection of a Crocodile And a Dog who must Chase a Hunter in An Abandoned Fun House', 1996, 2, NULL, 3, '2.99', 144, '24.99', 'PG-13', 'Commentaries,Deleted Scenes,Behind the Scenes', '2020-07-30 12:37:53'),
(858, 'SUBMARINE BED', 'A Amazing Display of a Car And a Monkey who must Fight a Teacher in Soviet Georgia', 1996, 2, NULL, 5, '4.99', 127, '21.99', 'R', 'Trailers', '2020-07-30 12:37:53'),
(859, 'SUGAR WONKA', 'A Touching Story of a Dentist And a Database Administrator who must Conquer a Astronaut in An Abandoned Amusement Park', 1996, 2, NULL, 3, '4.99', 114, '20.99', 'PG', 'Trailers,Commentaries,Behind the Scenes', '2020-07-30 12:37:53'),
(860, 'SUICIDES SILENCE', 'A Emotional Character Study of a Car And a Girl who must Face a Composer in A U-Boat', 1996, 2, NULL, 4, '4.99', 93, '13.99', 'G', 'Deleted Scenes', '2020-07-30 12:37:53'),
(861, 'SUIT WALLS', 'A Touching Panorama of a Lumberjack And a Frisbee who must Build a Dog in Australia', 1996, 2, NULL, 3, '4.99', 111, '12.99', 'R', 'Commentaries', '2020-07-30 12:37:53'),
(862, 'SUMMER SCARFACE', 'A Emotional Panorama of a Lumberjack And a Hunter who must Meet a Girl in A Shark Tank', 1996, 2, NULL, 5, '0.99', 53, '25.99', 'G', 'Deleted Scenes,Behind the Scenes', '2020-07-30 12:37:53'),
(863, 'SUN CONFESSIONS', 'A Beautiful Display of a Mad Cow And a Dog who must Redeem a Waitress in An Abandoned Amusement Park', 1996, 2, NULL, 5, '0.99', 141, '9.99', 'R', 'Trailers,Behind the Scenes', '2020-07-30 12:37:53'),
(864, 'SUNDANCE INVASION', 'A Epic Drama of a Lumberjack And a Explorer who must Confront a Hunter in A Baloon Factory', 1996, 2, NULL, 5, '0.99', 92, '21.99', 'NC-17', 'Commentaries,Behind the Scenes', '2020-07-30 12:37:53'),
(865, 'SUNRISE LEAGUE', 'A Beautiful Epistle of a Madman And a Butler who must Face a Crocodile in A Manhattan Penthouse', 1996, 2, NULL, 3, '4.99', 135, '19.99', 'PG-13', 'Behind the Scenes', '2020-07-30 12:37:53'),
(866, 'SUNSET RACER', 'A Awe-Inspiring Reflection of a Astronaut And a A Shark who must Defeat a Forensic Psychologist in California', 1996, 2, NULL, 6, '0.99', 48, '28.99', 'NC-17', 'Commentaries,Behind the Scenes', '2020-07-30 12:37:53'),
(867, 'SUPER WYOMING', 'A Action-Packed Saga of a Pastry Chef And a Explorer who must Discover a A Shark in The Outback', 1996, 2, NULL, 5, '4.99', 58, '10.99', 'PG', 'Trailers,Commentaries,Behind the Scenes', '2020-07-30 12:37:53'),
(868, 'SUPERFLY TRIP', 'A Beautiful Saga of a Lumberjack And a Teacher who must Build a Technical Writer in An Abandoned Fun House', 1996, 2, NULL, 5, '0.99', 114, '27.99', 'PG', 'Commentaries,Behind the Scenes', '2020-07-30 12:37:53'),
(869, 'SUSPECTS QUILLS', 'A Emotional Epistle of a Pioneer And a Crocodile who must Battle a Man in A Manhattan Penthouse', 1996, 2, NULL, 4, '2.99', 47, '22.99', 'PG', 'Trailers', '2020-07-30 12:37:53'),
(870, 'SWARM GOLD', 'A Insightful Panorama of a Crocodile And a Boat who must Conquer a Sumo Wrestler in A MySQL Convention', 1996, 2, NULL, 4, '0.99', 123, '12.99', 'PG-13', 'Trailers,Commentaries', '2020-07-30 12:37:53'),
(871, 'SWEDEN SHINING', 'A Taut Documentary of a Car And a Robot who must Conquer a Boy in The Canadian Rockies', 1996, 2, NULL, 6, '4.99', 176, '19.99', 'PG', 'Deleted Scenes,Behind the Scenes', '2020-07-30 12:37:53'),
(872, 'SWEET BROTHERHOOD', 'A Unbelieveable Epistle of a Sumo Wrestler And a Hunter who must Chase a Forensic Psychologist in A Baloon', 1996, 2, NULL, 3, '2.99', 185, '27.99', 'R', 'Deleted Scenes', '2020-07-30 12:37:53'),
(873, 'SWEETHEARTS SUSPECTS', 'A Brilliant Character Study of a Frisbee And a Sumo Wrestler who must Confront a Woman in The Gulf of Mexico', 1996, 2, NULL, 3, '0.99', 108, '13.99', 'G', 'Trailers,Commentaries,Deleted Scenes,Behind the Scenes', '2020-07-30 12:37:53'),
(874, 'TADPOLE PARK', 'A Beautiful Tale of a Frisbee And a Moose who must Vanquish a Dog in An Abandoned Amusement Park', 1996, 2, NULL, 6, '2.99', 155, '13.99', 'PG', 'Trailers,Commentaries', '2020-07-30 12:37:53'),
(875, 'TALENTED HOMICIDE', 'A Lacklusture Panorama of a Dentist And a Forensic Psychologist who must Outrace a Pioneer in A U-Boat', 1996, 2, NULL, 6, '0.99', 173, '9.99', 'PG', 'Commentaries,Deleted Scenes,Behind the Scenes', '2020-07-30 12:37:53'),
(876, 'TARZAN VIDEOTAPE', 'A Fast-Paced Display of a Lumberjack And a Mad Scientist who must Succumb a Sumo Wrestler in The Sahara Desert', 1996, 2, NULL, 3, '2.99', 91, '11.99', 'PG-13', 'Trailers', '2020-07-30 12:37:53'),
(877, 'TAXI KICK', 'A Amazing Epistle of a Girl And a Woman who must Outrace a Waitress in Soviet Georgia', 1996, 2, NULL, 4, '0.99', 64, '23.99', 'PG-13', 'Commentaries,Deleted Scenes', '2020-07-30 12:37:53'),
(878, 'TEEN APOLLO', 'A Awe-Inspiring Drama of a Dog And a Man who must Escape a Robot in A Shark Tank', 1996, 2, NULL, 3, '4.99', 74, '25.99', 'G', 'Trailers,Deleted Scenes,Behind the Scenes', '2020-07-30 12:37:53'),
(879, 'TELEGRAPH VOYAGE', 'A Fateful Yarn of a Husband And a Dog who must Battle a Waitress in A Jet Boat', 1998, 2, NULL, 3, '4.99', 148, '20.99', 'PG', 'Commentaries', '2020-07-30 12:37:53'),
(880, 'TELEMARK HEARTBREAKERS', 'A Action-Packed Panorama of a Technical Writer And a Man who must Build a Forensic Psychologist in A Manhattan Penthouse', 1998, 2, NULL, 6, '2.99', 152, '9.99', 'PG-13', 'Trailers,Commentaries,Deleted Scenes,Behind the Scenes', '2020-07-30 12:37:53'),
(881, 'TEMPLE ATTRACTION', 'A Action-Packed Saga of a Forensic Psychologist And a Woman who must Battle a Womanizer in Soviet Georgia', 1998, 2, NULL, 5, '4.99', 71, '13.99', 'PG', 'Commentaries,Deleted Scenes', '2020-07-30 12:37:53'),
(882, 'TENENBAUMS COMMAND', 'A Taut Display of a Pioneer And a Man who must Reach a Girl in The Gulf of Mexico', 1998, 2, NULL, 4, '0.99', 99, '24.99', 'PG-13', 'Trailers,Commentaries', '2020-07-30 12:37:53'),
(883, 'TEQUILA PAST', 'A Action-Packed Panorama of a Mad Scientist And a Robot who must Challenge a Student in Nigeria', 1998, 2, NULL, 6, '4.99', 53, '17.99', 'PG', 'Commentaries,Behind the Scenes', '2020-07-30 12:37:53'),
(884, 'TERMINATOR CLUB', 'A Touching Story of a Crocodile And a Girl who must Sink a Man in The Gulf of Mexico', 1998, 2, NULL, 5, '4.99', 88, '11.99', 'R', 'Trailers,Deleted Scenes,Behind the Scenes', '2020-07-30 12:37:53'),
(885, 'TEXAS WATCH', 'A Awe-Inspiring Yarn of a Student And a Teacher who must Fight a Teacher in An Abandoned Amusement Park', 1998, 2, NULL, 7, '0.99', 179, '22.99', 'NC-17', 'Trailers', '2020-07-30 12:37:53'),
(886, 'THEORY MERMAID', 'A Fateful Yarn of a Composer And a Monkey who must Vanquish a Womanizer in The First Manned Space Station', 1998, 2, NULL, 5, '0.99', 184, '9.99', 'PG-13', 'Deleted Scenes,Behind the Scenes', '2020-07-30 12:37:53'),
(887, 'THIEF PELICAN', 'A Touching Documentary of a Madman And a Mad Scientist who must Outrace a Feminist in An Abandoned Mine Shaft', 1998, 2, NULL, 5, '4.99', 135, '28.99', 'PG-13', 'Deleted Scenes,Behind the Scenes', '2020-07-30 12:37:53'),
(888, 'THIN SAGEBRUSH', 'A Emotional Drama of a Husband And a Lumberjack who must Build a Cat in Ancient India', 1998, 2, NULL, 5, '4.99', 53, '9.99', 'PG-13', 'Behind the Scenes', '2020-07-30 12:37:53'),
(889, 'TIES HUNGER', 'A Insightful Saga of a Astronaut And a Explorer who must Pursue a Mad Scientist in A U-Boat', 1998, 2, NULL, 3, '4.99', 111, '28.99', 'R', 'Deleted Scenes', '2020-07-30 12:37:53'),
(890, 'TIGHTS DAWN', 'A Thrilling Epistle of a Boat And a Secret Agent who must Face a Boy in A Baloon', 1998, 2, NULL, 5, '0.99', 172, '14.99', 'R', 'Trailers,Behind the Scenes', '2020-07-30 12:37:53'),
(891, 'TIMBERLAND SKY', 'A Boring Display of a Man And a Dog who must Redeem a Girl in A U-Boat', 1998, 2, NULL, 3, '0.99', 69, '13.99', 'G', 'Commentaries', '2020-07-30 12:37:53'),
(892, 'TITANIC BOONDOCK', 'A Brilliant Reflection of a Feminist And a Dog who must Fight a Boy in A Baloon Factory', 1998, 2, NULL, 3, '4.99', 104, '18.99', 'R', 'Trailers,Commentaries,Deleted Scenes,Behind the Scenes', '2020-07-30 12:37:53'),
(893, 'TITANS JERK', 'A Unbelieveable Panorama of a Feminist And a Sumo Wrestler who must Challenge a Technical Writer in Ancient China', 1998, 2, NULL, 4, '4.99', 91, '11.99', 'PG', 'Behind the Scenes', '2020-07-30 12:37:53');
INSERT INTO `film` (`film_id`, `title`, `description`, `release_year`, `language_id`, `original_language_id`, `rental_duration`, `rental_rate`, `length`, `replacement_cost`, `rating`, `special_features`, `last_update`) VALUES
(894, 'TOMATOES HELLFIGHTERS', 'A Thoughtful Epistle of a Madman And a Astronaut who must Overcome a Monkey in A Shark Tank', 1998, 2, NULL, 6, '0.99', 68, '23.99', 'PG', 'Behind the Scenes', '2020-07-30 12:37:54'),
(895, 'TOMORROW HUSTLER', 'A Thoughtful Story of a Moose And a Husband who must Face a Secret Agent in The Sahara Desert', 1998, 2, NULL, 3, '2.99', 142, '21.99', 'R', 'Commentaries', '2020-07-30 12:37:54'),
(896, 'TOOTSIE PILOT', 'A Awe-Inspiring Documentary of a Womanizer And a Pastry Chef who must Kill a Lumberjack in Berlin', 1998, 2, NULL, 3, '0.99', 157, '10.99', 'PG', 'Commentaries,Deleted Scenes,Behind the Scenes', '2020-07-30 12:37:54'),
(897, 'TORQUE BOUND', 'A Emotional Display of a Crocodile And a Husband who must Reach a Man in Ancient Japan', 1998, 2, NULL, 3, '4.99', 179, '27.99', 'G', 'Trailers,Commentaries', '2020-07-30 12:37:54'),
(898, 'TOURIST PELICAN', 'A Boring Story of a Butler And a Astronaut who must Outrace a Pioneer in Australia', 1998, 2, NULL, 4, '4.99', 152, '18.99', 'PG-13', 'Deleted Scenes', '2020-07-30 12:37:54'),
(899, 'TOWERS HURRICANE', 'A Fateful Display of a Monkey And a Car who must Sink a Husband in A MySQL Convention', 1998, 2, NULL, 7, '0.99', 144, '14.99', 'NC-17', 'Commentaries,Behind the Scenes', '2020-07-30 12:37:54'),
(900, 'TOWN ARK', 'A Awe-Inspiring Documentary of a Moose And a Madman who must Meet a Dog in An Abandoned Mine Shaft', 1998, 2, NULL, 6, '2.99', 136, '17.99', 'R', 'Behind the Scenes', '2020-07-30 12:37:54'),
(901, 'TRACY CIDER', 'A Touching Reflection of a Database Administrator And a Madman who must Build a Lumberjack in Nigeria', 1998, 2, NULL, 3, '0.99', 142, '29.99', 'G', 'Trailers,Commentaries,Behind the Scenes', '2020-07-30 12:37:54'),
(902, 'TRADING PINOCCHIO', 'A Emotional Character Study of a Student And a Explorer who must Discover a Frisbee in The First Manned Space Station', 1998, 2, NULL, 6, '4.99', 170, '22.99', 'PG', 'Trailers,Deleted Scenes,Behind the Scenes', '2020-07-30 12:37:54'),
(903, 'TRAFFIC HOBBIT', 'A Amazing Epistle of a Squirrel And a Lumberjack who must Succumb a Database Administrator in A U-Boat', 1998, 2, NULL, 5, '4.99', 139, '13.99', 'G', 'Trailers,Commentaries', '2020-07-30 12:37:54'),
(904, 'TRAIN BUNCH', 'A Thrilling Character Study of a Robot And a Squirrel who must Face a Dog in Ancient India', 1998, 2, NULL, 3, '4.99', 71, '26.99', 'R', 'Trailers,Deleted Scenes', '2020-07-30 12:37:54'),
(905, 'TRAINSPOTTING STRANGERS', 'A Fast-Paced Drama of a Pioneer And a Mad Cow who must Challenge a Madman in Ancient Japan', 1998, 2, NULL, 7, '4.99', 132, '10.99', 'PG-13', 'Trailers', '2020-07-30 12:37:54'),
(906, 'TRAMP OTHERS', 'A Brilliant Display of a Composer And a Cat who must Succumb a A Shark in Ancient India', 1998, 2, NULL, 4, '0.99', 171, '27.99', 'PG', 'Deleted Scenes', '2020-07-30 12:37:54'),
(907, 'TRANSLATION SUMMER', 'A Touching Reflection of a Man And a Monkey who must Pursue a Womanizer in A MySQL Convention', 1998, 2, NULL, 4, '0.99', 168, '10.99', 'PG-13', 'Trailers', '2020-07-30 12:37:54'),
(908, 'TRAP GUYS', 'A Unbelieveable Story of a Boy And a Mad Cow who must Challenge a Database Administrator in The Sahara Desert', 1998, 2, NULL, 3, '4.99', 110, '11.99', 'G', 'Commentaries,Behind the Scenes', '2020-07-30 12:37:54'),
(909, 'TREASURE COMMAND', 'A Emotional Saga of a Car And a Madman who must Discover a Pioneer in California', 1998, 2, NULL, 3, '0.99', 102, '28.99', 'PG-13', 'Trailers,Commentaries,Deleted Scenes,Behind the Scenes', '2020-07-30 12:37:54'),
(910, 'TREATMENT JEKYLL', 'A Boring Story of a Teacher And a Student who must Outgun a Cat in An Abandoned Mine Shaft', 1998, 2, NULL, 3, '0.99', 87, '19.99', 'PG', 'Trailers,Deleted Scenes,Behind the Scenes', '2020-07-30 12:37:54'),
(911, 'TRIP NEWTON', 'A Fanciful Character Study of a Lumberjack And a Car who must Discover a Cat in An Abandoned Amusement Park', 1998, 2, NULL, 7, '4.99', 64, '14.99', 'PG-13', 'Commentaries,Deleted Scenes', '2020-07-30 12:37:54'),
(912, 'TROJAN TOMORROW', 'A Astounding Panorama of a Husband And a Sumo Wrestler who must Pursue a Boat in Ancient India', 1998, 2, NULL, 3, '2.99', 52, '9.99', 'PG', 'Commentaries,Deleted Scenes', '2020-07-30 12:37:54'),
(913, 'TROOPERS METAL', 'A Fanciful Drama of a Monkey And a Feminist who must Sink a Man in Berlin', 1998, 2, NULL, 3, '0.99', 115, '20.99', 'R', 'Deleted Scenes,Behind the Scenes', '2020-07-30 12:37:54'),
(914, 'TROUBLE DATE', 'A Lacklusture Panorama of a Forensic Psychologist And a Woman who must Kill a Explorer in Ancient Japan', 1998, 2, NULL, 6, '2.99', 61, '13.99', 'PG', 'Trailers,Commentaries,Behind the Scenes', '2020-07-30 12:37:54'),
(915, 'TRUMAN CRAZY', 'A Thrilling Epistle of a Moose And a Boy who must Meet a Database Administrator in A Monastery', 1998, 2, NULL, 7, '4.99', 92, '9.99', 'G', 'Trailers,Commentaries', '2020-07-30 12:37:54'),
(916, 'TURN STAR', 'A Stunning Tale of a Man And a Monkey who must Chase a Student in New Orleans', 1998, 2, NULL, 3, '2.99', 80, '10.99', 'G', 'Commentaries,Behind the Scenes', '2020-07-30 12:37:54'),
(917, 'TUXEDO MILE', 'A Boring Drama of a Man And a Forensic Psychologist who must Face a Frisbee in Ancient India', 1998, 2, NULL, 3, '2.99', 152, '24.99', 'R', 'Commentaries,Deleted Scenes,Behind the Scenes', '2020-07-30 12:37:54'),
(918, 'TWISTED PIRATES', 'A Touching Display of a Frisbee And a Boat who must Kill a Girl in A MySQL Convention', 1998, 2, NULL, 4, '4.99', 152, '23.99', 'PG', 'Trailers,Commentaries,Deleted Scenes', '2020-07-30 12:37:54'),
(919, 'TYCOON GATHERING', 'A Emotional Display of a Husband And a A Shark who must Succumb a Madman in A Manhattan Penthouse', 1987, 2, NULL, 3, '4.99', 82, '17.99', 'G', 'Trailers,Commentaries,Deleted Scenes', '2020-07-30 12:37:54'),
(920, 'UNBREAKABLE KARATE', 'A Amazing Character Study of a Robot And a Student who must Chase a Robot in Australia', 1987, 2, NULL, 3, '0.99', 62, '16.99', 'G', 'Deleted Scenes,Behind the Scenes', '2020-07-30 12:37:54'),
(921, 'UNCUT SUICIDES', 'A Intrepid Yarn of a Explorer And a Pastry Chef who must Pursue a Mad Cow in A U-Boat', 1987, 2, NULL, 7, '2.99', 172, '29.99', 'PG-13', 'Trailers,Commentaries,Behind the Scenes', '2020-07-30 12:37:54'),
(922, 'UNDEFEATED DALMATIONS', 'A Unbelieveable Display of a Crocodile And a Feminist who must Overcome a Moose in An Abandoned Amusement Park', 1987, 2, NULL, 7, '4.99', 107, '22.99', 'PG-13', 'Commentaries', '2020-07-30 12:37:54'),
(923, 'UNFAITHFUL KILL', 'A Taut Documentary of a Waitress And a Mad Scientist who must Battle a Technical Writer in New Orleans', 1987, 2, NULL, 7, '2.99', 78, '12.99', 'R', 'Commentaries,Deleted Scenes', '2020-07-30 12:37:54'),
(924, 'UNFORGIVEN ZOOLANDER', 'A Taut Epistle of a Monkey And a Sumo Wrestler who must Vanquish a A Shark in A Baloon Factory', 1987, 2, NULL, 7, '0.99', 129, '15.99', 'PG', 'Trailers,Commentaries,Behind the Scenes', '2020-07-30 12:37:54'),
(925, 'UNITED PILOT', 'A Fast-Paced Reflection of a Cat And a Mad Cow who must Fight a Car in The Sahara Desert', 1987, 2, NULL, 3, '0.99', 164, '27.99', 'R', 'Trailers,Deleted Scenes', '2020-07-30 12:37:54'),
(926, 'UNTOUCHABLES SUNRISE', 'A Amazing Documentary of a Woman And a Astronaut who must Outrace a Teacher in An Abandoned Fun House', 1987, 2, NULL, 5, '2.99', 120, '11.99', 'NC-17', 'Trailers,Deleted Scenes', '2020-07-30 12:37:54'),
(927, 'UPRISING UPTOWN', 'A Fanciful Reflection of a Boy And a Butler who must Pursue a Woman in Berlin', 1987, 2, NULL, 6, '2.99', 174, '16.99', 'NC-17', 'Trailers,Behind the Scenes', '2020-07-30 12:37:54'),
(928, 'UPTOWN YOUNG', 'A Fateful Documentary of a Dog And a Hunter who must Pursue a Teacher in An Abandoned Amusement Park', 1987, 2, NULL, 5, '2.99', 84, '16.99', 'PG', 'Commentaries', '2020-07-30 12:37:54'),
(929, 'USUAL UNTOUCHABLES', 'A Touching Display of a Explorer And a Lumberjack who must Fight a Forensic Psychologist in A Shark Tank', 1987, 2, NULL, 5, '4.99', 128, '21.99', 'PG-13', 'Trailers,Commentaries,Behind the Scenes', '2020-07-30 12:37:54'),
(930, 'VACATION BOONDOCK', 'A Fanciful Character Study of a Secret Agent And a Mad Scientist who must Reach a Teacher in Australia', 1987, 2, NULL, 4, '2.99', 145, '23.99', 'R', 'Commentaries', '2020-07-30 12:37:54'),
(931, 'VALENTINE VANISHING', 'A Thrilling Display of a Husband And a Butler who must Reach a Pastry Chef in California', 1987, 2, NULL, 7, '0.99', 48, '9.99', 'PG-13', 'Trailers,Behind the Scenes', '2020-07-30 12:37:54'),
(932, 'VALLEY PACKER', 'A Astounding Documentary of a Astronaut And a Boy who must Outrace a Sumo Wrestler in Berlin', 1987, 2, NULL, 3, '0.99', 73, '21.99', 'G', 'Commentaries,Deleted Scenes', '2020-07-30 12:37:54'),
(933, 'VAMPIRE WHALE', 'A Epic Story of a Lumberjack And a Monkey who must Confront a Pioneer in A MySQL Convention', 1987, 2, NULL, 4, '4.99', 126, '11.99', 'NC-17', 'Trailers,Commentaries', '2020-07-30 12:37:54'),
(934, 'VANILLA DAY', 'A Fast-Paced Saga of a Girl And a Forensic Psychologist who must Redeem a Girl in Nigeria', 1987, 2, NULL, 7, '4.99', 122, '20.99', 'NC-17', 'Deleted Scenes,Behind the Scenes', '2020-07-30 12:37:54'),
(935, 'VANISHED GARDEN', 'A Intrepid Character Study of a Squirrel And a A Shark who must Kill a Lumberjack in California', 1987, 2, NULL, 5, '0.99', 142, '17.99', 'R', 'Trailers,Commentaries,Deleted Scenes', '2020-07-30 12:37:54'),
(936, 'VANISHING ROCKY', 'A Brilliant Reflection of a Man And a Woman who must Conquer a Pioneer in A MySQL Convention', 1987, 2, NULL, 3, '2.99', 123, '21.99', 'NC-17', 'Trailers,Commentaries,Behind the Scenes', '2020-07-30 12:37:54'),
(937, 'VARSITY TRIP', 'A Action-Packed Character Study of a Astronaut And a Explorer who must Reach a Monkey in A MySQL Convention', 1987, 2, NULL, 7, '2.99', 85, '14.99', 'NC-17', 'Commentaries,Deleted Scenes', '2020-07-30 12:37:54'),
(938, 'VELVET TERMINATOR', 'A Lacklusture Tale of a Pastry Chef And a Technical Writer who must Confront a Crocodile in An Abandoned Amusement Park', 1987, 2, NULL, 3, '4.99', 173, '14.99', 'R', 'Behind the Scenes', '2020-07-30 12:37:54'),
(939, 'VERTIGO NORTHWEST', 'A Unbelieveable Display of a Mad Scientist And a Mad Scientist who must Outgun a Mad Cow in Ancient Japan', 1987, 2, NULL, 4, '2.99', 90, '17.99', 'R', 'Commentaries,Behind the Scenes', '2020-07-30 12:37:54'),
(940, 'VICTORY ACADEMY', 'A Insightful Epistle of a Mad Scientist And a Explorer who must Challenge a Cat in The Sahara Desert', 1987, 2, NULL, 6, '0.99', 64, '19.99', 'PG-13', 'Trailers,Behind the Scenes', '2020-07-30 12:37:54'),
(941, 'VIDEOTAPE ARSENIC', 'A Lacklusture Display of a Girl And a Astronaut who must Succumb a Student in Australia', 1987, 2, NULL, 4, '4.99', 145, '10.99', 'NC-17', 'Commentaries,Deleted Scenes,Behind the Scenes', '2020-07-30 12:37:54'),
(942, 'VIETNAM SMOOCHY', 'A Lacklusture Display of a Butler And a Man who must Sink a Explorer in Soviet Georgia', 1987, 2, NULL, 7, '0.99', 174, '27.99', 'PG-13', 'Deleted Scenes,Behind the Scenes', '2020-07-30 12:37:54'),
(943, 'VILLAIN DESPERATE', 'A Boring Yarn of a Pioneer And a Feminist who must Redeem a Cat in An Abandoned Amusement Park', 1987, 2, NULL, 4, '4.99', 76, '27.99', 'PG-13', 'Trailers,Commentaries', '2020-07-30 12:37:54'),
(944, 'VIRGIN DAISY', 'A Awe-Inspiring Documentary of a Robot And a Mad Scientist who must Reach a Database Administrator in A Shark Tank', 1987, 2, NULL, 6, '4.99', 179, '29.99', 'PG-13', 'Trailers,Behind the Scenes', '2020-07-30 12:37:54'),
(945, 'VIRGINIAN PLUTO', 'A Emotional Panorama of a Dentist And a Crocodile who must Meet a Boy in Berlin', 1987, 2, NULL, 5, '0.99', 164, '22.99', 'R', 'Deleted Scenes', '2020-07-30 12:37:54'),
(946, 'VIRTUAL SPOILERS', 'A Fateful Tale of a Database Administrator And a Squirrel who must Discover a Student in Soviet Georgia', 1987, 2, NULL, 3, '4.99', 144, '14.99', 'NC-17', 'Commentaries,Deleted Scenes', '2020-07-30 12:37:54'),
(947, 'VISION TORQUE', 'A Thoughtful Documentary of a Dog And a Man who must Sink a Man in A Shark Tank', 1987, 2, NULL, 5, '0.99', 59, '16.99', 'PG-13', 'Commentaries,Deleted Scenes', '2020-07-30 12:37:54'),
(948, 'VOICE PEACH', 'A Amazing Panorama of a Pioneer And a Student who must Overcome a Mad Scientist in A Manhattan Penthouse', 1987, 2, NULL, 6, '0.99', 139, '22.99', 'PG-13', 'Commentaries,Behind the Scenes', '2020-07-30 12:37:54'),
(949, 'VOLCANO TEXAS', 'A Awe-Inspiring Yarn of a Hunter And a Feminist who must Challenge a Dentist in The Outback', 1987, 2, NULL, 6, '0.99', 157, '27.99', 'NC-17', 'Trailers,Commentaries,Deleted Scenes,Behind the Scenes', '2020-07-30 12:37:54'),
(950, 'VOLUME HOUSE', 'A Boring Tale of a Dog And a Woman who must Meet a Dentist in California', 1987, 2, NULL, 7, '4.99', 132, '12.99', 'PG', 'Commentaries', '2020-07-30 12:37:54'),
(951, 'VOYAGE LEGALLY', 'A Epic Tale of a Squirrel And a Hunter who must Conquer a Boy in An Abandoned Mine Shaft', 1987, 2, NULL, 6, '0.99', 78, '28.99', 'PG-13', 'Commentaries,Behind the Scenes', '2020-07-30 12:37:54'),
(952, 'WAGON JAWS', 'A Intrepid Drama of a Moose And a Boat who must Kill a Explorer in A Manhattan Penthouse', 1987, 2, NULL, 7, '2.99', 152, '17.99', 'PG', 'Deleted Scenes,Behind the Scenes', '2020-07-30 12:37:54'),
(953, 'WAIT CIDER', 'A Intrepid Epistle of a Woman And a Forensic Psychologist who must Succumb a Astronaut in A Manhattan Penthouse', 1987, 2, NULL, 3, '0.99', 112, '9.99', 'PG-13', 'Trailers', '2020-07-30 12:37:54'),
(954, 'WAKE JAWS', 'A Beautiful Saga of a Feminist And a Composer who must Challenge a Moose in Berlin', 1987, 2, NULL, 7, '4.99', 73, '18.99', 'G', 'Trailers,Commentaries,Deleted Scenes,Behind the Scenes', '2020-07-30 12:37:54'),
(955, 'WALLS ARTIST', 'A Insightful Panorama of a Teacher And a Teacher who must Overcome a Mad Cow in An Abandoned Fun House', 1987, 2, NULL, 7, '4.99', 135, '19.99', 'PG', 'Trailers,Behind the Scenes', '2020-07-30 12:37:54'),
(956, 'WANDA CHAMBER', 'A Insightful Drama of a A Shark And a Pioneer who must Find a Womanizer in The Outback', 1987, 2, NULL, 7, '4.99', 107, '23.99', 'PG-13', 'Commentaries,Deleted Scenes,Behind the Scenes', '2020-07-30 12:37:54'),
(957, 'WAR NOTTING', 'A Boring Drama of a Teacher And a Sumo Wrestler who must Challenge a Secret Agent in The Canadian Rockies', 1987, 2, NULL, 7, '4.99', 80, '26.99', 'G', 'Deleted Scenes,Behind the Scenes', '2020-07-30 12:37:54'),
(958, 'WARDROBE PHANTOM', 'A Action-Packed Display of a Mad Cow And a Astronaut who must Kill a Car in Ancient India', 1996, 2, NULL, 6, '2.99', 178, '19.99', 'G', 'Trailers,Commentaries', '2020-07-30 12:37:54'),
(959, 'WARLOCK WEREWOLF', 'A Astounding Yarn of a Pioneer And a Crocodile who must Defeat a A Shark in The Outback', 1996, 2, NULL, 6, '2.99', 83, '10.99', 'G', 'Commentaries,Behind the Scenes', '2020-07-30 12:37:54'),
(960, 'WARS PLUTO', 'A Taut Reflection of a Teacher And a Database Administrator who must Chase a Madman in The Sahara Desert', 1996, 2, NULL, 5, '2.99', 128, '15.99', 'G', 'Commentaries,Behind the Scenes', '2020-07-30 12:37:54'),
(961, 'WASH HEAVENLY', 'A Awe-Inspiring Reflection of a Cat And a Pioneer who must Escape a Hunter in Ancient China', 1996, 2, NULL, 7, '4.99', 161, '22.99', 'R', 'Commentaries', '2020-07-30 12:37:54'),
(962, 'WASTELAND DIVINE', 'A Fanciful Story of a Database Administrator And a Womanizer who must Fight a Database Administrator in Ancient China', 1996, 2, NULL, 7, '2.99', 85, '18.99', 'PG', 'Trailers,Deleted Scenes,Behind the Scenes', '2020-07-30 12:37:54'),
(963, 'WATCH TRACY', 'A Fast-Paced Yarn of a Dog And a Frisbee who must Conquer a Hunter in Nigeria', 1996, 2, NULL, 5, '0.99', 78, '12.99', 'PG', 'Trailers,Deleted Scenes,Behind the Scenes', '2020-07-30 12:37:54'),
(964, 'WATERFRONT DELIVERANCE', 'A Unbelieveable Documentary of a Dentist And a Technical Writer who must Build a Womanizer in Nigeria', 1996, 2, NULL, 4, '4.99', 61, '17.99', 'G', 'Behind the Scenes', '2020-07-30 12:37:54'),
(965, 'WATERSHIP FRONTIER', 'A Emotional Yarn of a Boat And a Crocodile who must Meet a Moose in Soviet Georgia', 1996, 2, NULL, 6, '0.99', 112, '28.99', 'G', 'Commentaries', '2020-07-30 12:37:54'),
(966, 'WEDDING APOLLO', 'A Action-Packed Tale of a Student And a Waitress who must Conquer a Lumberjack in An Abandoned Mine Shaft', 1996, 2, NULL, 3, '0.99', 70, '14.99', 'PG', 'Trailers', '2020-07-30 12:37:54'),
(967, 'WEEKEND PERSONAL', 'A Fast-Paced Documentary of a Car And a Butler who must Find a Frisbee in A Jet Boat', 1996, 2, NULL, 5, '2.99', 134, '26.99', 'R', 'Trailers,Commentaries,Deleted Scenes,Behind the Scenes', '2020-07-30 12:37:54'),
(968, 'WEREWOLF LOLA', 'A Fanciful Story of a Man And a Sumo Wrestler who must Outrace a Student in A Monastery', 1996, 2, NULL, 6, '4.99', 79, '19.99', 'G', 'Trailers,Behind the Scenes', '2020-07-30 12:37:54'),
(969, 'WEST LION', 'A Intrepid Drama of a Butler And a Lumberjack who must Challenge a Database Administrator in A Manhattan Penthouse', 1996, 2, NULL, 4, '4.99', 159, '29.99', 'G', 'Trailers', '2020-07-30 12:37:54'),
(970, 'WESTWARD SEABISCUIT', 'A Lacklusture Tale of a Butler And a Husband who must Face a Boy in Ancient China', 1996, 2, NULL, 7, '0.99', 52, '11.99', 'NC-17', 'Commentaries,Deleted Scenes', '2020-07-30 12:37:54'),
(971, 'WHALE BIKINI', 'A Intrepid Story of a Pastry Chef And a Database Administrator who must Kill a Feminist in A MySQL Convention', 1996, 2, NULL, 4, '4.99', 109, '11.99', 'PG-13', 'Commentaries,Deleted Scenes,Behind the Scenes', '2020-07-30 12:37:54'),
(972, 'WHISPERER GIANT', 'A Intrepid Story of a Dentist And a Hunter who must Confront a Monkey in Ancient Japan', 1996, 2, NULL, 4, '4.99', 59, '24.99', 'PG-13', 'Trailers,Deleted Scenes', '2020-07-30 12:37:54'),
(973, 'WIFE TURN', 'A Awe-Inspiring Epistle of a Teacher And a Feminist who must Confront a Pioneer in Ancient Japan', 1996, 2, NULL, 3, '4.99', 183, '27.99', 'NC-17', 'Deleted Scenes,Behind the Scenes', '2020-07-30 12:37:54'),
(974, 'WILD APOLLO', 'A Beautiful Story of a Monkey And a Sumo Wrestler who must Conquer a A Shark in A MySQL Convention', 1996, 2, NULL, 4, '0.99', 181, '24.99', 'R', 'Trailers,Commentaries,Deleted Scenes,Behind the Scenes', '2020-07-30 12:37:54'),
(975, 'WILLOW TRACY', 'A Brilliant Panorama of a Boat And a Astronaut who must Challenge a Teacher in A Manhattan Penthouse', 1996, 2, NULL, 6, '2.99', 137, '22.99', 'R', 'Trailers,Commentaries,Behind the Scenes', '2020-07-30 12:37:54'),
(976, 'WIND PHANTOM', 'A Touching Saga of a Madman And a Forensic Psychologist who must Build a Sumo Wrestler in An Abandoned Mine Shaft', 1996, 2, NULL, 6, '0.99', 111, '12.99', 'R', 'Commentaries,Deleted Scenes', '2020-07-30 12:37:54'),
(977, 'WINDOW SIDE', 'A Astounding Character Study of a Womanizer And a Hunter who must Escape a Robot in A Monastery', 1996, 2, NULL, 3, '2.99', 85, '25.99', 'R', 'Deleted Scenes,Behind the Scenes', '2020-07-30 12:37:54'),
(978, 'WISDOM WORKER', 'A Unbelieveable Saga of a Forensic Psychologist And a Student who must Face a Squirrel in The First Manned Space Station', 1996, 1, NULL, 3, '0.99', 98, '12.99', 'R', 'Deleted Scenes,Behind the Scenes', '2020-07-30 12:37:54'),
(979, 'WITCHES PANIC', 'A Awe-Inspiring Drama of a Secret Agent And a Hunter who must Fight a Moose in Nigeria', 1996, 1, NULL, 6, '4.99', 100, '10.99', 'NC-17', 'Commentaries,Behind the Scenes', '2020-07-30 12:37:54'),
(980, 'WIZARD COLDBLOODED', 'A Lacklusture Display of a Robot And a Girl who must Defeat a Sumo Wrestler in A MySQL Convention', 1996, 1, NULL, 4, '4.99', 75, '12.99', 'PG', 'Commentaries,Deleted Scenes,Behind the Scenes', '2020-07-30 12:37:54'),
(981, 'WOLVES DESIRE', 'A Fast-Paced Drama of a Squirrel And a Robot who must Succumb a Technical Writer in A Manhattan Penthouse', 1996, 1, NULL, 7, '0.99', 55, '13.99', 'NC-17', 'Behind the Scenes', '2020-07-30 12:37:54'),
(982, 'WOMEN DORADO', 'A Insightful Documentary of a Waitress And a Butler who must Vanquish a Composer in Australia', 1996, 1, NULL, 4, '0.99', 126, '23.99', 'R', 'Deleted Scenes,Behind the Scenes', '2020-07-30 12:37:54'),
(983, 'WON DARES', 'A Unbelieveable Documentary of a Teacher And a Monkey who must Defeat a Explorer in A U-Boat', 1996, 1, NULL, 7, '2.99', 105, '18.99', 'PG', 'Behind the Scenes', '2020-07-30 12:37:54'),
(984, 'WONDERFUL DROP', 'A Boring Panorama of a Woman And a Madman who must Overcome a Butler in A U-Boat', 1996, 1, NULL, 3, '2.99', 126, '20.99', 'NC-17', 'Commentaries', '2020-07-30 12:37:54'),
(985, 'WONDERLAND CHRISTMAS', 'A Awe-Inspiring Character Study of a Waitress And a Car who must Pursue a Mad Scientist in The First Manned Space Station', 1996, 1, NULL, 4, '4.99', 111, '19.99', 'PG', 'Commentaries', '2020-07-30 12:37:54'),
(986, 'WONKA SEA', 'A Brilliant Saga of a Boat And a Mad Scientist who must Meet a Moose in Ancient India', 1996, 1, NULL, 6, '2.99', 85, '24.99', 'NC-17', 'Trailers,Commentaries', '2020-07-30 12:37:54'),
(987, 'WORDS HUNTER', 'A Action-Packed Reflection of a Composer And a Mad Scientist who must Face a Pioneer in A MySQL Convention', 1996, 1, NULL, 3, '2.99', 116, '13.99', 'PG', 'Trailers,Commentaries,Deleted Scenes', '2020-07-30 12:37:54'),
(988, 'WORKER TARZAN', 'A Action-Packed Yarn of a Secret Agent And a Technical Writer who must Battle a Sumo Wrestler in The First Manned Space Station', 1996, 1, NULL, 7, '2.99', 139, '26.99', 'R', 'Trailers,Commentaries,Behind the Scenes', '2020-07-30 12:37:54'),
(989, 'WORKING MICROCOSMOS', 'A Stunning Epistle of a Dentist And a Dog who must Kill a Madman in Ancient China', 1996, 1, NULL, 4, '4.99', 74, '22.99', 'R', 'Commentaries,Deleted Scenes', '2020-07-30 12:37:54'),
(990, 'WORLD LEATHERNECKS', 'A Unbelieveable Tale of a Pioneer And a Astronaut who must Overcome a Robot in An Abandoned Amusement Park', 1996, 1, NULL, 3, '0.99', 171, '13.99', 'PG-13', 'Trailers,Behind the Scenes', '2020-07-30 12:37:54'),
(991, 'WORST BANGER', 'A Thrilling Drama of a Madman And a Dentist who must Conquer a Boy in The Outback', 1996, 1, NULL, 4, '2.99', 185, '26.99', 'PG', 'Deleted Scenes,Behind the Scenes', '2020-07-30 12:37:54'),
(992, 'WRATH MILE', 'A Intrepid Reflection of a Technical Writer And a Hunter who must Defeat a Sumo Wrestler in A Monastery', 1996, 1, NULL, 5, '0.99', 176, '17.99', 'NC-17', 'Trailers,Commentaries', '2020-07-30 12:37:54'),
(993, 'WRONG BEHAVIOR', 'A Emotional Saga of a Crocodile And a Sumo Wrestler who must Discover a Mad Cow in New Orleans', 1996, 1, NULL, 6, '2.99', 178, '10.99', 'PG-13', 'Trailers,Behind the Scenes', '2020-07-30 12:37:54'),
(994, 'WYOMING STORM', 'A Awe-Inspiring Panorama of a Robot And a Boat who must Overcome a Feminist in A U-Boat', 2019, 1, NULL, 6, '4.99', 100, '29.99', 'PG-13', 'Deleted Scenes', '2020-07-30 12:37:54'),
(995, 'YENTL IDAHO', 'A Amazing Display of a Robot And a Astronaut who must Fight a Womanizer in Berlin', 2019, 1, NULL, 5, '4.99', 86, '11.99', 'R', 'Trailers,Commentaries,Deleted Scenes', '2020-07-30 12:37:54'),
(996, 'YOUNG LANGUAGE', 'A Unbelieveable Yarn of a Boat And a Database Administrator who must Meet a Boy in The First Manned Space Station', 2019, 1, NULL, 6, '0.99', 183, '9.99', 'G', 'Trailers,Behind the Scenes', '2020-07-30 12:37:54'),
(997, 'YOUTH KICK', 'A Touching Drama of a Teacher And a Cat who must Challenge a Technical Writer in A U-Boat', 2019, 1, NULL, 4, '0.99', 179, '14.99', 'NC-17', 'Trailers,Behind the Scenes', '2020-07-30 12:37:54'),
(998, 'ZHIVAGO CORE', 'A Fateful Yarn of a Composer And a Man who must Face a Boy in The Canadian Rockies', 2019, 1, NULL, 6, '0.99', 105, '10.99', 'NC-17', 'Deleted Scenes', '2020-07-30 12:37:54'),
(999, 'ZOOLANDER FICTION', 'A Fateful Reflection of a Waitress And a Boat who must Discover a Sumo Wrestler in Ancient China', 2019, 1, NULL, 5, '2.99', 101, '28.99', 'R', 'Trailers,Deleted Scenes', '2020-07-30 12:37:54'),
(1000, 'ZORRO ARK', 'A Intrepid Panorama of a Mad Scientist And a Boy who must Redeem a Boy in A Monastery', 2019, 1, NULL, 3, '4.99', 50, '18.99', 'NC-17', 'Trailers,Commentaries,Behind the Scenes', '2020-07-30 12:37:54');

-- --------------------------------------------------------

--
-- Table structure for table `film_actor`
--

CREATE TABLE `film_actor` (
  `actor_id` smallint(5) UNSIGNED,
  `film_id` smallint(5) UNSIGNED,
  `last_update` timestamp NOT NULL DEFAULT CURRENT_TIMESTAMP ON UPDATE CURRENT_TIMESTAMP
) ENGINE=InnoDB DEFAULT CHARSET=utf8mb4;

--
-- Dumping data for table `film_actor`
--

INSERT INTO `film_actor` (`actor_id`, `film_id`, `last_update`) VALUES
(1, 1, '2020-07-30 12:37:54'),
(1, 23, '2020-07-30 12:37:54'),
(1, 25, '2020-07-30 12:37:54'),
(1, 106, '2020-07-30 12:37:54'),
(1, 140, '2020-07-30 12:37:54'),
(1, 166, '2020-07-30 12:37:54'),
(1, 277, '2020-07-30 12:37:54'),
(1, 361, '2020-07-30 12:37:54'),
(1, 438, '2020-07-30 12:37:54'),
(1, 499, '2020-07-30 12:37:54'),
(1, 506, '2020-07-30 12:37:54'),
(1, 509, '2020-07-30 12:37:54'),
(1, 605, '2020-07-30 12:37:54'),
(1, 635, '2020-07-30 12:37:54'),
(1, 749, '2020-07-30 12:37:54'),
(1, 832, '2020-07-30 12:37:54'),
(1, 939, '2020-07-30 12:37:54'),
(1, 970, '2020-07-30 12:37:54'),
(1, 980, '2020-07-30 12:37:54'),
(2, 3, '2020-07-30 12:37:54'),
(2, 31, '2020-07-30 12:37:54'),
(2, 47, '2020-07-30 12:37:54'),
(2, 105, '2020-07-30 12:37:54'),
(2, 132, '2020-07-30 12:37:54'),
(2, 145, '2020-07-30 12:37:54'),
(2, 226, '2020-07-30 12:37:54'),
(2, 249, '2020-07-30 12:37:54'),
(2, 314, '2020-07-30 12:37:54'),
(2, 321, '2020-07-30 12:37:54'),
(2, 357, '2020-07-30 12:37:54'),
(2, 369, '2020-07-30 12:37:54'),
(2, 399, '2020-07-30 12:37:54'),
(2, 458, '2020-07-30 12:37:54'),
(2, 481, '2020-07-30 12:37:54'),
(2, 485, '2020-07-30 12:37:54'),
(2, 518, '2020-07-30 12:37:54'),
(2, 540, '2020-07-30 12:37:54'),
(2, 550, '2020-07-30 12:37:54'),
(2, 555, '2020-07-30 12:37:54'),
(2, 561, '2020-07-30 12:37:54'),
(2, 742, '2020-07-30 12:37:54'),
(2, 754, '2020-07-30 12:37:54'),
(2, 811, '2020-07-30 12:37:54'),
(2, 958, '2020-07-30 12:37:54'),
(3, 17, '2020-07-30 12:37:54'),
(3, 40, '2020-07-30 12:37:54'),
(3, 42, '2020-07-30 12:37:54'),
(3, 87, '2020-07-30 12:37:54'),
(3, 111, '2020-07-30 12:37:54'),
(3, 185, '2020-07-30 12:37:54'),
(3, 289, '2020-07-30 12:37:54'),
(3, 329, '2020-07-30 12:37:54'),
(3, 336, '2020-07-30 12:37:54'),
(3, 341, '2020-07-30 12:37:54'),
(3, 393, '2020-07-30 12:37:54'),
(3, 441, '2020-07-30 12:37:54'),
(3, 453, '2020-07-30 12:37:54'),
(3, 480, '2020-07-30 12:37:54'),
(3, 539, '2020-07-30 12:37:54'),
(3, 618, '2020-07-30 12:37:54'),
(3, 685, '2020-07-30 12:37:54'),
(3, 827, '2020-07-30 12:37:54'),
(3, 966, '2020-07-30 12:37:54'),
(3, 967, '2020-07-30 12:37:54'),
(3, 971, '2020-07-30 12:37:54'),
(3, 996, '2020-07-30 12:37:54'),
(4, 23, '2020-07-30 12:37:54'),
(4, 25, '2020-07-30 12:37:54'),
(4, 56, '2020-07-30 12:37:54'),
(4, 62, '2020-07-30 12:37:54'),
(4, 79, '2020-07-30 12:37:54'),
(4, 87, '2020-07-30 12:37:54'),
(4, 355, '2020-07-30 12:37:54'),
(4, 379, '2020-07-30 12:37:54'),
(4, 398, '2020-07-30 12:37:54'),
(4, 463, '2020-07-30 12:37:54'),
(4, 490, '2020-07-30 12:37:54'),
(4, 616, '2020-07-30 12:37:54'),
(4, 635, '2020-07-30 12:37:54'),
(4, 691, '2020-07-30 12:37:54'),
(4, 712, '2020-07-30 12:37:54'),
(4, 714, '2020-07-30 12:37:54'),
(4, 721, '2020-07-30 12:37:54'),
(4, 798, '2020-07-30 12:37:54'),
(4, 832, '2020-07-30 12:37:54'),
(4, 858, '2020-07-30 12:37:54'),
(4, 909, '2020-07-30 12:37:54'),
(4, 924, '2020-07-30 12:37:54'),
(5, 19, '2020-07-30 12:37:54'),
(5, 54, '2020-07-30 12:37:54'),
(5, 85, '2020-07-30 12:37:54'),
(5, 146, '2020-07-30 12:37:54'),
(5, 171, '2020-07-30 12:37:54'),
(5, 172, '2020-07-30 12:37:54'),
(5, 202, '2020-07-30 12:37:54'),
(5, 203, '2020-07-30 12:37:54'),
(5, 286, '2020-07-30 12:37:54'),
(5, 288, '2020-07-30 12:37:54'),
(5, 316, '2020-07-30 12:37:54'),
(5, 340, '2020-07-30 12:37:54'),
(5, 369, '2020-07-30 12:37:54'),
(5, 375, '2020-07-30 12:37:54'),
(5, 383, '2020-07-30 12:37:54'),
(5, 392, '2020-07-30 12:37:54'),
(5, 411, '2020-07-30 12:37:54'),
(5, 503, '2020-07-30 12:37:54'),
(5, 535, '2020-07-30 12:37:54'),
(5, 571, '2020-07-30 12:37:54'),
(5, 650, '2020-07-30 12:37:54'),
(5, 665, '2020-07-30 12:37:54'),
(5, 687, '2020-07-30 12:37:54'),
(5, 730, '2020-07-30 12:37:54'),
(5, 732, '2020-07-30 12:37:54'),
(5, 811, '2020-07-30 12:37:54'),
(5, 817, '2020-07-30 12:37:54'),
(5, 841, '2020-07-30 12:37:54'),
(5, 865, '2020-07-30 12:37:54'),
(6, 29, '2020-07-30 12:37:54'),
(6, 53, '2020-07-30 12:37:54'),
(6, 60, '2020-07-30 12:37:54'),
(6, 70, '2020-07-30 12:37:54'),
(6, 112, '2020-07-30 12:37:54'),
(6, 164, '2020-07-30 12:37:54'),
(6, 165, '2020-07-30 12:37:54'),
(6, 193, '2020-07-30 12:37:54'),
(6, 256, '2020-07-30 12:37:54'),
(6, 451, '2020-07-30 12:37:54'),
(6, 503, '2020-07-30 12:37:54'),
(6, 509, '2020-07-30 12:37:54'),
(6, 517, '2020-07-30 12:37:54'),
(6, 519, '2020-07-30 12:37:54'),
(6, 605, '2020-07-30 12:37:54'),
(6, 692, '2020-07-30 12:37:54'),
(6, 826, '2020-07-30 12:37:54'),
(6, 892, '2020-07-30 12:37:54'),
(6, 902, '2020-07-30 12:37:54'),
(6, 994, '2020-07-30 12:37:54'),
(7, 25, '2020-07-30 12:37:54'),
(7, 27, '2020-07-30 12:37:54'),
(7, 35, '2020-07-30 12:37:54'),
(7, 67, '2020-07-30 12:37:54'),
(7, 96, '2020-07-30 12:37:54'),
(7, 170, '2020-07-30 12:37:54'),
(7, 173, '2020-07-30 12:37:54'),
(7, 217, '2020-07-30 12:37:54'),
(7, 218, '2020-07-30 12:37:54'),
(7, 225, '2020-07-30 12:37:54'),
(7, 292, '2020-07-30 12:37:54'),
(7, 351, '2020-07-30 12:37:54'),
(7, 414, '2020-07-30 12:37:54'),
(7, 463, '2020-07-30 12:37:54'),
(7, 554, '2020-07-30 12:37:54'),
(7, 618, '2020-07-30 12:37:54'),
(7, 633, '2020-07-30 12:37:54'),
(7, 637, '2020-07-30 12:37:54'),
(7, 691, '2020-07-30 12:37:54'),
(7, 758, '2020-07-30 12:37:54'),
(7, 766, '2020-07-30 12:37:54'),
(7, 770, '2020-07-30 12:37:54'),
(7, 805, '2020-07-30 12:37:54'),
(7, 806, '2020-07-30 12:37:54'),
(7, 846, '2020-07-30 12:37:54'),
(7, 900, '2020-07-30 12:37:54'),
(7, 901, '2020-07-30 12:37:54'),
(7, 910, '2020-07-30 12:37:54'),
(7, 957, '2020-07-30 12:37:54'),
(7, 959, '2020-07-30 12:37:54'),
(8, 47, '2020-07-30 12:37:54'),
(8, 115, '2020-07-30 12:37:54'),
(8, 158, '2020-07-30 12:37:54'),
(8, 179, '2020-07-30 12:37:54'),
(8, 195, '2020-07-30 12:37:54'),
(8, 205, '2020-07-30 12:37:54'),
(8, 255, '2020-07-30 12:37:54'),
(8, 263, '2020-07-30 12:37:54'),
(8, 321, '2020-07-30 12:37:54'),
(8, 396, '2020-07-30 12:37:54'),
(8, 458, '2020-07-30 12:37:54'),
(8, 523, '2020-07-30 12:37:54'),
(8, 532, '2020-07-30 12:37:54'),
(8, 554, '2020-07-30 12:37:54'),
(8, 752, '2020-07-30 12:37:54'),
(8, 769, '2020-07-30 12:37:54'),
(8, 771, '2020-07-30 12:37:54'),
(8, 859, '2020-07-30 12:37:54'),
(8, 895, '2020-07-30 12:37:54'),
(8, 936, '2020-07-30 12:37:54'),
(9, 30, '2020-07-30 12:37:54'),
(9, 74, '2020-07-30 12:37:54'),
(9, 147, '2020-07-30 12:37:54'),
(9, 148, '2020-07-30 12:37:54'),
(9, 191, '2020-07-30 12:37:54'),
(9, 200, '2020-07-30 12:37:54'),
(9, 204, '2020-07-30 12:37:54'),
(9, 434, '2020-07-30 12:37:54'),
(9, 510, '2020-07-30 12:37:54'),
(9, 514, '2020-07-30 12:37:54'),
(9, 552, '2020-07-30 12:37:54'),
(9, 650, '2020-07-30 12:37:54'),
(9, 671, '2020-07-30 12:37:54'),
(9, 697, '2020-07-30 12:37:54'),
(9, 722, '2020-07-30 12:37:54'),
(9, 752, '2020-07-30 12:37:54'),
(9, 811, '2020-07-30 12:37:54'),
(9, 815, '2020-07-30 12:37:54'),
(9, 865, '2020-07-30 12:37:54'),
(9, 873, '2020-07-30 12:37:54'),
(9, 889, '2020-07-30 12:37:54'),
(9, 903, '2020-07-30 12:37:54'),
(9, 926, '2020-07-30 12:37:54'),
(9, 964, '2020-07-30 12:37:54'),
(9, 974, '2020-07-30 12:37:54'),
(10, 1, '2020-07-30 12:37:54'),
(10, 9, '2020-07-30 12:37:54'),
(10, 191, '2020-07-30 12:37:54'),
(10, 236, '2020-07-30 12:37:54'),
(10, 251, '2020-07-30 12:37:54'),
(10, 366, '2020-07-30 12:37:54'),
(10, 477, '2020-07-30 12:37:54'),
(10, 480, '2020-07-30 12:37:54'),
(10, 522, '2020-07-30 12:37:54'),
(10, 530, '2020-07-30 12:37:54'),
(10, 587, '2020-07-30 12:37:54'),
(10, 694, '2020-07-30 12:37:54'),
(10, 703, '2020-07-30 12:37:54'),
(10, 716, '2020-07-30 12:37:54'),
(10, 782, '2020-07-30 12:37:54'),
(10, 914, '2020-07-30 12:37:54'),
(10, 929, '2020-07-30 12:37:54'),
(10, 930, '2020-07-30 12:37:54'),
(10, 964, '2020-07-30 12:37:54'),
(10, 966, '2020-07-30 12:37:54'),
(10, 980, '2020-07-30 12:37:54'),
(10, 983, '2020-07-30 12:37:54'),
(11, 118, '2020-07-30 12:37:54'),
(11, 205, '2020-07-30 12:37:54'),
(11, 281, '2020-07-30 12:37:54'),
(11, 283, '2020-07-30 12:37:54'),
(11, 348, '2020-07-30 12:37:54'),
(11, 364, '2020-07-30 12:37:54'),
(11, 395, '2020-07-30 12:37:54'),
(11, 429, '2020-07-30 12:37:54'),
(11, 433, '2020-07-30 12:37:54'),
(11, 453, '2020-07-30 12:37:54'),
(11, 485, '2020-07-30 12:37:54'),
(11, 532, '2020-07-30 12:37:54'),
(11, 567, '2020-07-30 12:37:54'),
(11, 587, '2020-07-30 12:37:54'),
(11, 597, '2020-07-30 12:37:54'),
(11, 636, '2020-07-30 12:37:54'),
(11, 709, '2020-07-30 12:37:54'),
(11, 850, '2020-07-30 12:37:54'),
(11, 854, '2020-07-30 12:37:54'),
(11, 888, '2020-07-30 12:37:54'),
(11, 896, '2020-07-30 12:37:54'),
(11, 928, '2020-07-30 12:37:54'),
(11, 938, '2020-07-30 12:37:54'),
(11, 969, '2020-07-30 12:37:54'),
(11, 988, '2020-07-30 12:37:54'),
(12, 16, '2020-07-30 12:37:54'),
(12, 17, '2020-07-30 12:37:54'),
(12, 34, '2020-07-30 12:37:54'),
(12, 37, '2020-07-30 12:37:54'),
(12, 91, '2020-07-30 12:37:54'),
(12, 92, '2020-07-30 12:37:54'),
(12, 107, '2020-07-30 12:37:54'),
(12, 155, '2020-07-30 12:37:54'),
(12, 177, '2020-07-30 12:37:54'),
(12, 208, '2020-07-30 12:37:54'),
(12, 213, '2020-07-30 12:37:54'),
(12, 216, '2020-07-30 12:37:54'),
(12, 243, '2020-07-30 12:37:54'),
(12, 344, '2020-07-30 12:37:54'),
(12, 400, '2020-07-30 12:37:54'),
(12, 416, '2020-07-30 12:37:54'),
(12, 420, '2020-07-30 12:37:54'),
(12, 457, '2020-07-30 12:37:54'),
(12, 513, '2020-07-30 12:37:54'),
(12, 540, '2020-07-30 12:37:54'),
(12, 593, '2020-07-30 12:37:54'),
(12, 631, '2020-07-30 12:37:54'),
(12, 635, '2020-07-30 12:37:54'),
(12, 672, '2020-07-30 12:37:54'),
(12, 716, '2020-07-30 12:37:54'),
(12, 728, '2020-07-30 12:37:54'),
(12, 812, '2020-07-30 12:37:54'),
(12, 838, '2020-07-30 12:37:54'),
(12, 871, '2020-07-30 12:37:54'),
(12, 880, '2020-07-30 12:37:54'),
(12, 945, '2020-07-30 12:37:54'),
(13, 17, '2020-07-30 12:37:54'),
(13, 29, '2020-07-30 12:37:54'),
(13, 45, '2020-07-30 12:37:54'),
(13, 87, '2020-07-30 12:37:54'),
(13, 110, '2020-07-30 12:37:54'),
(13, 144, '2020-07-30 12:37:54'),
(13, 154, '2020-07-30 12:37:54'),
(13, 162, '2020-07-30 12:37:54'),
(13, 203, '2020-07-30 12:37:54'),
(13, 254, '2020-07-30 12:37:54'),
(13, 337, '2020-07-30 12:37:54'),
(13, 346, '2020-07-30 12:37:54'),
(13, 381, '2020-07-30 12:37:54'),
(13, 385, '2020-07-30 12:37:54'),
(13, 427, '2020-07-30 12:37:54'),
(13, 456, '2020-07-30 12:37:54'),
(13, 513, '2020-07-30 12:37:54'),
(13, 515, '2020-07-30 12:37:54'),
(13, 522, '2020-07-30 12:37:54'),
(13, 524, '2020-07-30 12:37:54'),
(13, 528, '2020-07-30 12:37:54'),
(13, 571, '2020-07-30 12:37:54'),
(13, 588, '2020-07-30 12:37:54'),
(13, 597, '2020-07-30 12:37:54'),
(13, 600, '2020-07-30 12:37:54'),
(13, 718, '2020-07-30 12:37:54'),
(13, 729, '2020-07-30 12:37:54'),
(13, 816, '2020-07-30 12:37:54'),
(13, 817, '2020-07-30 12:37:54'),
(13, 832, '2020-07-30 12:37:54'),
(13, 833, '2020-07-30 12:37:54'),
(13, 843, '2020-07-30 12:37:54'),
(13, 897, '2020-07-30 12:37:54'),
(13, 966, '2020-07-30 12:37:54'),
(13, 998, '2020-07-30 12:37:54'),
(14, 154, '2020-07-30 12:37:54'),
(14, 187, '2020-07-30 12:37:54'),
(14, 232, '2020-07-30 12:37:54'),
(14, 241, '2020-07-30 12:37:54'),
(14, 253, '2020-07-30 12:37:54'),
(14, 255, '2020-07-30 12:37:54'),
(14, 258, '2020-07-30 12:37:54'),
(14, 284, '2020-07-30 12:37:54'),
(14, 292, '2020-07-30 12:37:54'),
(14, 370, '2020-07-30 12:37:54'),
(14, 415, '2020-07-30 12:37:54'),
(14, 417, '2020-07-30 12:37:54'),
(14, 418, '2020-07-30 12:37:54'),
(14, 454, '2020-07-30 12:37:54'),
(14, 472, '2020-07-30 12:37:54'),
(14, 475, '2020-07-30 12:37:54'),
(14, 495, '2020-07-30 12:37:54'),
(14, 536, '2020-07-30 12:37:54'),
(14, 537, '2020-07-30 12:37:54'),
(14, 612, '2020-07-30 12:37:54'),
(14, 688, '2020-07-30 12:37:54'),
(14, 759, '2020-07-30 12:37:54'),
(14, 764, '2020-07-30 12:37:54'),
(14, 847, '2020-07-30 12:37:54'),
(14, 856, '2020-07-30 12:37:54'),
(14, 890, '2020-07-30 12:37:54'),
(14, 908, '2020-07-30 12:37:54'),
(14, 919, '2020-07-30 12:37:54'),
(14, 948, '2020-07-30 12:37:54'),
(14, 970, '2020-07-30 12:37:54'),
(15, 31, '2020-07-30 12:37:54'),
(15, 89, '2020-07-30 12:37:54'),
(15, 91, '2020-07-30 12:37:54'),
(15, 108, '2020-07-30 12:37:54'),
(15, 125, '2020-07-30 12:37:54'),
(15, 236, '2020-07-30 12:37:54'),
(15, 275, '2020-07-30 12:37:54'),
(15, 280, '2020-07-30 12:37:54'),
(15, 326, '2020-07-30 12:37:54'),
(15, 342, '2020-07-30 12:37:54'),
(15, 414, '2020-07-30 12:37:54'),
(15, 445, '2020-07-30 12:37:54'),
(15, 500, '2020-07-30 12:37:54'),
(15, 502, '2020-07-30 12:37:54'),
(15, 541, '2020-07-30 12:37:54'),
(15, 553, '2020-07-30 12:37:54'),
(15, 594, '2020-07-30 12:37:54'),
(15, 626, '2020-07-30 12:37:54'),
(15, 635, '2020-07-30 12:37:54'),
(15, 745, '2020-07-30 12:37:54'),
(15, 783, '2020-07-30 12:37:54'),
(15, 795, '2020-07-30 12:37:54'),
(15, 817, '2020-07-30 12:37:54'),
(15, 886, '2020-07-30 12:37:54'),
(15, 924, '2020-07-30 12:37:54'),
(15, 949, '2020-07-30 12:37:54'),
(15, 968, '2020-07-30 12:37:54'),
(15, 985, '2020-07-30 12:37:54'),
(16, 80, '2020-07-30 12:37:54'),
(16, 87, '2020-07-30 12:37:54'),
(16, 101, '2020-07-30 12:37:54'),
(16, 121, '2020-07-30 12:37:54'),
(16, 155, '2020-07-30 12:37:54'),
(16, 177, '2020-07-30 12:37:54'),
(16, 218, '2020-07-30 12:37:54'),
(16, 221, '2020-07-30 12:37:54'),
(16, 267, '2020-07-30 12:37:54'),
(16, 269, '2020-07-30 12:37:54'),
(16, 271, '2020-07-30 12:37:54'),
(16, 280, '2020-07-30 12:37:54'),
(16, 287, '2020-07-30 12:37:54'),
(16, 345, '2020-07-30 12:37:54'),
(16, 438, '2020-07-30 12:37:54'),
(16, 453, '2020-07-30 12:37:54'),
(16, 455, '2020-07-30 12:37:54'),
(16, 456, '2020-07-30 12:37:54'),
(16, 503, '2020-07-30 12:37:54'),
(16, 548, '2020-07-30 12:37:54'),
(16, 582, '2020-07-30 12:37:54'),
(16, 583, '2020-07-30 12:37:54'),
(16, 717, '2020-07-30 12:37:54'),
(16, 758, '2020-07-30 12:37:54'),
(16, 779, '2020-07-30 12:37:54'),
(16, 886, '2020-07-30 12:37:54'),
(16, 967, '2020-07-30 12:37:54'),
(17, 96, '2020-07-30 12:37:54'),
(17, 119, '2020-07-30 12:37:54'),
(17, 124, '2020-07-30 12:37:54'),
(17, 127, '2020-07-30 12:37:54'),
(17, 154, '2020-07-30 12:37:54'),
(17, 199, '2020-07-30 12:37:54'),
(17, 201, '2020-07-30 12:37:54'),
(17, 236, '2020-07-30 12:37:54'),
(17, 280, '2020-07-30 12:37:54'),
(17, 310, '2020-07-30 12:37:54'),
(17, 313, '2020-07-30 12:37:54'),
(17, 378, '2020-07-30 12:37:54'),
(17, 457, '2020-07-30 12:37:54'),
(17, 469, '2020-07-30 12:37:54'),
(17, 478, '2020-07-30 12:37:54'),
(17, 500, '2020-07-30 12:37:54'),
(17, 515, '2020-07-30 12:37:54'),
(17, 521, '2020-07-30 12:37:54'),
(17, 573, '2020-07-30 12:37:54'),
(17, 603, '2020-07-30 12:37:54'),
(17, 606, '2020-07-30 12:37:54'),
(17, 734, '2020-07-30 12:37:54'),
(17, 770, '2020-07-30 12:37:54'),
(17, 794, '2020-07-30 12:37:54'),
(17, 800, '2020-07-30 12:37:54'),
(17, 853, '2020-07-30 12:37:54'),
(17, 873, '2020-07-30 12:37:54'),
(17, 874, '2020-07-30 12:37:54'),
(17, 880, '2020-07-30 12:37:54'),
(17, 948, '2020-07-30 12:37:54'),
(17, 957, '2020-07-30 12:37:54'),
(17, 959, '2020-07-30 12:37:54'),
(18, 44, '2020-07-30 12:37:54'),
(18, 84, '2020-07-30 12:37:54'),
(18, 144, '2020-07-30 12:37:54'),
(18, 172, '2020-07-30 12:37:54'),
(18, 268, '2020-07-30 12:37:54'),
(18, 279, '2020-07-30 12:37:54'),
(18, 280, '2020-07-30 12:37:54'),
(18, 321, '2020-07-30 12:37:54'),
(18, 386, '2020-07-30 12:37:54'),
(18, 460, '2020-07-30 12:37:54'),
(18, 462, '2020-07-30 12:37:54'),
(18, 484, '2020-07-30 12:37:54'),
(18, 536, '2020-07-30 12:37:54'),
(18, 561, '2020-07-30 12:37:54'),
(18, 612, '2020-07-30 12:37:54'),
(18, 717, '2020-07-30 12:37:54'),
(18, 808, '2020-07-30 12:37:54'),
(18, 842, '2020-07-30 12:37:54'),
(18, 863, '2020-07-30 12:37:54'),
(18, 883, '2020-07-30 12:37:54'),
(18, 917, '2020-07-30 12:37:54'),
(18, 944, '2020-07-30 12:37:54'),
(19, 2, '2020-07-30 12:37:54'),
(19, 3, '2020-07-30 12:37:54'),
(19, 144, '2020-07-30 12:37:54'),
(19, 152, '2020-07-30 12:37:54'),
(19, 182, '2020-07-30 12:37:54'),
(19, 208, '2020-07-30 12:37:54'),
(19, 212, '2020-07-30 12:37:54'),
(19, 217, '2020-07-30 12:37:54'),
(19, 266, '2020-07-30 12:37:54'),
(19, 404, '2020-07-30 12:37:54'),
(19, 428, '2020-07-30 12:37:54'),
(19, 473, '2020-07-30 12:37:54'),
(19, 490, '2020-07-30 12:37:54'),
(19, 510, '2020-07-30 12:37:54'),
(19, 513, '2020-07-30 12:37:54'),
(19, 644, '2020-07-30 12:37:54'),
(19, 670, '2020-07-30 12:37:54'),
(19, 673, '2020-07-30 12:37:54'),
(19, 711, '2020-07-30 12:37:54'),
(19, 750, '2020-07-30 12:37:54'),
(19, 752, '2020-07-30 12:37:54'),
(19, 756, '2020-07-30 12:37:54'),
(19, 771, '2020-07-30 12:37:54'),
(19, 785, '2020-07-30 12:37:54'),
(19, 877, '2020-07-30 12:37:54'),
(20, 1, '2020-07-30 12:37:54'),
(20, 54, '2020-07-30 12:37:54'),
(20, 63, '2020-07-30 12:37:54'),
(20, 140, '2020-07-30 12:37:54'),
(20, 146, '2020-07-30 12:37:54'),
(20, 165, '2020-07-30 12:37:54'),
(20, 231, '2020-07-30 12:37:54'),
(20, 243, '2020-07-30 12:37:54'),
(20, 269, '2020-07-30 12:37:54'),
(20, 274, '2020-07-30 12:37:54'),
(20, 348, '2020-07-30 12:37:54'),
(20, 366, '2020-07-30 12:37:54'),
(20, 445, '2020-07-30 12:37:54'),
(20, 478, '2020-07-30 12:37:54'),
(20, 492, '2020-07-30 12:37:54'),
(20, 499, '2020-07-30 12:37:54'),
(20, 527, '2020-07-30 12:37:54'),
(20, 531, '2020-07-30 12:37:54'),
(20, 538, '2020-07-30 12:37:54'),
(20, 589, '2020-07-30 12:37:54'),
(20, 643, '2020-07-30 12:37:54'),
(20, 652, '2020-07-30 12:37:54'),
(20, 663, '2020-07-30 12:37:54'),
(20, 714, '2020-07-30 12:37:54'),
(20, 717, '2020-07-30 12:37:54'),
(20, 757, '2020-07-30 12:37:54'),
(20, 784, '2020-07-30 12:37:54'),
(20, 863, '2020-07-30 12:37:54'),
(20, 962, '2020-07-30 12:37:54'),
(20, 977, '2020-07-30 12:37:54'),
(21, 6, '2020-07-30 12:37:54'),
(21, 87, '2020-07-30 12:37:54'),
(21, 88, '2020-07-30 12:37:54'),
(21, 142, '2020-07-30 12:37:54'),
(21, 159, '2020-07-30 12:37:54'),
(21, 179, '2020-07-30 12:37:54'),
(21, 253, '2020-07-30 12:37:54'),
(21, 281, '2020-07-30 12:37:54'),
(21, 321, '2020-07-30 12:37:54'),
(21, 398, '2020-07-30 12:37:54'),
(21, 426, '2020-07-30 12:37:54'),
(21, 429, '2020-07-30 12:37:54'),
(21, 497, '2020-07-30 12:37:54'),
(21, 507, '2020-07-30 12:37:54'),
(21, 530, '2020-07-30 12:37:54'),
(21, 680, '2020-07-30 12:37:54'),
(21, 686, '2020-07-30 12:37:54'),
(21, 700, '2020-07-30 12:37:54'),
(21, 702, '2020-07-30 12:37:54'),
(21, 733, '2020-07-30 12:37:54'),
(21, 734, '2020-07-30 12:37:54'),
(21, 798, '2020-07-30 12:37:54'),
(21, 804, '2020-07-30 12:37:54'),
(21, 887, '2020-07-30 12:37:54'),
(21, 893, '2020-07-30 12:37:54'),
(21, 920, '2020-07-30 12:37:54'),
(21, 983, '2020-07-30 12:37:54'),
(22, 9, '2020-07-30 12:37:54'),
(22, 23, '2020-07-30 12:37:54'),
(22, 56, '2020-07-30 12:37:54'),
(22, 89, '2020-07-30 12:37:54'),
(22, 111, '2020-07-30 12:37:54'),
(22, 146, '2020-07-30 12:37:54'),
(22, 291, '2020-07-30 12:37:54'),
(22, 294, '2020-07-30 12:37:54'),
(22, 349, '2020-07-30 12:37:54'),
(22, 369, '2020-07-30 12:37:54'),
(22, 418, '2020-07-30 12:37:54'),
(22, 430, '2020-07-30 12:37:54'),
(22, 483, '2020-07-30 12:37:54'),
(22, 491, '2020-07-30 12:37:54'),
(22, 495, '2020-07-30 12:37:54'),
(22, 536, '2020-07-30 12:37:54'),
(22, 600, '2020-07-30 12:37:54'),
(22, 634, '2020-07-30 12:37:54'),
(22, 648, '2020-07-30 12:37:54'),
(22, 688, '2020-07-30 12:37:54'),
(22, 731, '2020-07-30 12:37:54'),
(22, 742, '2020-07-30 12:37:54'),
(22, 775, '2020-07-30 12:37:54'),
(22, 802, '2020-07-30 12:37:54'),
(22, 912, '2020-07-30 12:37:54'),
(22, 964, '2020-07-30 12:37:54'),
(23, 6, '2020-07-30 12:37:54'),
(23, 42, '2020-07-30 12:37:54'),
(23, 78, '2020-07-30 12:37:54'),
(23, 105, '2020-07-30 12:37:54'),
(23, 116, '2020-07-30 12:37:54'),
(23, 117, '2020-07-30 12:37:54'),
(23, 125, '2020-07-30 12:37:54'),
(23, 212, '2020-07-30 12:37:54'),
(23, 226, '2020-07-30 12:37:54'),
(23, 235, '2020-07-30 12:37:54'),
(23, 254, '2020-07-30 12:37:54'),
(23, 367, '2020-07-30 12:37:54'),
(23, 370, '2020-07-30 12:37:54'),
(23, 414, '2020-07-30 12:37:54'),
(23, 419, '2020-07-30 12:37:54'),
(23, 435, '2020-07-30 12:37:54'),
(23, 449, '2020-07-30 12:37:54'),
(23, 491, '2020-07-30 12:37:54'),
(23, 536, '2020-07-30 12:37:54'),
(23, 549, '2020-07-30 12:37:54'),
(23, 636, '2020-07-30 12:37:54'),
(23, 649, '2020-07-30 12:37:54'),
(23, 673, '2020-07-30 12:37:54'),
(23, 691, '2020-07-30 12:37:54'),
(23, 766, '2020-07-30 12:37:54'),
(23, 782, '2020-07-30 12:37:54'),
(23, 804, '2020-07-30 12:37:54'),
(23, 820, '2020-07-30 12:37:54'),
(23, 826, '2020-07-30 12:37:54'),
(23, 833, '2020-07-30 12:37:54'),
(23, 842, '2020-07-30 12:37:54'),
(23, 853, '2020-07-30 12:37:54'),
(23, 855, '2020-07-30 12:37:54'),
(23, 856, '2020-07-30 12:37:54'),
(23, 935, '2020-07-30 12:37:54'),
(23, 981, '2020-07-30 12:37:54'),
(23, 997, '2020-07-30 12:37:54'),
(24, 3, '2020-07-30 12:37:54'),
(24, 83, '2020-07-30 12:37:54'),
(24, 112, '2020-07-30 12:37:54'),
(24, 126, '2020-07-30 12:37:54'),
(24, 148, '2020-07-30 12:37:54'),
(24, 164, '2020-07-30 12:37:54'),
(24, 178, '2020-07-30 12:37:54'),
(24, 194, '2020-07-30 12:37:54'),
(24, 199, '2020-07-30 12:37:54'),
(24, 242, '2020-07-30 12:37:54'),
(24, 256, '2020-07-30 12:37:54'),
(24, 277, '2020-07-30 12:37:54'),
(24, 335, '2020-07-30 12:37:54'),
(24, 405, '2020-07-30 12:37:54'),
(24, 463, '2020-07-30 12:37:54'),
(24, 515, '2020-07-30 12:37:54'),
(24, 585, '2020-07-30 12:37:54'),
(24, 603, '2020-07-30 12:37:54'),
(24, 653, '2020-07-30 12:37:54'),
(24, 704, '2020-07-30 12:37:54'),
(24, 781, '2020-07-30 12:37:54'),
(24, 829, '2020-07-30 12:37:54'),
(24, 832, '2020-07-30 12:37:54'),
(24, 969, '2020-07-30 12:37:54'),
(25, 21, '2020-07-30 12:37:54'),
(25, 86, '2020-07-30 12:37:54'),
(25, 153, '2020-07-30 12:37:54'),
(25, 179, '2020-07-30 12:37:54'),
(25, 204, '2020-07-30 12:37:54'),
(25, 213, '2020-07-30 12:37:54'),
(25, 226, '2020-07-30 12:37:54'),
(25, 245, '2020-07-30 12:37:54'),
(25, 311, '2020-07-30 12:37:54'),
(25, 404, '2020-07-30 12:37:54'),
(25, 411, '2020-07-30 12:37:54'),
(25, 420, '2020-07-30 12:37:54'),
(25, 538, '2020-07-30 12:37:54'),
(25, 564, '2020-07-30 12:37:54'),
(25, 583, '2020-07-30 12:37:54'),
(25, 606, '2020-07-30 12:37:54'),
(25, 688, '2020-07-30 12:37:54'),
(25, 697, '2020-07-30 12:37:54'),
(25, 755, '2020-07-30 12:37:54'),
(25, 871, '2020-07-30 12:37:54'),
(25, 914, '2020-07-30 12:37:54'),
(26, 9, '2020-07-30 12:37:54'),
(26, 21, '2020-07-30 12:37:54'),
(26, 34, '2020-07-30 12:37:54'),
(26, 90, '2020-07-30 12:37:54'),
(26, 93, '2020-07-30 12:37:54'),
(26, 103, '2020-07-30 12:37:54'),
(26, 147, '2020-07-30 12:37:54'),
(26, 186, '2020-07-30 12:37:54'),
(26, 201, '2020-07-30 12:37:54'),
(26, 225, '2020-07-30 12:37:54'),
(26, 241, '2020-07-30 12:37:54'),
(26, 327, '2020-07-30 12:37:54'),
(26, 329, '2020-07-30 12:37:54'),
(26, 340, '2020-07-30 12:37:54'),
(26, 345, '2020-07-30 12:37:54'),
(26, 390, '2020-07-30 12:37:54'),
(26, 392, '2020-07-30 12:37:54'),
(26, 529, '2020-07-30 12:37:54'),
(26, 544, '2020-07-30 12:37:54'),
(26, 564, '2020-07-30 12:37:54'),
(26, 635, '2020-07-30 12:37:54'),
(26, 644, '2020-07-30 12:37:54'),
(26, 682, '2020-07-30 12:37:54'),
(26, 688, '2020-07-30 12:37:54'),
(26, 715, '2020-07-30 12:37:54'),
(26, 732, '2020-07-30 12:37:54'),
(26, 758, '2020-07-30 12:37:54'),
(26, 764, '2020-07-30 12:37:54'),
(26, 795, '2020-07-30 12:37:54'),
(26, 821, '2020-07-30 12:37:54'),
(26, 885, '2020-07-30 12:37:54'),
(26, 904, '2020-07-30 12:37:54'),
(26, 906, '2020-07-30 12:37:54'),
(27, 19, '2020-07-30 12:37:54'),
(27, 34, '2020-07-30 12:37:54'),
(27, 85, '2020-07-30 12:37:54'),
(27, 150, '2020-07-30 12:37:54'),
(27, 172, '2020-07-30 12:37:54'),
(27, 273, '2020-07-30 12:37:54'),
(27, 334, '2020-07-30 12:37:54'),
(27, 347, '2020-07-30 12:37:54'),
(27, 359, '2020-07-30 12:37:54'),
(27, 398, '2020-07-30 12:37:54'),
(27, 415, '2020-07-30 12:37:54'),
(27, 462, '2020-07-30 12:37:54'),
(27, 477, '2020-07-30 12:37:54'),
(27, 500, '2020-07-30 12:37:54'),
(27, 503, '2020-07-30 12:37:54'),
(27, 540, '2020-07-30 12:37:54'),
(27, 586, '2020-07-30 12:37:54'),
(27, 593, '2020-07-30 12:37:54'),
(27, 637, '2020-07-30 12:37:54'),
(27, 679, '2020-07-30 12:37:54'),
(27, 682, '2020-07-30 12:37:54'),
(27, 695, '2020-07-30 12:37:54'),
(27, 771, '2020-07-30 12:37:54'),
(27, 805, '2020-07-30 12:37:54'),
(27, 830, '2020-07-30 12:37:54'),
(27, 854, '2020-07-30 12:37:54'),
(27, 873, '2020-07-30 12:37:54'),
(27, 880, '2020-07-30 12:37:54'),
(27, 889, '2020-07-30 12:37:54'),
(27, 904, '2020-07-30 12:37:54'),
(27, 967, '2020-07-30 12:37:54'),
(27, 986, '2020-07-30 12:37:54'),
(27, 996, '2020-07-30 12:37:54'),
(28, 14, '2020-07-30 12:37:54'),
(28, 43, '2020-07-30 12:37:54'),
(28, 58, '2020-07-30 12:37:54'),
(28, 74, '2020-07-30 12:37:54'),
(28, 96, '2020-07-30 12:37:54'),
(28, 107, '2020-07-30 12:37:54'),
(28, 259, '2020-07-30 12:37:54'),
(28, 263, '2020-07-30 12:37:54'),
(28, 287, '2020-07-30 12:37:54'),
(28, 358, '2020-07-30 12:37:54'),
(28, 502, '2020-07-30 12:37:54'),
(28, 508, '2020-07-30 12:37:54'),
(28, 532, '2020-07-30 12:37:54'),
(28, 551, '2020-07-30 12:37:54'),
(28, 574, '2020-07-30 12:37:54'),
(28, 597, '2020-07-30 12:37:54'),
(28, 619, '2020-07-30 12:37:54'),
(28, 625, '2020-07-30 12:37:54'),
(28, 652, '2020-07-30 12:37:54'),
(28, 679, '2020-07-30 12:37:54'),
(28, 743, '2020-07-30 12:37:54'),
(28, 790, '2020-07-30 12:37:54'),
(28, 793, '2020-07-30 12:37:54'),
(28, 816, '2020-07-30 12:37:54'),
(28, 827, '2020-07-30 12:37:54'),
(28, 835, '2020-07-30 12:37:54'),
(28, 879, '2020-07-30 12:37:54'),
(28, 908, '2020-07-30 12:37:54'),
(28, 953, '2020-07-30 12:37:54'),
(28, 973, '2020-07-30 12:37:54'),
(28, 994, '2020-07-30 12:37:54'),
(29, 10, '2020-07-30 12:37:54'),
(29, 79, '2020-07-30 12:37:54'),
(29, 105, '2020-07-30 12:37:54'),
(29, 110, '2020-07-30 12:37:54'),
(29, 131, '2020-07-30 12:37:54'),
(29, 133, '2020-07-30 12:37:54'),
(29, 172, '2020-07-30 12:37:54'),
(29, 226, '2020-07-30 12:37:54'),
(29, 273, '2020-07-30 12:37:54'),
(29, 282, '2020-07-30 12:37:54'),
(29, 296, '2020-07-30 12:37:54'),
(29, 311, '2020-07-30 12:37:54'),
(29, 335, '2020-07-30 12:37:54'),
(29, 342, '2020-07-30 12:37:54'),
(29, 436, '2020-07-30 12:37:54'),
(29, 444, '2020-07-30 12:37:54'),
(29, 449, '2020-07-30 12:37:54'),
(29, 462, '2020-07-30 12:37:54'),
(29, 482, '2020-07-30 12:37:54'),
(29, 488, '2020-07-30 12:37:54'),
(29, 519, '2020-07-30 12:37:54'),
(29, 547, '2020-07-30 12:37:54'),
(29, 590, '2020-07-30 12:37:54'),
(29, 646, '2020-07-30 12:37:54'),
(29, 723, '2020-07-30 12:37:54'),
(29, 812, '2020-07-30 12:37:54'),
(29, 862, '2020-07-30 12:37:54'),
(29, 928, '2020-07-30 12:37:54'),
(29, 944, '2020-07-30 12:37:54'),
(30, 1, '2020-07-30 12:37:54'),
(30, 53, '2020-07-30 12:37:54'),
(30, 64, '2020-07-30 12:37:54'),
(30, 69, '2020-07-30 12:37:54'),
(30, 77, '2020-07-30 12:37:54'),
(30, 87, '2020-07-30 12:37:54'),
(30, 260, '2020-07-30 12:37:54'),
(30, 262, '2020-07-30 12:37:54'),
(30, 286, '2020-07-30 12:37:54'),
(30, 292, '2020-07-30 12:37:54'),
(30, 301, '2020-07-30 12:37:54'),
(30, 318, '2020-07-30 12:37:54'),
(30, 321, '2020-07-30 12:37:54'),
(30, 357, '2020-07-30 12:37:54'),
(30, 565, '2020-07-30 12:37:54'),
(30, 732, '2020-07-30 12:37:54'),
(30, 797, '2020-07-30 12:37:54'),
(30, 838, '2020-07-30 12:37:54'),
(30, 945, '2020-07-30 12:37:54'),
(31, 88, '2020-07-30 12:37:54'),
(31, 146, '2020-07-30 12:37:54'),
(31, 163, '2020-07-30 12:37:54'),
(31, 164, '2020-07-30 12:37:54'),
(31, 188, '2020-07-30 12:37:54'),
(31, 299, '2020-07-30 12:37:54'),
(31, 308, '2020-07-30 12:37:54'),
(31, 368, '2020-07-30 12:37:54'),
(31, 380, '2020-07-30 12:37:54'),
(31, 431, '2020-07-30 12:37:54'),
(31, 585, '2020-07-30 12:37:54'),
(31, 637, '2020-07-30 12:37:54'),
(31, 700, '2020-07-30 12:37:54'),
(31, 739, '2020-07-30 12:37:54'),
(31, 793, '2020-07-30 12:37:54'),
(31, 802, '2020-07-30 12:37:54'),
(31, 880, '2020-07-30 12:37:54'),
(31, 978, '2020-07-30 12:37:54'),
(32, 65, '2020-07-30 12:37:54'),
(32, 84, '2020-07-30 12:37:54'),
(32, 103, '2020-07-30 12:37:54'),
(32, 112, '2020-07-30 12:37:54'),
(32, 136, '2020-07-30 12:37:54'),
(32, 197, '2020-07-30 12:37:54'),
(32, 199, '2020-07-30 12:37:54'),
(32, 219, '2020-07-30 12:37:54'),
(32, 309, '2020-07-30 12:37:54'),
(32, 312, '2020-07-30 12:37:54'),
(32, 401, '2020-07-30 12:37:54'),
(32, 427, '2020-07-30 12:37:54'),
(32, 431, '2020-07-30 12:37:54'),
(32, 523, '2020-07-30 12:37:54'),
(32, 567, '2020-07-30 12:37:54'),
(32, 585, '2020-07-30 12:37:54'),
(32, 606, '2020-07-30 12:37:54'),
(32, 651, '2020-07-30 12:37:54'),
(32, 667, '2020-07-30 12:37:54'),
(32, 669, '2020-07-30 12:37:54'),
(32, 815, '2020-07-30 12:37:54'),
(32, 928, '2020-07-30 12:37:54'),
(32, 980, '2020-07-30 12:37:54'),
(33, 56, '2020-07-30 12:37:54'),
(33, 112, '2020-07-30 12:37:54'),
(33, 135, '2020-07-30 12:37:54'),
(33, 154, '2020-07-30 12:37:54'),
(33, 214, '2020-07-30 12:37:54'),
(33, 252, '2020-07-30 12:37:54'),
(33, 305, '2020-07-30 12:37:54'),
(33, 306, '2020-07-30 12:37:54'),
(33, 473, '2020-07-30 12:37:54'),
(33, 489, '2020-07-30 12:37:54'),
(33, 574, '2020-07-30 12:37:54'),
(33, 618, '2020-07-30 12:37:54'),
(33, 667, '2020-07-30 12:37:54'),
(33, 694, '2020-07-30 12:37:54'),
(33, 712, '2020-07-30 12:37:54'),
(33, 735, '2020-07-30 12:37:54'),
(33, 737, '2020-07-30 12:37:54'),
(33, 754, '2020-07-30 12:37:54'),
(33, 775, '2020-07-30 12:37:54'),
(33, 878, '2020-07-30 12:37:54'),
(33, 881, '2020-07-30 12:37:54'),
(33, 965, '2020-07-30 12:37:54'),
(33, 972, '2020-07-30 12:37:54'),
(33, 993, '2020-07-30 12:37:54'),
(34, 43, '2020-07-30 12:37:54'),
(34, 90, '2020-07-30 12:37:54'),
(34, 119, '2020-07-30 12:37:54'),
(34, 125, '2020-07-30 12:37:54'),
(34, 172, '2020-07-30 12:37:54'),
(34, 182, '2020-07-30 12:37:54'),
(34, 244, '2020-07-30 12:37:54'),
(34, 336, '2020-07-30 12:37:54'),
(34, 389, '2020-07-30 12:37:54'),
(34, 393, '2020-07-30 12:37:54'),
(34, 438, '2020-07-30 12:37:54'),
(34, 493, '2020-07-30 12:37:54'),
(34, 502, '2020-07-30 12:37:54'),
(34, 525, '2020-07-30 12:37:54'),
(34, 668, '2020-07-30 12:37:54'),
(34, 720, '2020-07-30 12:37:54'),
(34, 779, '2020-07-30 12:37:54'),
(34, 788, '2020-07-30 12:37:54'),
(34, 794, '2020-07-30 12:37:54'),
(34, 836, '2020-07-30 12:37:54'),
(34, 846, '2020-07-30 12:37:54'),
(34, 853, '2020-07-30 12:37:54'),
(34, 929, '2020-07-30 12:37:54'),
(34, 950, '2020-07-30 12:37:54'),
(34, 971, '2020-07-30 12:37:54'),
(35, 10, '2020-07-30 12:37:54'),
(35, 35, '2020-07-30 12:37:54'),
(35, 52, '2020-07-30 12:37:54'),
(35, 201, '2020-07-30 12:37:54'),
(35, 256, '2020-07-30 12:37:54'),
(35, 389, '2020-07-30 12:37:54'),
(35, 589, '2020-07-30 12:37:54'),
(35, 612, '2020-07-30 12:37:54'),
(35, 615, '2020-07-30 12:37:54'),
(35, 707, '2020-07-30 12:37:54'),
(35, 732, '2020-07-30 12:37:54'),
(35, 738, '2020-07-30 12:37:54'),
(35, 748, '2020-07-30 12:37:54'),
(35, 817, '2020-07-30 12:37:54'),
(35, 914, '2020-07-30 12:37:54'),
(36, 15, '2020-07-30 12:37:54'),
(36, 81, '2020-07-30 12:37:54'),
(36, 171, '2020-07-30 12:37:54'),
(36, 231, '2020-07-30 12:37:54'),
(36, 245, '2020-07-30 12:37:54'),
(36, 283, '2020-07-30 12:37:54'),
(36, 380, '2020-07-30 12:37:54'),
(36, 381, '2020-07-30 12:37:54'),
(36, 387, '2020-07-30 12:37:54'),
(36, 390, '2020-07-30 12:37:54'),
(36, 410, '2020-07-30 12:37:54'),
(36, 426, '2020-07-30 12:37:54'),
(36, 427, '2020-07-30 12:37:54'),
(36, 453, '2020-07-30 12:37:54'),
(36, 466, '2020-07-30 12:37:54'),
(36, 484, '2020-07-30 12:37:54'),
(36, 493, '2020-07-30 12:37:54'),
(36, 499, '2020-07-30 12:37:54'),
(36, 569, '2020-07-30 12:37:54'),
(36, 590, '2020-07-30 12:37:54'),
(36, 600, '2020-07-30 12:37:54'),
(36, 714, '2020-07-30 12:37:54'),
(36, 715, '2020-07-30 12:37:54'),
(36, 716, '2020-07-30 12:37:54'),
(36, 731, '2020-07-30 12:37:54'),
(36, 875, '2020-07-30 12:37:54'),
(36, 915, '2020-07-30 12:37:54'),
(36, 931, '2020-07-30 12:37:54'),
(36, 956, '2020-07-30 12:37:54'),
(37, 10, '2020-07-30 12:37:54'),
(37, 12, '2020-07-30 12:37:54'),
(37, 19, '2020-07-30 12:37:54'),
(37, 118, '2020-07-30 12:37:54'),
(37, 119, '2020-07-30 12:37:54'),
(37, 122, '2020-07-30 12:37:54'),
(37, 146, '2020-07-30 12:37:54'),
(37, 204, '2020-07-30 12:37:54'),
(37, 253, '2020-07-30 12:37:54'),
(37, 260, '2020-07-30 12:37:54'),
(37, 277, '2020-07-30 12:37:54'),
(37, 317, '2020-07-30 12:37:54'),
(37, 467, '2020-07-30 12:37:54'),
(37, 477, '2020-07-30 12:37:54'),
(37, 485, '2020-07-30 12:37:54'),
(37, 508, '2020-07-30 12:37:54'),
(37, 529, '2020-07-30 12:37:54'),
(37, 553, '2020-07-30 12:37:54'),
(37, 555, '2020-07-30 12:37:54'),
(37, 572, '2020-07-30 12:37:54'),
(37, 588, '2020-07-30 12:37:54'),
(37, 662, '2020-07-30 12:37:54'),
(37, 663, '2020-07-30 12:37:54'),
(37, 694, '2020-07-30 12:37:54'),
(37, 697, '2020-07-30 12:37:54'),
(37, 785, '2020-07-30 12:37:54'),
(37, 839, '2020-07-30 12:37:54'),
(37, 840, '2020-07-30 12:37:54'),
(37, 853, '2020-07-30 12:37:54'),
(37, 900, '2020-07-30 12:37:54'),
(37, 925, '2020-07-30 12:37:54'),
(37, 963, '2020-07-30 12:37:54'),
(37, 966, '2020-07-30 12:37:54'),
(37, 989, '2020-07-30 12:37:54'),
(37, 997, '2020-07-30 12:37:54'),
(38, 24, '2020-07-30 12:37:54'),
(38, 111, '2020-07-30 12:37:54'),
(38, 160, '2020-07-30 12:37:54'),
(38, 176, '2020-07-30 12:37:54'),
(38, 223, '2020-07-30 12:37:54'),
(38, 241, '2020-07-30 12:37:54'),
(38, 274, '2020-07-30 12:37:54'),
(38, 335, '2020-07-30 12:37:54'),
(38, 338, '2020-07-30 12:37:54'),
(38, 353, '2020-07-30 12:37:54'),
(38, 448, '2020-07-30 12:37:54'),
(38, 450, '2020-07-30 12:37:54'),
(38, 458, '2020-07-30 12:37:54'),
(38, 501, '2020-07-30 12:37:54'),
(38, 516, '2020-07-30 12:37:54'),
(38, 547, '2020-07-30 12:37:54'),
(38, 583, '2020-07-30 12:37:54'),
(38, 618, '2020-07-30 12:37:54'),
(38, 619, '2020-07-30 12:37:54'),
(38, 705, '2020-07-30 12:37:54'),
(38, 793, '2020-07-30 12:37:54'),
(38, 827, '2020-07-30 12:37:54'),
(38, 839, '2020-07-30 12:37:54'),
(38, 853, '2020-07-30 12:37:54'),
(38, 876, '2020-07-30 12:37:54'),
(39, 71, '2020-07-30 12:37:54'),
(39, 73, '2020-07-30 12:37:54'),
(39, 168, '2020-07-30 12:37:54'),
(39, 203, '2020-07-30 12:37:54'),
(39, 222, '2020-07-30 12:37:54'),
(39, 290, '2020-07-30 12:37:54'),
(39, 293, '2020-07-30 12:37:54'),
(39, 320, '2020-07-30 12:37:54'),
(39, 415, '2020-07-30 12:37:54'),
(39, 425, '2020-07-30 12:37:54'),
(39, 431, '2020-07-30 12:37:54'),
(39, 456, '2020-07-30 12:37:54'),
(39, 476, '2020-07-30 12:37:54'),
(39, 559, '2020-07-30 12:37:54'),
(39, 587, '2020-07-30 12:37:54'),
(39, 598, '2020-07-30 12:37:54'),
(39, 606, '2020-07-30 12:37:54'),
(39, 648, '2020-07-30 12:37:54'),
(39, 683, '2020-07-30 12:37:54'),
(39, 689, '2020-07-30 12:37:54'),
(39, 696, '2020-07-30 12:37:54'),
(39, 700, '2020-07-30 12:37:54'),
(39, 703, '2020-07-30 12:37:54'),
(39, 736, '2020-07-30 12:37:54'),
(39, 772, '2020-07-30 12:37:54'),
(39, 815, '2020-07-30 12:37:54'),
(39, 831, '2020-07-30 12:37:54'),
(39, 920, '2020-07-30 12:37:54'),
(40, 1, '2020-07-30 12:37:54'),
(40, 11, '2020-07-30 12:37:54'),
(40, 34, '2020-07-30 12:37:54'),
(40, 107, '2020-07-30 12:37:54'),
(40, 128, '2020-07-30 12:37:54'),
(40, 163, '2020-07-30 12:37:54'),
(40, 177, '2020-07-30 12:37:54'),
(40, 223, '2020-07-30 12:37:54'),
(40, 233, '2020-07-30 12:37:54'),
(40, 326, '2020-07-30 12:37:54'),
(40, 374, '2020-07-30 12:37:54'),
(40, 394, '2020-07-30 12:37:54'),
(40, 396, '2020-07-30 12:37:54'),
(40, 463, '2020-07-30 12:37:54'),
(40, 466, '2020-07-30 12:37:54'),
(40, 494, '2020-07-30 12:37:54'),
(40, 521, '2020-07-30 12:37:54'),
(40, 723, '2020-07-30 12:37:54'),
(40, 737, '2020-07-30 12:37:54'),
(40, 744, '2020-07-30 12:37:54'),
(40, 747, '2020-07-30 12:37:54'),
(40, 754, '2020-07-30 12:37:54'),
(40, 799, '2020-07-30 12:37:54'),
(40, 835, '2020-07-30 12:37:54'),
(40, 868, '2020-07-30 12:37:54'),
(40, 869, '2020-07-30 12:37:54'),
(40, 887, '2020-07-30 12:37:54'),
(40, 933, '2020-07-30 12:37:54'),
(40, 938, '2020-07-30 12:37:54'),
(41, 4, '2020-07-30 12:37:54'),
(41, 60, '2020-07-30 12:37:54'),
(41, 69, '2020-07-30 12:37:54'),
(41, 86, '2020-07-30 12:37:54'),
(41, 100, '2020-07-30 12:37:54'),
(41, 150, '2020-07-30 12:37:54'),
(41, 159, '2020-07-30 12:37:54'),
(41, 194, '2020-07-30 12:37:54'),
(41, 203, '2020-07-30 12:37:54'),
(41, 212, '2020-07-30 12:37:54'),
(41, 230, '2020-07-30 12:37:54'),
(41, 249, '2020-07-30 12:37:54'),
(41, 252, '2020-07-30 12:37:54'),
(41, 305, '2020-07-30 12:37:54'),
(41, 336, '2020-07-30 12:37:54'),
(41, 383, '2020-07-30 12:37:54'),
(41, 544, '2020-07-30 12:37:54'),
(41, 596, '2020-07-30 12:37:54'),
(41, 657, '2020-07-30 12:37:54'),
(41, 674, '2020-07-30 12:37:54'),
(41, 678, '2020-07-30 12:37:54'),
(41, 721, '2020-07-30 12:37:54'),
(41, 724, '2020-07-30 12:37:54'),
(41, 779, '2020-07-30 12:37:54'),
(41, 784, '2020-07-30 12:37:54'),
(41, 799, '2020-07-30 12:37:54'),
(41, 894, '2020-07-30 12:37:54'),
(41, 912, '2020-07-30 12:37:54'),
(41, 942, '2020-07-30 12:37:54'),
(42, 24, '2020-07-30 12:37:54'),
(42, 139, '2020-07-30 12:37:54'),
(42, 309, '2020-07-30 12:37:54'),
(42, 320, '2020-07-30 12:37:54'),
(42, 333, '2020-07-30 12:37:54'),
(42, 500, '2020-07-30 12:37:54'),
(42, 502, '2020-07-30 12:37:54'),
(42, 505, '2020-07-30 12:37:54'),
(42, 527, '2020-07-30 12:37:54'),
(42, 535, '2020-07-30 12:37:54'),
(42, 546, '2020-07-30 12:37:54'),
(42, 568, '2020-07-30 12:37:54'),
(42, 648, '2020-07-30 12:37:54'),
(42, 665, '2020-07-30 12:37:54'),
(42, 673, '2020-07-30 12:37:54'),
(42, 687, '2020-07-30 12:37:54'),
(42, 713, '2020-07-30 12:37:54'),
(42, 738, '2020-07-30 12:37:54'),
(42, 798, '2020-07-30 12:37:54'),
(42, 861, '2020-07-30 12:37:54'),
(42, 865, '2020-07-30 12:37:54'),
(42, 867, '2020-07-30 12:37:54'),
(42, 876, '2020-07-30 12:37:54'),
(42, 890, '2020-07-30 12:37:54'),
(42, 907, '2020-07-30 12:37:54'),
(42, 922, '2020-07-30 12:37:54'),
(42, 932, '2020-07-30 12:37:54'),
(43, 19, '2020-07-30 12:37:54'),
(43, 42, '2020-07-30 12:37:54'),
(43, 56, '2020-07-30 12:37:54'),
(43, 89, '2020-07-30 12:37:54'),
(43, 105, '2020-07-30 12:37:54'),
(43, 147, '2020-07-30 12:37:54'),
(43, 161, '2020-07-30 12:37:54'),
(43, 180, '2020-07-30 12:37:54'),
(43, 239, '2020-07-30 12:37:54'),
(43, 276, '2020-07-30 12:37:54'),
(43, 330, '2020-07-30 12:37:54'),
(43, 344, '2020-07-30 12:37:54'),
(43, 359, '2020-07-30 12:37:54'),
(43, 377, '2020-07-30 12:37:54'),
(43, 410, '2020-07-30 12:37:54'),
(43, 462, '2020-07-30 12:37:54'),
(43, 533, '2020-07-30 12:37:54'),
(43, 598, '2020-07-30 12:37:54'),
(43, 605, '2020-07-30 12:37:54'),
(43, 608, '2020-07-30 12:37:54'),
(43, 621, '2020-07-30 12:37:54'),
(43, 753, '2020-07-30 12:37:54'),
(43, 827, '2020-07-30 12:37:54'),
(43, 833, '2020-07-30 12:37:54'),
(43, 917, '2020-07-30 12:37:54'),
(43, 958, '2020-07-30 12:37:54'),
(44, 58, '2020-07-30 12:37:54'),
(44, 84, '2020-07-30 12:37:54'),
(44, 88, '2020-07-30 12:37:54'),
(44, 94, '2020-07-30 12:37:54'),
(44, 109, '2020-07-30 12:37:54'),
(44, 176, '2020-07-30 12:37:54'),
(44, 242, '2020-07-30 12:37:54'),
(44, 273, '2020-07-30 12:37:54'),
(44, 322, '2020-07-30 12:37:54'),
(44, 420, '2020-07-30 12:37:54'),
(44, 434, '2020-07-30 12:37:54'),
(44, 490, '2020-07-30 12:37:54'),
(44, 591, '2020-07-30 12:37:54'),
(44, 598, '2020-07-30 12:37:54'),
(44, 604, '2020-07-30 12:37:54'),
(44, 699, '2020-07-30 12:37:54'),
(44, 751, '2020-07-30 12:37:54'),
(44, 784, '2020-07-30 12:37:54'),
(44, 825, '2020-07-30 12:37:54'),
(44, 854, '2020-07-30 12:37:54'),
(44, 875, '2020-07-30 12:37:54'),
(44, 878, '2020-07-30 12:37:54'),
(44, 883, '2020-07-30 12:37:54'),
(44, 896, '2020-07-30 12:37:54'),
(44, 902, '2020-07-30 12:37:54'),
(44, 937, '2020-07-30 12:37:54'),
(44, 944, '2020-07-30 12:37:54'),
(44, 952, '2020-07-30 12:37:54'),
(44, 982, '2020-07-30 12:37:54'),
(44, 998, '2020-07-30 12:37:54'),
(45, 18, '2020-07-30 12:37:54'),
(45, 65, '2020-07-30 12:37:54'),
(45, 66, '2020-07-30 12:37:54'),
(45, 115, '2020-07-30 12:37:54'),
(45, 117, '2020-07-30 12:37:54'),
(45, 164, '2020-07-30 12:37:54'),
(45, 187, '2020-07-30 12:37:54'),
(45, 198, '2020-07-30 12:37:54'),
(45, 219, '2020-07-30 12:37:54'),
(45, 330, '2020-07-30 12:37:54'),
(45, 407, '2020-07-30 12:37:54'),
(45, 416, '2020-07-30 12:37:54'),
(45, 463, '2020-07-30 12:37:54'),
(45, 467, '2020-07-30 12:37:54'),
(45, 484, '2020-07-30 12:37:54'),
(45, 502, '2020-07-30 12:37:54'),
(45, 503, '2020-07-30 12:37:54'),
(45, 508, '2020-07-30 12:37:54'),
(45, 537, '2020-07-30 12:37:54'),
(45, 680, '2020-07-30 12:37:54'),
(45, 714, '2020-07-30 12:37:54'),
(45, 767, '2020-07-30 12:37:54'),
(45, 778, '2020-07-30 12:37:54'),
(45, 797, '2020-07-30 12:37:54'),
(45, 810, '2020-07-30 12:37:54'),
(45, 895, '2020-07-30 12:37:54'),
(45, 900, '2020-07-30 12:37:54'),
(45, 901, '2020-07-30 12:37:54'),
(45, 920, '2020-07-30 12:37:54'),
(45, 925, '2020-07-30 12:37:54'),
(45, 975, '2020-07-30 12:37:54'),
(45, 978, '2020-07-30 12:37:54'),
(46, 38, '2020-07-30 12:37:54'),
(46, 51, '2020-07-30 12:37:54'),
(46, 174, '2020-07-30 12:37:54'),
(46, 254, '2020-07-30 12:37:54'),
(46, 296, '2020-07-30 12:37:54'),
(46, 319, '2020-07-30 12:37:54'),
(46, 407, '2020-07-30 12:37:54'),
(46, 448, '2020-07-30 12:37:54'),
(46, 456, '2020-07-30 12:37:54'),
(46, 463, '2020-07-30 12:37:54'),
(46, 478, '2020-07-30 12:37:54'),
(46, 538, '2020-07-30 12:37:54'),
(46, 540, '2020-07-30 12:37:54'),
(46, 567, '2020-07-30 12:37:54'),
(46, 731, '2020-07-30 12:37:54'),
(46, 766, '2020-07-30 12:37:54'),
(46, 768, '2020-07-30 12:37:54'),
(46, 820, '2020-07-30 12:37:54'),
(46, 829, '2020-07-30 12:37:54'),
(46, 830, '2020-07-30 12:37:54'),
(46, 836, '2020-07-30 12:37:54'),
(46, 889, '2020-07-30 12:37:54'),
(46, 980, '2020-07-30 12:37:54'),
(46, 991, '2020-07-30 12:37:54'),
(47, 25, '2020-07-30 12:37:54'),
(47, 36, '2020-07-30 12:37:54'),
(47, 53, '2020-07-30 12:37:54'),
(47, 67, '2020-07-30 12:37:54'),
(47, 172, '2020-07-30 12:37:54'),
(47, 233, '2020-07-30 12:37:54'),
(47, 273, '2020-07-30 12:37:54'),
(47, 351, '2020-07-30 12:37:54'),
(47, 385, '2020-07-30 12:37:54'),
(47, 484, '2020-07-30 12:37:54'),
(47, 508, '2020-07-30 12:37:54'),
(47, 576, '2020-07-30 12:37:54'),
(47, 670, '2020-07-30 12:37:54'),
(47, 734, '2020-07-30 12:37:54'),
(47, 737, '2020-07-30 12:37:54'),
(47, 770, '2020-07-30 12:37:54'),
(47, 777, '2020-07-30 12:37:54'),
(47, 787, '2020-07-30 12:37:54'),
(47, 790, '2020-07-30 12:37:54'),
(47, 913, '2020-07-30 12:37:54'),
(47, 923, '2020-07-30 12:37:54'),
(47, 924, '2020-07-30 12:37:54'),
(47, 944, '2020-07-30 12:37:54'),
(47, 973, '2020-07-30 12:37:54'),
(48, 99, '2020-07-30 12:37:54'),
(48, 101, '2020-07-30 12:37:54'),
(48, 134, '2020-07-30 12:37:54'),
(48, 150, '2020-07-30 12:37:54'),
(48, 164, '2020-07-30 12:37:54'),
(48, 211, '2020-07-30 12:37:54'),
(48, 245, '2020-07-30 12:37:54'),
(48, 267, '2020-07-30 12:37:54'),
(48, 287, '2020-07-30 12:37:54'),
(48, 295, '2020-07-30 12:37:54'),
(48, 312, '2020-07-30 12:37:54'),
(48, 315, '2020-07-30 12:37:54'),
(48, 345, '2020-07-30 12:37:54'),
(48, 349, '2020-07-30 12:37:54'),
(48, 428, '2020-07-30 12:37:54'),
(48, 506, '2020-07-30 12:37:54'),
(48, 545, '2020-07-30 12:37:54'),
(48, 559, '2020-07-30 12:37:54'),
(48, 570, '2020-07-30 12:37:54'),
(48, 599, '2020-07-30 12:37:54'),
(48, 645, '2020-07-30 12:37:54'),
(48, 705, '2020-07-30 12:37:54'),
(48, 757, '2020-07-30 12:37:54'),
(48, 792, '2020-07-30 12:37:54'),
(48, 922, '2020-07-30 12:37:54'),
(48, 926, '2020-07-30 12:37:54'),
(49, 31, '2020-07-30 12:37:54'),
(49, 151, '2020-07-30 12:37:54'),
(49, 195, '2020-07-30 12:37:54'),
(49, 207, '2020-07-30 12:37:54'),
(49, 250, '2020-07-30 12:37:54'),
(49, 282, '2020-07-30 12:37:54'),
(49, 348, '2020-07-30 12:37:54'),
(49, 391, '2020-07-30 12:37:54'),
(49, 400, '2020-07-30 12:37:54'),
(49, 407, '2020-07-30 12:37:54'),
(49, 423, '2020-07-30 12:37:54'),
(49, 433, '2020-07-30 12:37:54'),
(49, 469, '2020-07-30 12:37:54'),
(49, 506, '2020-07-30 12:37:54'),
(49, 542, '2020-07-30 12:37:54'),
(49, 558, '2020-07-30 12:37:54'),
(49, 579, '2020-07-30 12:37:54'),
(49, 595, '2020-07-30 12:37:54'),
(49, 662, '2020-07-30 12:37:54'),
(49, 709, '2020-07-30 12:37:54'),
(49, 716, '2020-07-30 12:37:54'),
(49, 725, '2020-07-30 12:37:54'),
(49, 729, '2020-07-30 12:37:54'),
(49, 811, '2020-07-30 12:37:54'),
(49, 927, '2020-07-30 12:37:54'),
(49, 977, '2020-07-30 12:37:54'),
(49, 980, '2020-07-30 12:37:54'),
(50, 111, '2020-07-30 12:37:54'),
(50, 178, '2020-07-30 12:37:54'),
(50, 243, '2020-07-30 12:37:54'),
(50, 248, '2020-07-30 12:37:54'),
(50, 274, '2020-07-30 12:37:54'),
(50, 288, '2020-07-30 12:37:54'),
(50, 303, '2020-07-30 12:37:54'),
(50, 306, '2020-07-30 12:37:54'),
(50, 327, '2020-07-30 12:37:54'),
(50, 372, '2020-07-30 12:37:54'),
(50, 401, '2020-07-30 12:37:54'),
(50, 417, '2020-07-30 12:37:54'),
(50, 420, '2020-07-30 12:37:54'),
(50, 437, '2020-07-30 12:37:54'),
(50, 476, '2020-07-30 12:37:54'),
(50, 504, '2020-07-30 12:37:54'),
(50, 520, '2020-07-30 12:37:54'),
(50, 552, '2020-07-30 12:37:54'),
(50, 591, '2020-07-30 12:37:54'),
(50, 621, '2020-07-30 12:37:54'),
(50, 632, '2020-07-30 12:37:54'),
(50, 645, '2020-07-30 12:37:54'),
(50, 672, '2020-07-30 12:37:54'),
(50, 717, '2020-07-30 12:37:54'),
(50, 732, '2020-07-30 12:37:54'),
(50, 795, '2020-07-30 12:37:54'),
(50, 829, '2020-07-30 12:37:54'),
(50, 840, '2020-07-30 12:37:54'),
(50, 897, '2020-07-30 12:37:54'),
(50, 918, '2020-07-30 12:37:54'),
(50, 924, '2020-07-30 12:37:54'),
(50, 957, '2020-07-30 12:37:54'),
(51, 5, '2020-07-30 12:37:54'),
(51, 63, '2020-07-30 12:37:54'),
(51, 103, '2020-07-30 12:37:54'),
(51, 112, '2020-07-30 12:37:54'),
(51, 121, '2020-07-30 12:37:54'),
(51, 153, '2020-07-30 12:37:54'),
(51, 395, '2020-07-30 12:37:54'),
(51, 408, '2020-07-30 12:37:54'),
(51, 420, '2020-07-30 12:37:54'),
(51, 461, '2020-07-30 12:37:54'),
(51, 490, '2020-07-30 12:37:54'),
(51, 525, '2020-07-30 12:37:54'),
(51, 627, '2020-07-30 12:37:54'),
(51, 678, '2020-07-30 12:37:54'),
(51, 733, '2020-07-30 12:37:54'),
(51, 734, '2020-07-30 12:37:54'),
(51, 737, '2020-07-30 12:37:54'),
(51, 750, '2020-07-30 12:37:54'),
(51, 847, '2020-07-30 12:37:54'),
(51, 891, '2020-07-30 12:37:54'),
(51, 895, '2020-07-30 12:37:54'),
(51, 940, '2020-07-30 12:37:54'),
(51, 974, '2020-07-30 12:37:54'),
(51, 990, '2020-07-30 12:37:54'),
(51, 993, '2020-07-30 12:37:54'),
(52, 20, '2020-07-30 12:37:54'),
(52, 92, '2020-07-30 12:37:54'),
(52, 96, '2020-07-30 12:37:54'),
(52, 108, '2020-07-30 12:37:54'),
(52, 203, '2020-07-30 12:37:54'),
(52, 249, '2020-07-30 12:37:54'),
(52, 341, '2020-07-30 12:37:54'),
(52, 376, '2020-07-30 12:37:54'),
(52, 388, '2020-07-30 12:37:54'),
(52, 407, '2020-07-30 12:37:54'),
(52, 424, '2020-07-30 12:37:54'),
(52, 474, '2020-07-30 12:37:54'),
(52, 515, '2020-07-30 12:37:54'),
(52, 517, '2020-07-30 12:37:54'),
(52, 584, '2020-07-30 12:37:54'),
(52, 596, '2020-07-30 12:37:54'),
(52, 664, '2020-07-30 12:37:54'),
(52, 675, '2020-07-30 12:37:54'),
(52, 689, '2020-07-30 12:37:54'),
(52, 714, '2020-07-30 12:37:54'),
(52, 812, '2020-07-30 12:37:54'),
(52, 878, '2020-07-30 12:37:54'),
(52, 879, '2020-07-30 12:37:54'),
(52, 915, '2020-07-30 12:37:54'),
(52, 951, '2020-07-30 12:37:54'),
(52, 999, '2020-07-30 12:37:54'),
(53, 1, '2020-07-30 12:37:54'),
(53, 9, '2020-07-30 12:37:54'),
(53, 51, '2020-07-30 12:37:54'),
(53, 58, '2020-07-30 12:37:54'),
(53, 109, '2020-07-30 12:37:54'),
(53, 122, '2020-07-30 12:37:54'),
(53, 126, '2020-07-30 12:37:54'),
(53, 181, '2020-07-30 12:37:54'),
(53, 256, '2020-07-30 12:37:54'),
(53, 268, '2020-07-30 12:37:54'),
(53, 285, '2020-07-30 12:37:54'),
(53, 307, '2020-07-30 12:37:54'),
(53, 358, '2020-07-30 12:37:54'),
(53, 386, '2020-07-30 12:37:54'),
(53, 447, '2020-07-30 12:37:54'),
(53, 465, '2020-07-30 12:37:54'),
(53, 490, '2020-07-30 12:37:54'),
(53, 492, '2020-07-30 12:37:54'),
(53, 508, '2020-07-30 12:37:54'),
(53, 518, '2020-07-30 12:37:54'),
(53, 573, '2020-07-30 12:37:54'),
(53, 576, '2020-07-30 12:37:54'),
(53, 577, '2020-07-30 12:37:54'),
(53, 697, '2020-07-30 12:37:54'),
(53, 725, '2020-07-30 12:37:54'),
(53, 727, '2020-07-30 12:37:54'),
(53, 937, '2020-07-30 12:37:54'),
(53, 947, '2020-07-30 12:37:54'),
(53, 961, '2020-07-30 12:37:54'),
(53, 980, '2020-07-30 12:37:54'),
(54, 84, '2020-07-30 12:37:54'),
(54, 129, '2020-07-30 12:37:54'),
(54, 150, '2020-07-30 12:37:54'),
(54, 184, '2020-07-30 12:37:54'),
(54, 285, '2020-07-30 12:37:54'),
(54, 292, '2020-07-30 12:37:54'),
(54, 301, '2020-07-30 12:37:54'),
(54, 348, '2020-07-30 12:37:54'),
(54, 489, '2020-07-30 12:37:54'),
(54, 510, '2020-07-30 12:37:54'),
(54, 524, '2020-07-30 12:37:54'),
(54, 546, '2020-07-30 12:37:54'),
(54, 600, '2020-07-30 12:37:54'),
(54, 636, '2020-07-30 12:37:54'),
(54, 649, '2020-07-30 12:37:54'),
(54, 658, '2020-07-30 12:37:54'),
(54, 754, '2020-07-30 12:37:54'),
(54, 764, '2020-07-30 12:37:54'),
(54, 842, '2020-07-30 12:37:54'),
(54, 858, '2020-07-30 12:37:54'),
(54, 861, '2020-07-30 12:37:54'),
(54, 913, '2020-07-30 12:37:54'),
(54, 970, '2020-07-30 12:37:54'),
(54, 988, '2020-07-30 12:37:54'),
(54, 990, '2020-07-30 12:37:54'),
(55, 8, '2020-07-30 12:37:54'),
(55, 27, '2020-07-30 12:37:54'),
(55, 75, '2020-07-30 12:37:54'),
(55, 197, '2020-07-30 12:37:54'),
(55, 307, '2020-07-30 12:37:54'),
(55, 320, '2020-07-30 12:37:54'),
(55, 340, '2020-07-30 12:37:54'),
(55, 403, '2020-07-30 12:37:54'),
(55, 485, '2020-07-30 12:37:54'),
(55, 486, '2020-07-30 12:37:54'),
(55, 603, '2020-07-30 12:37:54'),
(55, 612, '2020-07-30 12:37:54'),
(55, 620, '2020-07-30 12:37:54'),
(55, 709, '2020-07-30 12:37:54'),
(55, 776, '2020-07-30 12:37:54'),
(55, 790, '2020-07-30 12:37:54'),
(55, 815, '2020-07-30 12:37:54'),
(55, 827, '2020-07-30 12:37:54'),
(55, 930, '2020-07-30 12:37:54'),
(55, 963, '2020-07-30 12:37:54'),
(56, 63, '2020-07-30 12:37:54'),
(56, 87, '2020-07-30 12:37:54'),
(56, 226, '2020-07-30 12:37:54'),
(56, 236, '2020-07-30 12:37:54'),
(56, 298, '2020-07-30 12:37:54'),
(56, 307, '2020-07-30 12:37:54'),
(56, 354, '2020-07-30 12:37:54'),
(56, 383, '2020-07-30 12:37:54'),
(56, 417, '2020-07-30 12:37:54'),
(56, 421, '2020-07-30 12:37:54'),
(56, 457, '2020-07-30 12:37:54'),
(56, 462, '2020-07-30 12:37:54'),
(56, 474, '2020-07-30 12:37:54'),
(56, 521, '2020-07-30 12:37:54'),
(56, 593, '2020-07-30 12:37:54'),
(56, 728, '2020-07-30 12:37:54'),
(56, 750, '2020-07-30 12:37:54'),
(56, 769, '2020-07-30 12:37:54'),
(56, 781, '2020-07-30 12:37:54'),
(56, 795, '2020-07-30 12:37:54'),
(56, 844, '2020-07-30 12:37:54'),
(56, 851, '2020-07-30 12:37:54'),
(56, 862, '2020-07-30 12:37:54'),
(56, 868, '2020-07-30 12:37:54'),
(56, 892, '2020-07-30 12:37:54'),
(56, 893, '2020-07-30 12:37:54'),
(56, 936, '2020-07-30 12:37:54'),
(56, 965, '2020-07-30 12:37:54'),
(57, 16, '2020-07-30 12:37:54'),
(57, 34, '2020-07-30 12:37:54'),
(57, 101, '2020-07-30 12:37:54'),
(57, 114, '2020-07-30 12:37:54'),
(57, 122, '2020-07-30 12:37:54'),
(57, 134, '2020-07-30 12:37:54'),
(57, 144, '2020-07-30 12:37:54'),
(57, 153, '2020-07-30 12:37:54'),
(57, 192, '2020-07-30 12:37:54'),
(57, 213, '2020-07-30 12:37:54'),
(57, 258, '2020-07-30 12:37:54'),
(57, 267, '2020-07-30 12:37:54'),
(57, 317, '2020-07-30 12:37:54'),
(57, 340, '2020-07-30 12:37:54'),
(57, 393, '2020-07-30 12:37:54'),
(57, 437, '2020-07-30 12:37:54'),
(57, 447, '2020-07-30 12:37:54'),
(57, 502, '2020-07-30 12:37:54'),
(57, 592, '2020-07-30 12:37:54'),
(57, 605, '2020-07-30 12:37:54'),
(57, 637, '2020-07-30 12:37:54'),
(57, 685, '2020-07-30 12:37:54'),
(57, 707, '2020-07-30 12:37:54'),
(57, 714, '2020-07-30 12:37:54'),
(57, 717, '2020-07-30 12:37:54'),
(57, 737, '2020-07-30 12:37:54'),
(57, 767, '2020-07-30 12:37:54'),
(57, 852, '2020-07-30 12:37:54'),
(57, 891, '2020-07-30 12:37:54'),
(57, 918, '2020-07-30 12:37:54'),
(58, 48, '2020-07-30 12:37:54'),
(58, 68, '2020-07-30 12:37:54'),
(58, 119, '2020-07-30 12:37:54'),
(58, 128, '2020-07-30 12:37:54'),
(58, 135, '2020-07-30 12:37:54'),
(58, 175, '2020-07-30 12:37:54'),
(58, 199, '2020-07-30 12:37:54'),
(58, 235, '2020-07-30 12:37:54'),
(58, 242, '2020-07-30 12:37:54'),
(58, 243, '2020-07-30 12:37:54'),
(58, 254, '2020-07-30 12:37:54'),
(58, 306, '2020-07-30 12:37:54'),
(58, 316, '2020-07-30 12:37:54'),
(58, 417, '2020-07-30 12:37:54'),
(58, 426, '2020-07-30 12:37:54'),
(58, 460, '2020-07-30 12:37:54'),
(58, 477, '2020-07-30 12:37:54'),
(58, 541, '2020-07-30 12:37:54'),
(58, 549, '2020-07-30 12:37:54'),
(58, 551, '2020-07-30 12:37:54'),
(58, 553, '2020-07-30 12:37:54'),
(58, 578, '2020-07-30 12:37:54'),
(58, 602, '2020-07-30 12:37:54'),
(58, 632, '2020-07-30 12:37:54'),
(58, 635, '2020-07-30 12:37:54'),
(58, 638, '2020-07-30 12:37:54'),
(58, 698, '2020-07-30 12:37:54'),
(58, 726, '2020-07-30 12:37:54'),
(58, 755, '2020-07-30 12:37:54'),
(58, 800, '2020-07-30 12:37:54'),
(58, 856, '2020-07-30 12:37:54'),
(58, 858, '2020-07-30 12:37:54'),
(59, 5, '2020-07-30 12:37:54'),
(59, 46, '2020-07-30 12:37:54'),
(59, 54, '2020-07-30 12:37:54'),
(59, 72, '2020-07-30 12:37:54'),
(59, 88, '2020-07-30 12:37:54'),
(59, 121, '2020-07-30 12:37:54'),
(59, 129, '2020-07-30 12:37:54'),
(59, 130, '2020-07-30 12:37:54'),
(59, 183, '2020-07-30 12:37:54'),
(59, 210, '2020-07-30 12:37:54'),
(59, 241, '2020-07-30 12:37:54'),
(59, 295, '2020-07-30 12:37:54'),
(59, 418, '2020-07-30 12:37:54'),
(59, 572, '2020-07-30 12:37:54'),
(59, 644, '2020-07-30 12:37:54'),
(59, 650, '2020-07-30 12:37:54'),
(59, 689, '2020-07-30 12:37:54'),
(59, 694, '2020-07-30 12:37:54'),
(59, 702, '2020-07-30 12:37:54'),
(59, 713, '2020-07-30 12:37:54'),
(59, 749, '2020-07-30 12:37:54'),
(59, 772, '2020-07-30 12:37:54'),
(59, 853, '2020-07-30 12:37:54'),
(59, 862, '2020-07-30 12:37:54'),
(59, 943, '2020-07-30 12:37:54'),
(59, 946, '2020-07-30 12:37:54'),
(59, 984, '2020-07-30 12:37:54'),
(60, 31, '2020-07-30 12:37:54'),
(60, 85, '2020-07-30 12:37:54');
INSERT INTO `film_actor` (`actor_id`, `film_id`, `last_update`) VALUES
(60, 133, '2020-07-30 12:37:54'),
(60, 142, '2020-07-30 12:37:54'),
(60, 177, '2020-07-30 12:37:54'),
(60, 179, '2020-07-30 12:37:54'),
(60, 186, '2020-07-30 12:37:54'),
(60, 222, '2020-07-30 12:37:54'),
(60, 235, '2020-07-30 12:37:54'),
(60, 239, '2020-07-30 12:37:54'),
(60, 253, '2020-07-30 12:37:54'),
(60, 262, '2020-07-30 12:37:54'),
(60, 297, '2020-07-30 12:37:54'),
(60, 299, '2020-07-30 12:37:54'),
(60, 334, '2020-07-30 12:37:54'),
(60, 376, '2020-07-30 12:37:54'),
(60, 423, '2020-07-30 12:37:54'),
(60, 436, '2020-07-30 12:37:54'),
(60, 493, '2020-07-30 12:37:54'),
(60, 534, '2020-07-30 12:37:54'),
(60, 551, '2020-07-30 12:37:54'),
(60, 658, '2020-07-30 12:37:54'),
(60, 665, '2020-07-30 12:37:54'),
(60, 679, '2020-07-30 12:37:54'),
(60, 754, '2020-07-30 12:37:54'),
(60, 771, '2020-07-30 12:37:54'),
(60, 783, '2020-07-30 12:37:54'),
(60, 784, '2020-07-30 12:37:54'),
(60, 805, '2020-07-30 12:37:54'),
(60, 830, '2020-07-30 12:37:54'),
(60, 835, '2020-07-30 12:37:54'),
(60, 928, '2020-07-30 12:37:54'),
(60, 952, '2020-07-30 12:37:54'),
(60, 971, '2020-07-30 12:37:54'),
(60, 986, '2020-07-30 12:37:54'),
(61, 235, '2020-07-30 12:37:54'),
(61, 237, '2020-07-30 12:37:54'),
(61, 307, '2020-07-30 12:37:54'),
(61, 362, '2020-07-30 12:37:54'),
(61, 372, '2020-07-30 12:37:54'),
(61, 374, '2020-07-30 12:37:54'),
(61, 423, '2020-07-30 12:37:54'),
(61, 433, '2020-07-30 12:37:54'),
(61, 508, '2020-07-30 12:37:54'),
(61, 518, '2020-07-30 12:37:54'),
(61, 519, '2020-07-30 12:37:54'),
(61, 535, '2020-07-30 12:37:54'),
(61, 537, '2020-07-30 12:37:54'),
(61, 585, '2020-07-30 12:37:54'),
(61, 639, '2020-07-30 12:37:54'),
(61, 648, '2020-07-30 12:37:54'),
(61, 649, '2020-07-30 12:37:54'),
(61, 703, '2020-07-30 12:37:54'),
(61, 752, '2020-07-30 12:37:54'),
(61, 766, '2020-07-30 12:37:54'),
(61, 767, '2020-07-30 12:37:54'),
(61, 780, '2020-07-30 12:37:54'),
(61, 831, '2020-07-30 12:37:54'),
(61, 832, '2020-07-30 12:37:54'),
(61, 990, '2020-07-30 12:37:54'),
(62, 6, '2020-07-30 12:37:54'),
(62, 42, '2020-07-30 12:37:54'),
(62, 54, '2020-07-30 12:37:54'),
(62, 100, '2020-07-30 12:37:54'),
(62, 101, '2020-07-30 12:37:54'),
(62, 129, '2020-07-30 12:37:54'),
(62, 198, '2020-07-30 12:37:54'),
(62, 211, '2020-07-30 12:37:54'),
(62, 231, '2020-07-30 12:37:54'),
(62, 272, '2020-07-30 12:37:54'),
(62, 295, '2020-07-30 12:37:54'),
(62, 337, '2020-07-30 12:37:54'),
(62, 375, '2020-07-30 12:37:54'),
(62, 385, '2020-07-30 12:37:54'),
(62, 393, '2020-07-30 12:37:54'),
(62, 398, '2020-07-30 12:37:54'),
(62, 406, '2020-07-30 12:37:54'),
(62, 413, '2020-07-30 12:37:54'),
(62, 428, '2020-07-30 12:37:54'),
(62, 445, '2020-07-30 12:37:54'),
(62, 457, '2020-07-30 12:37:54'),
(62, 465, '2020-07-30 12:37:54'),
(62, 688, '2020-07-30 12:37:54'),
(62, 707, '2020-07-30 12:37:54'),
(62, 719, '2020-07-30 12:37:54'),
(62, 951, '2020-07-30 12:37:54'),
(62, 981, '2020-07-30 12:37:54'),
(62, 988, '2020-07-30 12:37:54'),
(62, 990, '2020-07-30 12:37:54'),
(63, 73, '2020-07-30 12:37:54'),
(63, 134, '2020-07-30 12:37:54'),
(63, 167, '2020-07-30 12:37:54'),
(63, 208, '2020-07-30 12:37:54'),
(63, 225, '2020-07-30 12:37:54'),
(63, 248, '2020-07-30 12:37:54'),
(63, 249, '2020-07-30 12:37:54'),
(63, 278, '2020-07-30 12:37:54'),
(63, 392, '2020-07-30 12:37:54'),
(63, 517, '2020-07-30 12:37:54'),
(63, 633, '2020-07-30 12:37:54'),
(63, 763, '2020-07-30 12:37:54'),
(63, 781, '2020-07-30 12:37:54'),
(63, 809, '2020-07-30 12:37:54'),
(63, 893, '2020-07-30 12:37:54'),
(63, 932, '2020-07-30 12:37:54'),
(63, 944, '2020-07-30 12:37:54'),
(63, 945, '2020-07-30 12:37:54'),
(63, 981, '2020-07-30 12:37:54'),
(64, 3, '2020-07-30 12:37:54'),
(64, 10, '2020-07-30 12:37:54'),
(64, 37, '2020-07-30 12:37:54'),
(64, 87, '2020-07-30 12:37:54'),
(64, 88, '2020-07-30 12:37:54'),
(64, 124, '2020-07-30 12:37:54'),
(64, 197, '2020-07-30 12:37:54'),
(64, 280, '2020-07-30 12:37:54'),
(64, 291, '2020-07-30 12:37:54'),
(64, 307, '2020-07-30 12:37:54'),
(64, 335, '2020-07-30 12:37:54'),
(64, 345, '2020-07-30 12:37:54'),
(64, 448, '2020-07-30 12:37:54'),
(64, 469, '2020-07-30 12:37:54'),
(64, 471, '2020-07-30 12:37:54'),
(64, 506, '2020-07-30 12:37:54'),
(64, 543, '2020-07-30 12:37:54'),
(64, 557, '2020-07-30 12:37:54'),
(64, 569, '2020-07-30 12:37:54'),
(64, 572, '2020-07-30 12:37:54'),
(64, 597, '2020-07-30 12:37:54'),
(64, 616, '2020-07-30 12:37:54'),
(64, 646, '2020-07-30 12:37:54'),
(64, 694, '2020-07-30 12:37:54'),
(64, 832, '2020-07-30 12:37:54'),
(64, 852, '2020-07-30 12:37:54'),
(64, 860, '2020-07-30 12:37:54'),
(64, 921, '2020-07-30 12:37:54'),
(64, 925, '2020-07-30 12:37:54'),
(64, 980, '2020-07-30 12:37:54'),
(65, 39, '2020-07-30 12:37:54'),
(65, 46, '2020-07-30 12:37:54'),
(65, 97, '2020-07-30 12:37:54'),
(65, 106, '2020-07-30 12:37:54'),
(65, 117, '2020-07-30 12:37:54'),
(65, 125, '2020-07-30 12:37:54'),
(65, 158, '2020-07-30 12:37:54'),
(65, 276, '2020-07-30 12:37:54'),
(65, 305, '2020-07-30 12:37:54'),
(65, 338, '2020-07-30 12:37:54'),
(65, 347, '2020-07-30 12:37:54'),
(65, 371, '2020-07-30 12:37:54'),
(65, 398, '2020-07-30 12:37:54'),
(65, 471, '2020-07-30 12:37:54'),
(65, 475, '2020-07-30 12:37:54'),
(65, 476, '2020-07-30 12:37:54'),
(65, 491, '2020-07-30 12:37:54'),
(65, 496, '2020-07-30 12:37:54'),
(65, 516, '2020-07-30 12:37:54'),
(65, 517, '2020-07-30 12:37:54'),
(65, 541, '2020-07-30 12:37:54'),
(65, 556, '2020-07-30 12:37:54'),
(65, 571, '2020-07-30 12:37:54'),
(65, 577, '2020-07-30 12:37:54'),
(65, 615, '2020-07-30 12:37:54'),
(65, 658, '2020-07-30 12:37:54'),
(65, 683, '2020-07-30 12:37:54'),
(65, 694, '2020-07-30 12:37:54'),
(65, 714, '2020-07-30 12:37:54'),
(65, 735, '2020-07-30 12:37:54'),
(65, 852, '2020-07-30 12:37:54'),
(65, 938, '2020-07-30 12:37:54'),
(65, 951, '2020-07-30 12:37:54'),
(65, 965, '2020-07-30 12:37:54'),
(66, 55, '2020-07-30 12:37:54'),
(66, 143, '2020-07-30 12:37:54'),
(66, 207, '2020-07-30 12:37:54'),
(66, 226, '2020-07-30 12:37:54'),
(66, 229, '2020-07-30 12:37:54'),
(66, 230, '2020-07-30 12:37:54'),
(66, 283, '2020-07-30 12:37:54'),
(66, 300, '2020-07-30 12:37:54'),
(66, 342, '2020-07-30 12:37:54'),
(66, 350, '2020-07-30 12:37:54'),
(66, 361, '2020-07-30 12:37:54'),
(66, 376, '2020-07-30 12:37:54'),
(66, 424, '2020-07-30 12:37:54'),
(66, 434, '2020-07-30 12:37:54'),
(66, 553, '2020-07-30 12:37:54'),
(66, 608, '2020-07-30 12:37:54'),
(66, 676, '2020-07-30 12:37:54'),
(66, 697, '2020-07-30 12:37:54'),
(66, 706, '2020-07-30 12:37:54'),
(66, 725, '2020-07-30 12:37:54'),
(66, 769, '2020-07-30 12:37:54'),
(66, 793, '2020-07-30 12:37:54'),
(66, 829, '2020-07-30 12:37:54'),
(66, 871, '2020-07-30 12:37:54'),
(66, 909, '2020-07-30 12:37:54'),
(66, 915, '2020-07-30 12:37:54'),
(66, 928, '2020-07-30 12:37:54'),
(66, 951, '2020-07-30 12:37:54'),
(66, 957, '2020-07-30 12:37:54'),
(66, 960, '2020-07-30 12:37:54'),
(66, 999, '2020-07-30 12:37:54'),
(67, 24, '2020-07-30 12:37:54'),
(67, 57, '2020-07-30 12:37:54'),
(67, 67, '2020-07-30 12:37:54'),
(67, 144, '2020-07-30 12:37:54'),
(67, 242, '2020-07-30 12:37:54'),
(67, 244, '2020-07-30 12:37:54'),
(67, 256, '2020-07-30 12:37:54'),
(67, 408, '2020-07-30 12:37:54'),
(67, 477, '2020-07-30 12:37:54'),
(67, 496, '2020-07-30 12:37:54'),
(67, 512, '2020-07-30 12:37:54'),
(67, 576, '2020-07-30 12:37:54'),
(67, 601, '2020-07-30 12:37:54'),
(67, 725, '2020-07-30 12:37:54'),
(67, 726, '2020-07-30 12:37:54'),
(67, 731, '2020-07-30 12:37:54'),
(67, 766, '2020-07-30 12:37:54'),
(67, 861, '2020-07-30 12:37:54'),
(67, 870, '2020-07-30 12:37:54'),
(67, 915, '2020-07-30 12:37:54'),
(67, 945, '2020-07-30 12:37:54'),
(67, 972, '2020-07-30 12:37:54'),
(67, 981, '2020-07-30 12:37:54'),
(68, 9, '2020-07-30 12:37:54'),
(68, 45, '2020-07-30 12:37:54'),
(68, 133, '2020-07-30 12:37:54'),
(68, 161, '2020-07-30 12:37:54'),
(68, 205, '2020-07-30 12:37:54'),
(68, 213, '2020-07-30 12:37:54'),
(68, 215, '2020-07-30 12:37:54'),
(68, 255, '2020-07-30 12:37:54'),
(68, 296, '2020-07-30 12:37:54'),
(68, 315, '2020-07-30 12:37:54'),
(68, 325, '2020-07-30 12:37:54'),
(68, 331, '2020-07-30 12:37:54'),
(68, 347, '2020-07-30 12:37:54'),
(68, 357, '2020-07-30 12:37:54'),
(68, 378, '2020-07-30 12:37:54'),
(68, 380, '2020-07-30 12:37:54'),
(68, 386, '2020-07-30 12:37:54'),
(68, 396, '2020-07-30 12:37:54'),
(68, 435, '2020-07-30 12:37:54'),
(68, 497, '2020-07-30 12:37:54'),
(68, 607, '2020-07-30 12:37:54'),
(68, 654, '2020-07-30 12:37:54'),
(68, 665, '2020-07-30 12:37:54'),
(68, 671, '2020-07-30 12:37:54'),
(68, 706, '2020-07-30 12:37:54'),
(68, 747, '2020-07-30 12:37:54'),
(68, 834, '2020-07-30 12:37:54'),
(68, 839, '2020-07-30 12:37:54'),
(68, 840, '2020-07-30 12:37:54'),
(68, 971, '2020-07-30 12:37:54'),
(69, 15, '2020-07-30 12:37:54'),
(69, 88, '2020-07-30 12:37:54'),
(69, 111, '2020-07-30 12:37:54'),
(69, 202, '2020-07-30 12:37:54'),
(69, 236, '2020-07-30 12:37:54'),
(69, 292, '2020-07-30 12:37:54'),
(69, 300, '2020-07-30 12:37:54'),
(69, 306, '2020-07-30 12:37:54'),
(69, 374, '2020-07-30 12:37:54'),
(69, 396, '2020-07-30 12:37:54'),
(69, 452, '2020-07-30 12:37:54'),
(69, 466, '2020-07-30 12:37:54'),
(69, 529, '2020-07-30 12:37:54'),
(69, 612, '2020-07-30 12:37:54'),
(69, 720, '2020-07-30 12:37:54'),
(69, 722, '2020-07-30 12:37:54'),
(69, 761, '2020-07-30 12:37:54'),
(69, 791, '2020-07-30 12:37:54'),
(69, 864, '2020-07-30 12:37:54'),
(69, 877, '2020-07-30 12:37:54'),
(69, 914, '2020-07-30 12:37:54'),
(70, 50, '2020-07-30 12:37:54'),
(70, 53, '2020-07-30 12:37:54'),
(70, 92, '2020-07-30 12:37:54'),
(70, 202, '2020-07-30 12:37:54'),
(70, 227, '2020-07-30 12:37:54'),
(70, 249, '2020-07-30 12:37:54'),
(70, 290, '2020-07-30 12:37:54'),
(70, 304, '2020-07-30 12:37:54'),
(70, 343, '2020-07-30 12:37:54'),
(70, 414, '2020-07-30 12:37:54'),
(70, 453, '2020-07-30 12:37:54'),
(70, 466, '2020-07-30 12:37:54'),
(70, 504, '2020-07-30 12:37:54'),
(70, 584, '2020-07-30 12:37:54'),
(70, 628, '2020-07-30 12:37:54'),
(70, 654, '2020-07-30 12:37:54'),
(70, 725, '2020-07-30 12:37:54'),
(70, 823, '2020-07-30 12:37:54'),
(70, 834, '2020-07-30 12:37:54'),
(70, 856, '2020-07-30 12:37:54'),
(70, 869, '2020-07-30 12:37:54'),
(70, 953, '2020-07-30 12:37:54'),
(70, 964, '2020-07-30 12:37:54'),
(71, 26, '2020-07-30 12:37:54'),
(71, 52, '2020-07-30 12:37:54'),
(71, 233, '2020-07-30 12:37:54'),
(71, 317, '2020-07-30 12:37:54'),
(71, 359, '2020-07-30 12:37:54'),
(71, 362, '2020-07-30 12:37:54'),
(71, 385, '2020-07-30 12:37:54'),
(71, 399, '2020-07-30 12:37:54'),
(71, 450, '2020-07-30 12:37:54'),
(71, 532, '2020-07-30 12:37:54'),
(71, 560, '2020-07-30 12:37:54'),
(71, 574, '2020-07-30 12:37:54'),
(71, 638, '2020-07-30 12:37:54'),
(71, 773, '2020-07-30 12:37:54'),
(71, 833, '2020-07-30 12:37:54'),
(71, 874, '2020-07-30 12:37:54'),
(71, 918, '2020-07-30 12:37:54'),
(71, 956, '2020-07-30 12:37:54'),
(72, 34, '2020-07-30 12:37:54'),
(72, 144, '2020-07-30 12:37:54'),
(72, 237, '2020-07-30 12:37:54'),
(72, 249, '2020-07-30 12:37:54'),
(72, 286, '2020-07-30 12:37:54'),
(72, 296, '2020-07-30 12:37:54'),
(72, 325, '2020-07-30 12:37:54'),
(72, 331, '2020-07-30 12:37:54'),
(72, 405, '2020-07-30 12:37:54'),
(72, 450, '2020-07-30 12:37:54'),
(72, 550, '2020-07-30 12:37:54'),
(72, 609, '2020-07-30 12:37:54'),
(72, 623, '2020-07-30 12:37:54'),
(72, 636, '2020-07-30 12:37:54'),
(72, 640, '2020-07-30 12:37:54'),
(72, 665, '2020-07-30 12:37:54'),
(72, 718, '2020-07-30 12:37:54'),
(72, 743, '2020-07-30 12:37:54'),
(72, 757, '2020-07-30 12:37:54'),
(72, 773, '2020-07-30 12:37:54'),
(72, 854, '2020-07-30 12:37:54'),
(72, 865, '2020-07-30 12:37:54'),
(72, 938, '2020-07-30 12:37:54'),
(72, 956, '2020-07-30 12:37:54'),
(72, 964, '2020-07-30 12:37:54'),
(72, 969, '2020-07-30 12:37:54'),
(73, 36, '2020-07-30 12:37:54'),
(73, 45, '2020-07-30 12:37:54'),
(73, 51, '2020-07-30 12:37:54'),
(73, 77, '2020-07-30 12:37:54'),
(73, 148, '2020-07-30 12:37:54'),
(73, 245, '2020-07-30 12:37:54'),
(73, 275, '2020-07-30 12:37:54'),
(73, 322, '2020-07-30 12:37:54'),
(73, 374, '2020-07-30 12:37:54'),
(73, 379, '2020-07-30 12:37:54'),
(73, 467, '2020-07-30 12:37:54'),
(73, 548, '2020-07-30 12:37:54'),
(73, 561, '2020-07-30 12:37:54'),
(73, 562, '2020-07-30 12:37:54'),
(73, 565, '2020-07-30 12:37:54'),
(73, 627, '2020-07-30 12:37:54'),
(73, 666, '2020-07-30 12:37:54'),
(73, 667, '2020-07-30 12:37:54'),
(73, 707, '2020-07-30 12:37:54'),
(73, 748, '2020-07-30 12:37:54'),
(73, 772, '2020-07-30 12:37:54'),
(73, 823, '2020-07-30 12:37:54'),
(73, 936, '2020-07-30 12:37:54'),
(73, 946, '2020-07-30 12:37:54'),
(73, 950, '2020-07-30 12:37:54'),
(73, 998, '2020-07-30 12:37:54'),
(74, 28, '2020-07-30 12:37:54'),
(74, 44, '2020-07-30 12:37:54'),
(74, 117, '2020-07-30 12:37:54'),
(74, 185, '2020-07-30 12:37:54'),
(74, 192, '2020-07-30 12:37:54'),
(74, 203, '2020-07-30 12:37:54'),
(74, 263, '2020-07-30 12:37:54'),
(74, 321, '2020-07-30 12:37:54'),
(74, 415, '2020-07-30 12:37:54'),
(74, 484, '2020-07-30 12:37:54'),
(74, 503, '2020-07-30 12:37:54'),
(74, 537, '2020-07-30 12:37:54'),
(74, 543, '2020-07-30 12:37:54'),
(74, 617, '2020-07-30 12:37:54'),
(74, 626, '2020-07-30 12:37:54'),
(74, 637, '2020-07-30 12:37:54'),
(74, 663, '2020-07-30 12:37:54'),
(74, 704, '2020-07-30 12:37:54'),
(74, 720, '2020-07-30 12:37:54'),
(74, 747, '2020-07-30 12:37:54'),
(74, 780, '2020-07-30 12:37:54'),
(74, 804, '2020-07-30 12:37:54'),
(74, 834, '2020-07-30 12:37:54'),
(74, 836, '2020-07-30 12:37:54'),
(74, 848, '2020-07-30 12:37:54'),
(74, 872, '2020-07-30 12:37:54'),
(74, 902, '2020-07-30 12:37:54'),
(74, 956, '2020-07-30 12:37:54'),
(75, 12, '2020-07-30 12:37:54'),
(75, 34, '2020-07-30 12:37:54'),
(75, 143, '2020-07-30 12:37:54'),
(75, 170, '2020-07-30 12:37:54'),
(75, 222, '2020-07-30 12:37:54'),
(75, 301, '2020-07-30 12:37:54'),
(75, 347, '2020-07-30 12:37:54'),
(75, 372, '2020-07-30 12:37:54'),
(75, 436, '2020-07-30 12:37:54'),
(75, 445, '2020-07-30 12:37:54'),
(75, 446, '2020-07-30 12:37:54'),
(75, 492, '2020-07-30 12:37:54'),
(75, 498, '2020-07-30 12:37:54'),
(75, 508, '2020-07-30 12:37:54'),
(75, 541, '2020-07-30 12:37:54'),
(75, 547, '2020-07-30 12:37:54'),
(75, 579, '2020-07-30 12:37:54'),
(75, 645, '2020-07-30 12:37:54'),
(75, 667, '2020-07-30 12:37:54'),
(75, 744, '2020-07-30 12:37:54'),
(75, 764, '2020-07-30 12:37:54'),
(75, 780, '2020-07-30 12:37:54'),
(75, 870, '2020-07-30 12:37:54'),
(75, 920, '2020-07-30 12:37:54'),
(76, 60, '2020-07-30 12:37:54'),
(76, 66, '2020-07-30 12:37:54'),
(76, 68, '2020-07-30 12:37:54'),
(76, 95, '2020-07-30 12:37:54'),
(76, 122, '2020-07-30 12:37:54'),
(76, 187, '2020-07-30 12:37:54'),
(76, 223, '2020-07-30 12:37:54'),
(76, 234, '2020-07-30 12:37:54'),
(76, 251, '2020-07-30 12:37:54'),
(76, 348, '2020-07-30 12:37:54'),
(76, 444, '2020-07-30 12:37:54'),
(76, 464, '2020-07-30 12:37:54'),
(76, 474, '2020-07-30 12:37:54'),
(76, 498, '2020-07-30 12:37:54'),
(76, 568, '2020-07-30 12:37:54'),
(76, 604, '2020-07-30 12:37:54'),
(76, 606, '2020-07-30 12:37:54'),
(76, 642, '2020-07-30 12:37:54'),
(76, 648, '2020-07-30 12:37:54'),
(76, 650, '2020-07-30 12:37:54'),
(76, 709, '2020-07-30 12:37:54'),
(76, 760, '2020-07-30 12:37:54'),
(76, 765, '2020-07-30 12:37:54'),
(76, 781, '2020-07-30 12:37:54'),
(76, 850, '2020-07-30 12:37:54'),
(76, 862, '2020-07-30 12:37:54'),
(76, 866, '2020-07-30 12:37:54'),
(76, 870, '2020-07-30 12:37:54'),
(76, 912, '2020-07-30 12:37:54'),
(76, 935, '2020-07-30 12:37:54'),
(76, 958, '2020-07-30 12:37:54'),
(77, 13, '2020-07-30 12:37:54'),
(77, 22, '2020-07-30 12:37:54'),
(77, 40, '2020-07-30 12:37:54'),
(77, 73, '2020-07-30 12:37:54'),
(77, 78, '2020-07-30 12:37:54'),
(77, 153, '2020-07-30 12:37:54'),
(77, 224, '2020-07-30 12:37:54'),
(77, 240, '2020-07-30 12:37:54'),
(77, 245, '2020-07-30 12:37:54'),
(77, 261, '2020-07-30 12:37:54'),
(77, 343, '2020-07-30 12:37:54'),
(77, 442, '2020-07-30 12:37:54'),
(77, 458, '2020-07-30 12:37:54'),
(77, 538, '2020-07-30 12:37:54'),
(77, 566, '2020-07-30 12:37:54'),
(77, 612, '2020-07-30 12:37:54'),
(77, 635, '2020-07-30 12:37:54'),
(77, 694, '2020-07-30 12:37:54'),
(77, 749, '2020-07-30 12:37:54'),
(77, 938, '2020-07-30 12:37:54'),
(77, 943, '2020-07-30 12:37:54'),
(77, 963, '2020-07-30 12:37:54'),
(77, 969, '2020-07-30 12:37:54'),
(77, 993, '2020-07-30 12:37:54'),
(78, 86, '2020-07-30 12:37:54'),
(78, 239, '2020-07-30 12:37:54'),
(78, 260, '2020-07-30 12:37:54'),
(78, 261, '2020-07-30 12:37:54'),
(78, 265, '2020-07-30 12:37:54'),
(78, 301, '2020-07-30 12:37:54'),
(78, 387, '2020-07-30 12:37:54'),
(78, 393, '2020-07-30 12:37:54'),
(78, 428, '2020-07-30 12:37:54'),
(78, 457, '2020-07-30 12:37:54'),
(78, 505, '2020-07-30 12:37:54'),
(78, 520, '2020-07-30 12:37:54'),
(78, 530, '2020-07-30 12:37:54'),
(78, 549, '2020-07-30 12:37:54'),
(78, 552, '2020-07-30 12:37:54'),
(78, 599, '2020-07-30 12:37:54'),
(78, 670, '2020-07-30 12:37:54'),
(78, 674, '2020-07-30 12:37:54'),
(78, 689, '2020-07-30 12:37:54'),
(78, 762, '2020-07-30 12:37:54'),
(78, 767, '2020-07-30 12:37:54'),
(78, 811, '2020-07-30 12:37:54'),
(78, 852, '2020-07-30 12:37:54'),
(78, 880, '2020-07-30 12:37:54'),
(78, 963, '2020-07-30 12:37:54'),
(78, 968, '2020-07-30 12:37:54'),
(79, 32, '2020-07-30 12:37:54'),
(79, 33, '2020-07-30 12:37:54'),
(79, 40, '2020-07-30 12:37:54'),
(79, 141, '2020-07-30 12:37:54'),
(79, 205, '2020-07-30 12:37:54'),
(79, 230, '2020-07-30 12:37:54'),
(79, 242, '2020-07-30 12:37:54'),
(79, 262, '2020-07-30 12:37:54'),
(79, 267, '2020-07-30 12:37:54'),
(79, 269, '2020-07-30 12:37:54'),
(79, 299, '2020-07-30 12:37:54'),
(79, 367, '2020-07-30 12:37:54'),
(79, 428, '2020-07-30 12:37:54'),
(79, 430, '2020-07-30 12:37:54'),
(79, 473, '2020-07-30 12:37:54'),
(79, 607, '2020-07-30 12:37:54'),
(79, 628, '2020-07-30 12:37:54'),
(79, 634, '2020-07-30 12:37:54'),
(79, 646, '2020-07-30 12:37:54'),
(79, 727, '2020-07-30 12:37:54'),
(79, 750, '2020-07-30 12:37:54'),
(79, 753, '2020-07-30 12:37:54'),
(79, 769, '2020-07-30 12:37:54'),
(79, 776, '2020-07-30 12:37:54'),
(79, 788, '2020-07-30 12:37:54'),
(79, 840, '2020-07-30 12:37:54'),
(79, 853, '2020-07-30 12:37:54'),
(79, 916, '2020-07-30 12:37:54'),
(80, 69, '2020-07-30 12:37:54'),
(80, 118, '2020-07-30 12:37:54'),
(80, 124, '2020-07-30 12:37:54'),
(80, 175, '2020-07-30 12:37:54'),
(80, 207, '2020-07-30 12:37:54'),
(80, 212, '2020-07-30 12:37:54'),
(80, 260, '2020-07-30 12:37:54'),
(80, 262, '2020-07-30 12:37:54'),
(80, 280, '2020-07-30 12:37:54'),
(80, 341, '2020-07-30 12:37:54'),
(80, 342, '2020-07-30 12:37:54'),
(80, 343, '2020-07-30 12:37:54'),
(80, 362, '2020-07-30 12:37:54'),
(80, 436, '2020-07-30 12:37:54'),
(80, 475, '2020-07-30 12:37:54'),
(80, 553, '2020-07-30 12:37:54'),
(80, 619, '2020-07-30 12:37:54'),
(80, 622, '2020-07-30 12:37:54'),
(80, 680, '2020-07-30 12:37:54'),
(80, 687, '2020-07-30 12:37:54'),
(80, 688, '2020-07-30 12:37:54'),
(80, 709, '2020-07-30 12:37:54'),
(80, 788, '2020-07-30 12:37:54'),
(80, 807, '2020-07-30 12:37:54'),
(80, 858, '2020-07-30 12:37:54'),
(80, 888, '2020-07-30 12:37:54'),
(80, 941, '2020-07-30 12:37:54'),
(80, 979, '2020-07-30 12:37:54'),
(81, 4, '2020-07-30 12:37:54'),
(81, 11, '2020-07-30 12:37:54'),
(81, 59, '2020-07-30 12:37:54'),
(81, 89, '2020-07-30 12:37:54'),
(81, 178, '2020-07-30 12:37:54'),
(81, 186, '2020-07-30 12:37:54'),
(81, 194, '2020-07-30 12:37:54'),
(81, 215, '2020-07-30 12:37:54'),
(81, 219, '2020-07-30 12:37:54'),
(81, 232, '2020-07-30 12:37:54'),
(81, 260, '2020-07-30 12:37:54'),
(81, 267, '2020-07-30 12:37:54'),
(81, 268, '2020-07-30 12:37:54'),
(81, 304, '2020-07-30 12:37:54'),
(81, 332, '2020-07-30 12:37:54'),
(81, 389, '2020-07-30 12:37:54'),
(81, 398, '2020-07-30 12:37:54'),
(81, 453, '2020-07-30 12:37:54'),
(81, 458, '2020-07-30 12:37:54'),
(81, 465, '2020-07-30 12:37:54'),
(81, 505, '2020-07-30 12:37:54'),
(81, 508, '2020-07-30 12:37:54'),
(81, 527, '2020-07-30 12:37:54'),
(81, 545, '2020-07-30 12:37:54'),
(81, 564, '2020-07-30 12:37:54'),
(81, 578, '2020-07-30 12:37:54'),
(81, 579, '2020-07-30 12:37:54'),
(81, 613, '2020-07-30 12:37:54'),
(81, 619, '2020-07-30 12:37:54'),
(81, 643, '2020-07-30 12:37:54'),
(81, 692, '2020-07-30 12:37:54'),
(81, 710, '2020-07-30 12:37:54'),
(81, 729, '2020-07-30 12:37:54'),
(81, 761, '2020-07-30 12:37:54'),
(81, 827, '2020-07-30 12:37:54'),
(81, 910, '2020-07-30 12:37:54'),
(82, 17, '2020-07-30 12:37:54'),
(82, 33, '2020-07-30 12:37:54'),
(82, 104, '2020-07-30 12:37:54'),
(82, 143, '2020-07-30 12:37:54'),
(82, 188, '2020-07-30 12:37:54'),
(82, 242, '2020-07-30 12:37:54'),
(82, 247, '2020-07-30 12:37:54'),
(82, 290, '2020-07-30 12:37:54'),
(82, 306, '2020-07-30 12:37:54'),
(82, 316, '2020-07-30 12:37:54'),
(82, 344, '2020-07-30 12:37:54'),
(82, 453, '2020-07-30 12:37:54'),
(82, 468, '2020-07-30 12:37:54'),
(82, 480, '2020-07-30 12:37:54'),
(82, 497, '2020-07-30 12:37:54'),
(82, 503, '2020-07-30 12:37:54'),
(82, 527, '2020-07-30 12:37:54'),
(82, 551, '2020-07-30 12:37:54'),
(82, 561, '2020-07-30 12:37:54'),
(82, 750, '2020-07-30 12:37:54'),
(82, 787, '2020-07-30 12:37:54'),
(82, 802, '2020-07-30 12:37:54'),
(82, 838, '2020-07-30 12:37:54'),
(82, 839, '2020-07-30 12:37:54'),
(82, 870, '2020-07-30 12:37:54'),
(82, 877, '2020-07-30 12:37:54'),
(82, 893, '2020-07-30 12:37:54'),
(82, 911, '2020-07-30 12:37:54'),
(82, 954, '2020-07-30 12:37:54'),
(82, 978, '2020-07-30 12:37:54'),
(82, 985, '2020-07-30 12:37:54'),
(83, 49, '2020-07-30 12:37:54'),
(83, 52, '2020-07-30 12:37:54'),
(83, 58, '2020-07-30 12:37:54'),
(83, 110, '2020-07-30 12:37:54'),
(83, 120, '2020-07-30 12:37:54'),
(83, 121, '2020-07-30 12:37:54'),
(83, 135, '2020-07-30 12:37:54'),
(83, 165, '2020-07-30 12:37:54'),
(83, 217, '2020-07-30 12:37:54'),
(83, 247, '2020-07-30 12:37:54'),
(83, 249, '2020-07-30 12:37:54'),
(83, 263, '2020-07-30 12:37:54'),
(83, 268, '2020-07-30 12:37:54'),
(83, 279, '2020-07-30 12:37:54'),
(83, 281, '2020-07-30 12:37:54'),
(83, 339, '2020-07-30 12:37:54'),
(83, 340, '2020-07-30 12:37:54'),
(83, 369, '2020-07-30 12:37:54'),
(83, 412, '2020-07-30 12:37:54'),
(83, 519, '2020-07-30 12:37:54'),
(83, 529, '2020-07-30 12:37:54'),
(83, 615, '2020-07-30 12:37:54'),
(83, 631, '2020-07-30 12:37:54'),
(83, 655, '2020-07-30 12:37:54'),
(83, 672, '2020-07-30 12:37:54'),
(83, 686, '2020-07-30 12:37:54'),
(83, 719, '2020-07-30 12:37:54'),
(83, 764, '2020-07-30 12:37:54'),
(83, 777, '2020-07-30 12:37:54'),
(83, 784, '2020-07-30 12:37:54'),
(83, 833, '2020-07-30 12:37:54'),
(83, 873, '2020-07-30 12:37:54'),
(83, 932, '2020-07-30 12:37:54'),
(84, 19, '2020-07-30 12:37:54'),
(84, 39, '2020-07-30 12:37:54'),
(84, 46, '2020-07-30 12:37:54'),
(84, 175, '2020-07-30 12:37:54'),
(84, 238, '2020-07-30 12:37:54'),
(84, 281, '2020-07-30 12:37:54'),
(84, 290, '2020-07-30 12:37:54'),
(84, 312, '2020-07-30 12:37:54'),
(84, 317, '2020-07-30 12:37:54'),
(84, 413, '2020-07-30 12:37:54'),
(84, 414, '2020-07-30 12:37:54'),
(84, 460, '2020-07-30 12:37:54'),
(84, 479, '2020-07-30 12:37:54'),
(84, 491, '2020-07-30 12:37:54'),
(84, 529, '2020-07-30 12:37:54'),
(84, 540, '2020-07-30 12:37:54'),
(84, 566, '2020-07-30 12:37:54'),
(84, 574, '2020-07-30 12:37:54'),
(84, 589, '2020-07-30 12:37:54'),
(84, 616, '2020-07-30 12:37:54'),
(84, 646, '2020-07-30 12:37:54'),
(84, 703, '2020-07-30 12:37:54'),
(84, 729, '2020-07-30 12:37:54'),
(84, 764, '2020-07-30 12:37:54'),
(84, 782, '2020-07-30 12:37:54'),
(84, 809, '2020-07-30 12:37:54'),
(84, 830, '2020-07-30 12:37:54'),
(84, 843, '2020-07-30 12:37:54'),
(84, 887, '2020-07-30 12:37:54'),
(84, 975, '2020-07-30 12:37:54'),
(84, 996, '2020-07-30 12:37:54'),
(85, 2, '2020-07-30 12:37:54'),
(85, 14, '2020-07-30 12:37:54'),
(85, 72, '2020-07-30 12:37:54'),
(85, 85, '2020-07-30 12:37:54'),
(85, 92, '2020-07-30 12:37:54'),
(85, 148, '2020-07-30 12:37:54'),
(85, 216, '2020-07-30 12:37:54'),
(85, 290, '2020-07-30 12:37:54'),
(85, 296, '2020-07-30 12:37:54'),
(85, 297, '2020-07-30 12:37:54'),
(85, 337, '2020-07-30 12:37:54'),
(85, 383, '2020-07-30 12:37:54'),
(85, 421, '2020-07-30 12:37:54'),
(85, 446, '2020-07-30 12:37:54'),
(85, 461, '2020-07-30 12:37:54'),
(85, 475, '2020-07-30 12:37:54'),
(85, 478, '2020-07-30 12:37:54'),
(85, 522, '2020-07-30 12:37:54'),
(85, 543, '2020-07-30 12:37:54'),
(85, 558, '2020-07-30 12:37:54'),
(85, 591, '2020-07-30 12:37:54'),
(85, 630, '2020-07-30 12:37:54'),
(85, 678, '2020-07-30 12:37:54'),
(85, 711, '2020-07-30 12:37:54'),
(85, 761, '2020-07-30 12:37:54'),
(85, 812, '2020-07-30 12:37:54'),
(85, 869, '2020-07-30 12:37:54'),
(85, 875, '2020-07-30 12:37:54'),
(85, 895, '2020-07-30 12:37:54'),
(85, 957, '2020-07-30 12:37:54'),
(85, 960, '2020-07-30 12:37:54'),
(86, 137, '2020-07-30 12:37:54'),
(86, 163, '2020-07-30 12:37:54'),
(86, 196, '2020-07-30 12:37:54'),
(86, 216, '2020-07-30 12:37:54'),
(86, 249, '2020-07-30 12:37:54'),
(86, 303, '2020-07-30 12:37:54'),
(86, 331, '2020-07-30 12:37:54'),
(86, 364, '2020-07-30 12:37:54'),
(86, 391, '2020-07-30 12:37:54'),
(86, 432, '2020-07-30 12:37:54'),
(86, 482, '2020-07-30 12:37:54'),
(86, 486, '2020-07-30 12:37:54'),
(86, 519, '2020-07-30 12:37:54'),
(86, 520, '2020-07-30 12:37:54'),
(86, 548, '2020-07-30 12:37:54'),
(86, 623, '2020-07-30 12:37:54'),
(86, 631, '2020-07-30 12:37:54'),
(86, 636, '2020-07-30 12:37:54'),
(86, 752, '2020-07-30 12:37:54'),
(86, 760, '2020-07-30 12:37:54'),
(86, 808, '2020-07-30 12:37:54'),
(86, 857, '2020-07-30 12:37:54'),
(86, 878, '2020-07-30 12:37:54'),
(86, 893, '2020-07-30 12:37:54'),
(86, 905, '2020-07-30 12:37:54'),
(86, 923, '2020-07-30 12:37:54'),
(86, 929, '2020-07-30 12:37:54'),
(87, 48, '2020-07-30 12:37:54'),
(87, 157, '2020-07-30 12:37:54'),
(87, 161, '2020-07-30 12:37:54'),
(87, 199, '2020-07-30 12:37:54'),
(87, 207, '2020-07-30 12:37:54'),
(87, 250, '2020-07-30 12:37:54'),
(87, 253, '2020-07-30 12:37:54'),
(87, 312, '2020-07-30 12:37:54'),
(87, 421, '2020-07-30 12:37:54'),
(87, 570, '2020-07-30 12:37:54'),
(87, 599, '2020-07-30 12:37:54'),
(87, 606, '2020-07-30 12:37:54'),
(87, 654, '2020-07-30 12:37:54'),
(87, 679, '2020-07-30 12:37:54'),
(87, 706, '2020-07-30 12:37:54'),
(87, 718, '2020-07-30 12:37:54'),
(87, 721, '2020-07-30 12:37:54'),
(87, 830, '2020-07-30 12:37:54'),
(87, 870, '2020-07-30 12:37:54'),
(87, 952, '2020-07-30 12:37:54'),
(87, 961, '2020-07-30 12:37:54'),
(88, 4, '2020-07-30 12:37:54'),
(88, 76, '2020-07-30 12:37:54'),
(88, 87, '2020-07-30 12:37:54'),
(88, 128, '2020-07-30 12:37:54'),
(88, 170, '2020-07-30 12:37:54'),
(88, 193, '2020-07-30 12:37:54'),
(88, 234, '2020-07-30 12:37:54'),
(88, 304, '2020-07-30 12:37:54'),
(88, 602, '2020-07-30 12:37:54'),
(88, 620, '2020-07-30 12:37:54'),
(88, 668, '2020-07-30 12:37:54'),
(88, 717, '2020-07-30 12:37:54'),
(88, 785, '2020-07-30 12:37:54'),
(88, 819, '2020-07-30 12:37:54'),
(88, 839, '2020-07-30 12:37:54'),
(88, 881, '2020-07-30 12:37:54'),
(88, 908, '2020-07-30 12:37:54'),
(88, 929, '2020-07-30 12:37:54'),
(88, 940, '2020-07-30 12:37:54'),
(88, 968, '2020-07-30 12:37:54'),
(89, 47, '2020-07-30 12:37:54'),
(89, 103, '2020-07-30 12:37:54'),
(89, 117, '2020-07-30 12:37:54'),
(89, 162, '2020-07-30 12:37:54'),
(89, 182, '2020-07-30 12:37:54'),
(89, 187, '2020-07-30 12:37:54'),
(89, 212, '2020-07-30 12:37:54'),
(89, 254, '2020-07-30 12:37:54'),
(89, 266, '2020-07-30 12:37:54'),
(89, 306, '2020-07-30 12:37:54'),
(89, 342, '2020-07-30 12:37:54'),
(89, 406, '2020-07-30 12:37:54'),
(89, 410, '2020-07-30 12:37:54'),
(89, 446, '2020-07-30 12:37:54'),
(89, 473, '2020-07-30 12:37:54'),
(89, 488, '2020-07-30 12:37:54'),
(89, 529, '2020-07-30 12:37:54'),
(89, 542, '2020-07-30 12:37:54'),
(89, 564, '2020-07-30 12:37:54'),
(89, 697, '2020-07-30 12:37:54'),
(89, 833, '2020-07-30 12:37:54'),
(89, 864, '2020-07-30 12:37:54'),
(89, 970, '2020-07-30 12:37:54'),
(89, 976, '2020-07-30 12:37:54'),
(90, 2, '2020-07-30 12:37:54'),
(90, 11, '2020-07-30 12:37:54'),
(90, 100, '2020-07-30 12:37:54'),
(90, 197, '2020-07-30 12:37:54'),
(90, 212, '2020-07-30 12:37:54'),
(90, 262, '2020-07-30 12:37:54'),
(90, 303, '2020-07-30 12:37:54'),
(90, 330, '2020-07-30 12:37:54'),
(90, 363, '2020-07-30 12:37:54'),
(90, 374, '2020-07-30 12:37:54'),
(90, 384, '2020-07-30 12:37:54'),
(90, 385, '2020-07-30 12:37:54'),
(90, 391, '2020-07-30 12:37:54'),
(90, 406, '2020-07-30 12:37:54'),
(90, 433, '2020-07-30 12:37:54'),
(90, 442, '2020-07-30 12:37:54'),
(90, 451, '2020-07-30 12:37:54'),
(90, 520, '2020-07-30 12:37:54'),
(90, 529, '2020-07-30 12:37:54'),
(90, 542, '2020-07-30 12:37:54'),
(90, 586, '2020-07-30 12:37:54'),
(90, 633, '2020-07-30 12:37:54'),
(90, 663, '2020-07-30 12:37:54'),
(90, 676, '2020-07-30 12:37:54'),
(90, 771, '2020-07-30 12:37:54'),
(90, 817, '2020-07-30 12:37:54'),
(90, 838, '2020-07-30 12:37:54'),
(90, 855, '2020-07-30 12:37:54'),
(90, 858, '2020-07-30 12:37:54'),
(90, 868, '2020-07-30 12:37:54'),
(90, 880, '2020-07-30 12:37:54'),
(90, 901, '2020-07-30 12:37:54'),
(90, 925, '2020-07-30 12:37:54'),
(91, 13, '2020-07-30 12:37:54'),
(91, 25, '2020-07-30 12:37:54'),
(91, 48, '2020-07-30 12:37:54'),
(91, 176, '2020-07-30 12:37:54'),
(91, 181, '2020-07-30 12:37:54'),
(91, 190, '2020-07-30 12:37:54'),
(91, 335, '2020-07-30 12:37:54'),
(91, 416, '2020-07-30 12:37:54'),
(91, 447, '2020-07-30 12:37:54'),
(91, 480, '2020-07-30 12:37:54'),
(91, 493, '2020-07-30 12:37:54'),
(91, 509, '2020-07-30 12:37:54'),
(91, 511, '2020-07-30 12:37:54'),
(91, 608, '2020-07-30 12:37:54'),
(91, 807, '2020-07-30 12:37:54'),
(91, 829, '2020-07-30 12:37:54'),
(91, 849, '2020-07-30 12:37:54'),
(91, 859, '2020-07-30 12:37:54'),
(91, 941, '2020-07-30 12:37:54'),
(91, 982, '2020-07-30 12:37:54'),
(92, 90, '2020-07-30 12:37:54'),
(92, 94, '2020-07-30 12:37:54'),
(92, 103, '2020-07-30 12:37:54'),
(92, 104, '2020-07-30 12:37:54'),
(92, 123, '2020-07-30 12:37:54'),
(92, 137, '2020-07-30 12:37:54'),
(92, 207, '2020-07-30 12:37:54'),
(92, 229, '2020-07-30 12:37:54'),
(92, 338, '2020-07-30 12:37:54'),
(92, 381, '2020-07-30 12:37:54'),
(92, 436, '2020-07-30 12:37:54'),
(92, 443, '2020-07-30 12:37:54'),
(92, 453, '2020-07-30 12:37:54'),
(92, 470, '2020-07-30 12:37:54'),
(92, 505, '2020-07-30 12:37:54'),
(92, 512, '2020-07-30 12:37:54'),
(92, 543, '2020-07-30 12:37:54'),
(92, 545, '2020-07-30 12:37:54'),
(92, 547, '2020-07-30 12:37:54'),
(92, 553, '2020-07-30 12:37:54'),
(92, 564, '2020-07-30 12:37:54'),
(92, 568, '2020-07-30 12:37:54'),
(92, 618, '2020-07-30 12:37:54'),
(92, 662, '2020-07-30 12:37:54'),
(92, 686, '2020-07-30 12:37:54'),
(92, 699, '2020-07-30 12:37:54'),
(92, 712, '2020-07-30 12:37:54'),
(92, 728, '2020-07-30 12:37:54'),
(92, 802, '2020-07-30 12:37:54'),
(92, 825, '2020-07-30 12:37:54'),
(92, 838, '2020-07-30 12:37:54'),
(92, 889, '2020-07-30 12:37:54'),
(92, 929, '2020-07-30 12:37:54'),
(92, 991, '2020-07-30 12:37:54'),
(93, 71, '2020-07-30 12:37:54'),
(93, 120, '2020-07-30 12:37:54'),
(93, 124, '2020-07-30 12:37:54'),
(93, 280, '2020-07-30 12:37:54'),
(93, 325, '2020-07-30 12:37:54'),
(93, 339, '2020-07-30 12:37:54'),
(93, 427, '2020-07-30 12:37:54'),
(93, 445, '2020-07-30 12:37:54'),
(93, 453, '2020-07-30 12:37:54'),
(93, 473, '2020-07-30 12:37:54'),
(93, 573, '2020-07-30 12:37:54'),
(93, 621, '2020-07-30 12:37:54'),
(93, 644, '2020-07-30 12:37:54'),
(93, 678, '2020-07-30 12:37:54'),
(93, 680, '2020-07-30 12:37:54'),
(93, 699, '2020-07-30 12:37:54'),
(93, 744, '2020-07-30 12:37:54'),
(93, 768, '2020-07-30 12:37:54'),
(93, 777, '2020-07-30 12:37:54'),
(93, 835, '2020-07-30 12:37:54'),
(93, 856, '2020-07-30 12:37:54'),
(93, 874, '2020-07-30 12:37:54'),
(93, 909, '2020-07-30 12:37:54'),
(93, 916, '2020-07-30 12:37:54'),
(93, 982, '2020-07-30 12:37:54'),
(94, 13, '2020-07-30 12:37:54'),
(94, 60, '2020-07-30 12:37:54'),
(94, 76, '2020-07-30 12:37:54'),
(94, 122, '2020-07-30 12:37:54'),
(94, 153, '2020-07-30 12:37:54'),
(94, 193, '2020-07-30 12:37:54'),
(94, 206, '2020-07-30 12:37:54'),
(94, 228, '2020-07-30 12:37:54'),
(94, 270, '2020-07-30 12:37:54'),
(94, 275, '2020-07-30 12:37:54'),
(94, 320, '2020-07-30 12:37:54'),
(94, 322, '2020-07-30 12:37:54'),
(94, 337, '2020-07-30 12:37:54'),
(94, 354, '2020-07-30 12:37:54'),
(94, 402, '2020-07-30 12:37:54'),
(94, 428, '2020-07-30 12:37:54'),
(94, 457, '2020-07-30 12:37:54'),
(94, 473, '2020-07-30 12:37:54'),
(94, 475, '2020-07-30 12:37:54'),
(94, 512, '2020-07-30 12:37:54'),
(94, 517, '2020-07-30 12:37:54'),
(94, 521, '2020-07-30 12:37:54'),
(94, 533, '2020-07-30 12:37:54'),
(94, 540, '2020-07-30 12:37:54'),
(94, 548, '2020-07-30 12:37:54'),
(94, 551, '2020-07-30 12:37:54'),
(94, 712, '2020-07-30 12:37:54'),
(94, 713, '2020-07-30 12:37:54'),
(94, 724, '2020-07-30 12:37:54'),
(94, 775, '2020-07-30 12:37:54'),
(94, 788, '2020-07-30 12:37:54'),
(94, 950, '2020-07-30 12:37:54'),
(94, 989, '2020-07-30 12:37:54'),
(95, 22, '2020-07-30 12:37:54'),
(95, 35, '2020-07-30 12:37:54'),
(95, 47, '2020-07-30 12:37:54'),
(95, 52, '2020-07-30 12:37:54'),
(95, 65, '2020-07-30 12:37:54'),
(95, 74, '2020-07-30 12:37:54'),
(95, 126, '2020-07-30 12:37:54'),
(95, 207, '2020-07-30 12:37:54'),
(95, 245, '2020-07-30 12:37:54'),
(95, 294, '2020-07-30 12:37:54'),
(95, 301, '2020-07-30 12:37:54'),
(95, 312, '2020-07-30 12:37:54'),
(95, 329, '2020-07-30 12:37:54'),
(95, 353, '2020-07-30 12:37:54'),
(95, 375, '2020-07-30 12:37:54'),
(95, 420, '2020-07-30 12:37:54'),
(95, 424, '2020-07-30 12:37:54'),
(95, 431, '2020-07-30 12:37:54'),
(95, 498, '2020-07-30 12:37:54'),
(95, 522, '2020-07-30 12:37:54'),
(95, 546, '2020-07-30 12:37:54'),
(95, 551, '2020-07-30 12:37:54'),
(95, 619, '2020-07-30 12:37:54'),
(95, 627, '2020-07-30 12:37:54'),
(95, 690, '2020-07-30 12:37:54'),
(95, 748, '2020-07-30 12:37:54'),
(95, 813, '2020-07-30 12:37:54'),
(95, 828, '2020-07-30 12:37:54'),
(95, 855, '2020-07-30 12:37:54'),
(95, 903, '2020-07-30 12:37:54'),
(95, 923, '2020-07-30 12:37:54'),
(96, 8, '2020-07-30 12:37:54'),
(96, 36, '2020-07-30 12:37:54'),
(96, 40, '2020-07-30 12:37:54'),
(96, 54, '2020-07-30 12:37:54'),
(96, 58, '2020-07-30 12:37:54'),
(96, 66, '2020-07-30 12:37:54'),
(96, 134, '2020-07-30 12:37:54'),
(96, 209, '2020-07-30 12:37:54'),
(96, 244, '2020-07-30 12:37:54'),
(96, 320, '2020-07-30 12:37:54'),
(96, 430, '2020-07-30 12:37:54'),
(96, 452, '2020-07-30 12:37:54'),
(96, 486, '2020-07-30 12:37:54'),
(96, 572, '2020-07-30 12:37:54'),
(96, 590, '2020-07-30 12:37:54'),
(96, 661, '2020-07-30 12:37:54'),
(96, 778, '2020-07-30 12:37:54'),
(96, 832, '2020-07-30 12:37:54'),
(96, 846, '2020-07-30 12:37:54'),
(96, 874, '2020-07-30 12:37:54'),
(96, 945, '2020-07-30 12:37:54'),
(96, 968, '2020-07-30 12:37:54'),
(96, 987, '2020-07-30 12:37:54'),
(97, 143, '2020-07-30 12:37:54'),
(97, 177, '2020-07-30 12:37:54'),
(97, 188, '2020-07-30 12:37:54'),
(97, 197, '2020-07-30 12:37:54'),
(97, 256, '2020-07-30 12:37:54'),
(97, 312, '2020-07-30 12:37:54'),
(97, 342, '2020-07-30 12:37:54'),
(97, 348, '2020-07-30 12:37:54'),
(97, 358, '2020-07-30 12:37:54'),
(97, 370, '2020-07-30 12:37:54'),
(97, 437, '2020-07-30 12:37:54'),
(97, 446, '2020-07-30 12:37:54'),
(97, 466, '2020-07-30 12:37:54'),
(97, 518, '2020-07-30 12:37:54'),
(97, 553, '2020-07-30 12:37:54'),
(97, 561, '2020-07-30 12:37:54'),
(97, 641, '2020-07-30 12:37:54'),
(97, 656, '2020-07-30 12:37:54'),
(97, 728, '2020-07-30 12:37:54'),
(97, 755, '2020-07-30 12:37:54'),
(97, 757, '2020-07-30 12:37:54'),
(97, 826, '2020-07-30 12:37:54'),
(97, 862, '2020-07-30 12:37:54'),
(97, 930, '2020-07-30 12:37:54'),
(97, 933, '2020-07-30 12:37:54'),
(97, 947, '2020-07-30 12:37:54'),
(97, 951, '2020-07-30 12:37:54'),
(98, 66, '2020-07-30 12:37:54'),
(98, 72, '2020-07-30 12:37:54'),
(98, 81, '2020-07-30 12:37:54'),
(98, 87, '2020-07-30 12:37:54'),
(98, 107, '2020-07-30 12:37:54'),
(98, 120, '2020-07-30 12:37:54'),
(98, 183, '2020-07-30 12:37:54'),
(98, 194, '2020-07-30 12:37:54'),
(98, 212, '2020-07-30 12:37:54'),
(98, 297, '2020-07-30 12:37:54'),
(98, 607, '2020-07-30 12:37:54'),
(98, 634, '2020-07-30 12:37:54'),
(98, 686, '2020-07-30 12:37:54'),
(98, 705, '2020-07-30 12:37:54'),
(98, 710, '2020-07-30 12:37:54'),
(98, 721, '2020-07-30 12:37:54'),
(98, 725, '2020-07-30 12:37:54'),
(98, 734, '2020-07-30 12:37:54'),
(98, 738, '2020-07-30 12:37:54'),
(98, 765, '2020-07-30 12:37:54'),
(98, 782, '2020-07-30 12:37:54'),
(98, 824, '2020-07-30 12:37:54'),
(98, 829, '2020-07-30 12:37:54'),
(98, 912, '2020-07-30 12:37:54'),
(98, 955, '2020-07-30 12:37:54'),
(98, 985, '2020-07-30 12:37:54'),
(98, 990, '2020-07-30 12:37:54'),
(99, 7, '2020-07-30 12:37:54'),
(99, 27, '2020-07-30 12:37:54'),
(99, 84, '2020-07-30 12:37:54'),
(99, 250, '2020-07-30 12:37:54'),
(99, 322, '2020-07-30 12:37:54'),
(99, 325, '2020-07-30 12:37:54'),
(99, 381, '2020-07-30 12:37:54'),
(99, 414, '2020-07-30 12:37:54'),
(99, 475, '2020-07-30 12:37:54'),
(99, 490, '2020-07-30 12:37:54'),
(99, 512, '2020-07-30 12:37:54'),
(99, 540, '2020-07-30 12:37:54'),
(99, 572, '2020-07-30 12:37:54'),
(99, 600, '2020-07-30 12:37:54'),
(99, 618, '2020-07-30 12:37:54'),
(99, 620, '2020-07-30 12:37:54'),
(99, 622, '2020-07-30 12:37:54'),
(99, 636, '2020-07-30 12:37:54'),
(99, 672, '2020-07-30 12:37:54'),
(99, 726, '2020-07-30 12:37:54'),
(99, 741, '2020-07-30 12:37:54'),
(99, 796, '2020-07-30 12:37:54'),
(99, 835, '2020-07-30 12:37:54'),
(99, 967, '2020-07-30 12:37:54'),
(99, 978, '2020-07-30 12:37:54'),
(99, 982, '2020-07-30 12:37:54'),
(100, 17, '2020-07-30 12:37:54'),
(100, 118, '2020-07-30 12:37:54'),
(100, 250, '2020-07-30 12:37:54'),
(100, 411, '2020-07-30 12:37:54'),
(100, 414, '2020-07-30 12:37:54'),
(100, 513, '2020-07-30 12:37:54'),
(100, 563, '2020-07-30 12:37:54'),
(100, 642, '2020-07-30 12:37:54'),
(100, 714, '2020-07-30 12:37:54'),
(100, 718, '2020-07-30 12:37:54'),
(100, 759, '2020-07-30 12:37:54'),
(100, 779, '2020-07-30 12:37:54'),
(100, 815, '2020-07-30 12:37:54'),
(100, 846, '2020-07-30 12:37:54'),
(100, 850, '2020-07-30 12:37:54'),
(100, 872, '2020-07-30 12:37:54'),
(100, 877, '2020-07-30 12:37:54'),
(100, 909, '2020-07-30 12:37:54'),
(100, 919, '2020-07-30 12:37:54'),
(100, 944, '2020-07-30 12:37:54'),
(100, 967, '2020-07-30 12:37:54'),
(100, 979, '2020-07-30 12:37:54'),
(100, 991, '2020-07-30 12:37:54'),
(100, 992, '2020-07-30 12:37:54'),
(101, 60, '2020-07-30 12:37:54'),
(101, 66, '2020-07-30 12:37:54'),
(101, 85, '2020-07-30 12:37:54'),
(101, 146, '2020-07-30 12:37:54'),
(101, 189, '2020-07-30 12:37:54'),
(101, 250, '2020-07-30 12:37:54'),
(101, 255, '2020-07-30 12:37:54'),
(101, 263, '2020-07-30 12:37:54'),
(101, 275, '2020-07-30 12:37:54'),
(101, 289, '2020-07-30 12:37:54'),
(101, 491, '2020-07-30 12:37:54'),
(101, 494, '2020-07-30 12:37:54'),
(101, 511, '2020-07-30 12:37:54'),
(101, 568, '2020-07-30 12:37:54'),
(101, 608, '2020-07-30 12:37:54'),
(101, 617, '2020-07-30 12:37:54'),
(101, 655, '2020-07-30 12:37:54'),
(101, 662, '2020-07-30 12:37:54'),
(101, 700, '2020-07-30 12:37:54'),
(101, 702, '2020-07-30 12:37:54'),
(101, 758, '2020-07-30 12:37:54'),
(101, 774, '2020-07-30 12:37:54'),
(101, 787, '2020-07-30 12:37:54'),
(101, 828, '2020-07-30 12:37:54'),
(101, 841, '2020-07-30 12:37:54'),
(101, 928, '2020-07-30 12:37:54'),
(101, 932, '2020-07-30 12:37:54'),
(101, 936, '2020-07-30 12:37:54'),
(101, 941, '2020-07-30 12:37:54'),
(101, 978, '2020-07-30 12:37:54'),
(101, 980, '2020-07-30 12:37:54'),
(101, 984, '2020-07-30 12:37:54'),
(101, 988, '2020-07-30 12:37:54'),
(102, 20, '2020-07-30 12:37:54'),
(102, 34, '2020-07-30 12:37:54'),
(102, 53, '2020-07-30 12:37:54'),
(102, 123, '2020-07-30 12:37:54'),
(102, 124, '2020-07-30 12:37:54'),
(102, 194, '2020-07-30 12:37:54'),
(102, 200, '2020-07-30 12:37:54'),
(102, 205, '2020-07-30 12:37:54'),
(102, 268, '2020-07-30 12:37:54'),
(102, 326, '2020-07-30 12:37:54'),
(102, 329, '2020-07-30 12:37:54'),
(102, 334, '2020-07-30 12:37:54'),
(102, 351, '2020-07-30 12:37:54'),
(102, 418, '2020-07-30 12:37:54'),
(102, 431, '2020-07-30 12:37:54'),
(102, 446, '2020-07-30 12:37:54'),
(102, 485, '2020-07-30 12:37:54'),
(102, 508, '2020-07-30 12:37:54'),
(102, 517, '2020-07-30 12:37:54'),
(102, 521, '2020-07-30 12:37:54'),
(102, 526, '2020-07-30 12:37:54'),
(102, 529, '2020-07-30 12:37:54'),
(102, 544, '2020-07-30 12:37:54'),
(102, 600, '2020-07-30 12:37:54'),
(102, 605, '2020-07-30 12:37:54'),
(102, 606, '2020-07-30 12:37:54'),
(102, 624, '2020-07-30 12:37:54'),
(102, 631, '2020-07-30 12:37:54'),
(102, 712, '2020-07-30 12:37:54'),
(102, 728, '2020-07-30 12:37:54'),
(102, 744, '2020-07-30 12:37:54'),
(102, 796, '2020-07-30 12:37:54'),
(102, 802, '2020-07-30 12:37:54'),
(102, 810, '2020-07-30 12:37:54'),
(102, 828, '2020-07-30 12:37:54'),
(102, 837, '2020-07-30 12:37:54'),
(102, 845, '2020-07-30 12:37:54'),
(102, 852, '2020-07-30 12:37:54'),
(102, 958, '2020-07-30 12:37:54'),
(102, 979, '2020-07-30 12:37:54'),
(102, 980, '2020-07-30 12:37:54'),
(103, 5, '2020-07-30 12:37:54'),
(103, 118, '2020-07-30 12:37:54'),
(103, 130, '2020-07-30 12:37:54'),
(103, 197, '2020-07-30 12:37:54'),
(103, 199, '2020-07-30 12:37:54'),
(103, 206, '2020-07-30 12:37:54'),
(103, 215, '2020-07-30 12:37:54'),
(103, 221, '2020-07-30 12:37:54'),
(103, 271, '2020-07-30 12:37:54'),
(103, 285, '2020-07-30 12:37:54'),
(103, 315, '2020-07-30 12:37:54'),
(103, 318, '2020-07-30 12:37:54'),
(103, 333, '2020-07-30 12:37:54'),
(103, 347, '2020-07-30 12:37:54'),
(103, 356, '2020-07-30 12:37:54'),
(103, 360, '2020-07-30 12:37:54'),
(103, 378, '2020-07-30 12:37:54'),
(103, 437, '2020-07-30 12:37:54'),
(103, 585, '2020-07-30 12:37:54'),
(103, 609, '2020-07-30 12:37:54'),
(103, 639, '2020-07-30 12:37:54'),
(103, 643, '2020-07-30 12:37:54'),
(103, 692, '2020-07-30 12:37:54'),
(103, 735, '2020-07-30 12:37:54'),
(103, 822, '2020-07-30 12:37:54'),
(103, 895, '2020-07-30 12:37:54'),
(103, 903, '2020-07-30 12:37:54'),
(103, 912, '2020-07-30 12:37:54'),
(103, 942, '2020-07-30 12:37:54'),
(103, 956, '2020-07-30 12:37:54'),
(104, 19, '2020-07-30 12:37:54'),
(104, 39, '2020-07-30 12:37:54'),
(104, 40, '2020-07-30 12:37:54'),
(104, 59, '2020-07-30 12:37:54'),
(104, 70, '2020-07-30 12:37:54'),
(104, 136, '2020-07-30 12:37:54'),
(104, 156, '2020-07-30 12:37:54'),
(104, 184, '2020-07-30 12:37:54'),
(104, 198, '2020-07-30 12:37:54'),
(104, 233, '2020-07-30 12:37:54'),
(104, 259, '2020-07-30 12:37:54'),
(104, 287, '2020-07-30 12:37:54'),
(104, 309, '2020-07-30 12:37:54'),
(104, 313, '2020-07-30 12:37:54'),
(104, 394, '2020-07-30 12:37:54'),
(104, 401, '2020-07-30 12:37:54'),
(104, 463, '2020-07-30 12:37:54'),
(104, 506, '2020-07-30 12:37:54'),
(104, 516, '2020-07-30 12:37:54'),
(104, 583, '2020-07-30 12:37:54'),
(104, 600, '2020-07-30 12:37:54'),
(104, 607, '2020-07-30 12:37:54'),
(104, 657, '2020-07-30 12:37:54'),
(104, 677, '2020-07-30 12:37:54'),
(104, 739, '2020-07-30 12:37:54'),
(104, 892, '2020-07-30 12:37:54'),
(104, 904, '2020-07-30 12:37:54'),
(104, 926, '2020-07-30 12:37:54'),
(104, 945, '2020-07-30 12:37:54'),
(104, 984, '2020-07-30 12:37:54'),
(104, 999, '2020-07-30 12:37:54'),
(105, 12, '2020-07-30 12:37:54'),
(105, 15, '2020-07-30 12:37:54'),
(105, 21, '2020-07-30 12:37:54'),
(105, 29, '2020-07-30 12:37:54'),
(105, 42, '2020-07-30 12:37:54'),
(105, 116, '2020-07-30 12:37:54'),
(105, 158, '2020-07-30 12:37:54'),
(105, 239, '2020-07-30 12:37:54'),
(105, 280, '2020-07-30 12:37:54'),
(105, 283, '2020-07-30 12:37:54'),
(105, 315, '2020-07-30 12:37:54'),
(105, 333, '2020-07-30 12:37:54'),
(105, 372, '2020-07-30 12:37:54'),
(105, 377, '2020-07-30 12:37:54'),
(105, 530, '2020-07-30 12:37:54'),
(105, 558, '2020-07-30 12:37:54'),
(105, 561, '2020-07-30 12:37:54'),
(105, 606, '2020-07-30 12:37:54'),
(105, 649, '2020-07-30 12:37:54'),
(105, 686, '2020-07-30 12:37:54'),
(105, 750, '2020-07-30 12:37:54'),
(105, 795, '2020-07-30 12:37:54'),
(105, 831, '2020-07-30 12:37:54'),
(105, 835, '2020-07-30 12:37:54'),
(105, 858, '2020-07-30 12:37:54'),
(105, 864, '2020-07-30 12:37:54'),
(105, 893, '2020-07-30 12:37:54'),
(105, 906, '2020-07-30 12:37:54'),
(105, 910, '2020-07-30 12:37:54'),
(105, 915, '2020-07-30 12:37:54'),
(105, 954, '2020-07-30 12:37:54'),
(105, 990, '2020-07-30 12:37:54'),
(105, 993, '2020-07-30 12:37:54'),
(105, 994, '2020-07-30 12:37:54'),
(106, 44, '2020-07-30 12:37:54'),
(106, 83, '2020-07-30 12:37:54'),
(106, 108, '2020-07-30 12:37:54'),
(106, 126, '2020-07-30 12:37:54'),
(106, 136, '2020-07-30 12:37:54'),
(106, 166, '2020-07-30 12:37:54'),
(106, 189, '2020-07-30 12:37:54'),
(106, 194, '2020-07-30 12:37:54'),
(106, 204, '2020-07-30 12:37:54'),
(106, 229, '2020-07-30 12:37:54'),
(106, 241, '2020-07-30 12:37:54'),
(106, 345, '2020-07-30 12:37:54'),
(106, 365, '2020-07-30 12:37:54'),
(106, 399, '2020-07-30 12:37:54'),
(106, 439, '2020-07-30 12:37:54'),
(106, 457, '2020-07-30 12:37:54'),
(106, 469, '2020-07-30 12:37:54'),
(106, 500, '2020-07-30 12:37:54'),
(106, 505, '2020-07-30 12:37:54'),
(106, 559, '2020-07-30 12:37:54'),
(106, 566, '2020-07-30 12:37:54'),
(106, 585, '2020-07-30 12:37:54'),
(106, 639, '2020-07-30 12:37:54'),
(106, 654, '2020-07-30 12:37:54'),
(106, 659, '2020-07-30 12:37:54'),
(106, 675, '2020-07-30 12:37:54'),
(106, 687, '2020-07-30 12:37:54'),
(106, 752, '2020-07-30 12:37:54'),
(106, 763, '2020-07-30 12:37:54'),
(106, 780, '2020-07-30 12:37:54'),
(106, 858, '2020-07-30 12:37:54'),
(106, 866, '2020-07-30 12:37:54'),
(106, 881, '2020-07-30 12:37:54'),
(106, 894, '2020-07-30 12:37:54'),
(106, 934, '2020-07-30 12:37:54'),
(107, 62, '2020-07-30 12:37:54'),
(107, 112, '2020-07-30 12:37:54'),
(107, 133, '2020-07-30 12:37:54'),
(107, 136, '2020-07-30 12:37:54'),
(107, 138, '2020-07-30 12:37:54'),
(107, 162, '2020-07-30 12:37:54'),
(107, 165, '2020-07-30 12:37:54'),
(107, 172, '2020-07-30 12:37:54'),
(107, 209, '2020-07-30 12:37:54'),
(107, 220, '2020-07-30 12:37:54'),
(107, 239, '2020-07-30 12:37:54'),
(107, 277, '2020-07-30 12:37:54'),
(107, 292, '2020-07-30 12:37:54'),
(107, 338, '2020-07-30 12:37:54'),
(107, 348, '2020-07-30 12:37:54'),
(107, 369, '2020-07-30 12:37:54'),
(107, 388, '2020-07-30 12:37:54'),
(107, 392, '2020-07-30 12:37:54'),
(107, 409, '2020-07-30 12:37:54'),
(107, 430, '2020-07-30 12:37:54'),
(107, 445, '2020-07-30 12:37:54'),
(107, 454, '2020-07-30 12:37:54'),
(107, 458, '2020-07-30 12:37:54'),
(107, 467, '2020-07-30 12:37:54'),
(107, 520, '2020-07-30 12:37:54'),
(107, 534, '2020-07-30 12:37:54'),
(107, 548, '2020-07-30 12:37:54'),
(107, 571, '2020-07-30 12:37:54'),
(107, 574, '2020-07-30 12:37:54'),
(107, 603, '2020-07-30 12:37:54'),
(107, 606, '2020-07-30 12:37:54'),
(107, 637, '2020-07-30 12:37:54'),
(107, 774, '2020-07-30 12:37:54'),
(107, 781, '2020-07-30 12:37:54'),
(107, 796, '2020-07-30 12:37:54'),
(107, 831, '2020-07-30 12:37:54'),
(107, 849, '2020-07-30 12:37:54'),
(107, 859, '2020-07-30 12:37:54'),
(107, 879, '2020-07-30 12:37:54'),
(107, 905, '2020-07-30 12:37:54'),
(107, 973, '2020-07-30 12:37:54'),
(107, 977, '2020-07-30 12:37:54'),
(108, 1, '2020-07-30 12:37:54'),
(108, 6, '2020-07-30 12:37:54'),
(108, 9, '2020-07-30 12:37:54'),
(108, 137, '2020-07-30 12:37:54'),
(108, 208, '2020-07-30 12:37:54'),
(108, 219, '2020-07-30 12:37:54'),
(108, 242, '2020-07-30 12:37:54'),
(108, 278, '2020-07-30 12:37:54'),
(108, 302, '2020-07-30 12:37:54'),
(108, 350, '2020-07-30 12:37:54'),
(108, 378, '2020-07-30 12:37:54'),
(108, 379, '2020-07-30 12:37:54'),
(108, 495, '2020-07-30 12:37:54'),
(108, 507, '2020-07-30 12:37:54'),
(108, 517, '2020-07-30 12:37:54'),
(108, 561, '2020-07-30 12:37:54'),
(108, 567, '2020-07-30 12:37:54'),
(108, 648, '2020-07-30 12:37:54'),
(108, 652, '2020-07-30 12:37:54'),
(108, 655, '2020-07-30 12:37:54'),
(108, 673, '2020-07-30 12:37:54'),
(108, 693, '2020-07-30 12:37:54'),
(108, 696, '2020-07-30 12:37:54'),
(108, 702, '2020-07-30 12:37:54'),
(108, 721, '2020-07-30 12:37:54'),
(108, 733, '2020-07-30 12:37:54'),
(108, 741, '2020-07-30 12:37:54'),
(108, 744, '2020-07-30 12:37:54'),
(108, 887, '2020-07-30 12:37:54'),
(108, 892, '2020-07-30 12:37:54'),
(108, 894, '2020-07-30 12:37:54'),
(108, 920, '2020-07-30 12:37:54'),
(108, 958, '2020-07-30 12:37:54'),
(108, 966, '2020-07-30 12:37:54'),
(109, 12, '2020-07-30 12:37:54'),
(109, 48, '2020-07-30 12:37:54'),
(109, 77, '2020-07-30 12:37:54'),
(109, 157, '2020-07-30 12:37:54'),
(109, 174, '2020-07-30 12:37:54'),
(109, 190, '2020-07-30 12:37:54'),
(109, 243, '2020-07-30 12:37:54'),
(109, 281, '2020-07-30 12:37:54'),
(109, 393, '2020-07-30 12:37:54'),
(109, 463, '2020-07-30 12:37:54'),
(109, 622, '2020-07-30 12:37:54'),
(109, 657, '2020-07-30 12:37:54'),
(109, 694, '2020-07-30 12:37:54'),
(109, 700, '2020-07-30 12:37:54'),
(109, 732, '2020-07-30 12:37:54'),
(109, 753, '2020-07-30 12:37:54'),
(109, 785, '2020-07-30 12:37:54'),
(109, 786, '2020-07-30 12:37:54'),
(109, 863, '2020-07-30 12:37:54'),
(109, 885, '2020-07-30 12:37:54'),
(109, 955, '2020-07-30 12:37:54'),
(109, 967, '2020-07-30 12:37:54'),
(110, 8, '2020-07-30 12:37:54'),
(110, 27, '2020-07-30 12:37:54'),
(110, 62, '2020-07-30 12:37:54'),
(110, 120, '2020-07-30 12:37:54'),
(110, 126, '2020-07-30 12:37:54'),
(110, 156, '2020-07-30 12:37:54'),
(110, 292, '2020-07-30 12:37:54'),
(110, 343, '2020-07-30 12:37:54'),
(110, 360, '2020-07-30 12:37:54'),
(110, 369, '2020-07-30 12:37:54'),
(110, 435, '2020-07-30 12:37:54'),
(110, 513, '2020-07-30 12:37:54'),
(110, 525, '2020-07-30 12:37:54'),
(110, 539, '2020-07-30 12:37:54'),
(110, 545, '2020-07-30 12:37:54'),
(110, 625, '2020-07-30 12:37:54'),
(110, 650, '2020-07-30 12:37:54'),
(110, 801, '2020-07-30 12:37:54'),
(110, 912, '2020-07-30 12:37:54'),
(110, 961, '2020-07-30 12:37:54'),
(110, 987, '2020-07-30 12:37:54'),
(111, 61, '2020-07-30 12:37:54'),
(111, 78, '2020-07-30 12:37:54'),
(111, 98, '2020-07-30 12:37:54'),
(111, 162, '2020-07-30 12:37:54'),
(111, 179, '2020-07-30 12:37:54'),
(111, 194, '2020-07-30 12:37:54'),
(111, 325, '2020-07-30 12:37:54'),
(111, 359, '2020-07-30 12:37:54'),
(111, 382, '2020-07-30 12:37:54'),
(111, 403, '2020-07-30 12:37:54'),
(111, 407, '2020-07-30 12:37:54'),
(111, 414, '2020-07-30 12:37:54'),
(111, 474, '2020-07-30 12:37:54'),
(111, 489, '2020-07-30 12:37:54'),
(111, 508, '2020-07-30 12:37:54'),
(111, 555, '2020-07-30 12:37:54'),
(111, 603, '2020-07-30 12:37:54'),
(111, 608, '2020-07-30 12:37:54'),
(111, 643, '2020-07-30 12:37:54'),
(111, 669, '2020-07-30 12:37:54'),
(111, 679, '2020-07-30 12:37:54'),
(111, 680, '2020-07-30 12:37:54'),
(111, 699, '2020-07-30 12:37:54'),
(111, 731, '2020-07-30 12:37:54'),
(111, 732, '2020-07-30 12:37:54'),
(111, 737, '2020-07-30 12:37:54'),
(111, 744, '2020-07-30 12:37:54'),
(111, 777, '2020-07-30 12:37:54'),
(111, 847, '2020-07-30 12:37:54'),
(111, 894, '2020-07-30 12:37:54'),
(111, 919, '2020-07-30 12:37:54'),
(111, 962, '2020-07-30 12:37:54'),
(111, 973, '2020-07-30 12:37:54'),
(112, 34, '2020-07-30 12:37:54'),
(112, 37, '2020-07-30 12:37:54'),
(112, 151, '2020-07-30 12:37:54'),
(112, 173, '2020-07-30 12:37:54'),
(112, 188, '2020-07-30 12:37:54'),
(112, 231, '2020-07-30 12:37:54'),
(112, 312, '2020-07-30 12:37:54'),
(112, 322, '2020-07-30 12:37:54'),
(112, 443, '2020-07-30 12:37:54'),
(112, 450, '2020-07-30 12:37:54'),
(112, 565, '2020-07-30 12:37:54'),
(112, 603, '2020-07-30 12:37:54'),
(112, 606, '2020-07-30 12:37:54'),
(112, 654, '2020-07-30 12:37:54'),
(112, 666, '2020-07-30 12:37:54'),
(112, 700, '2020-07-30 12:37:54'),
(112, 728, '2020-07-30 12:37:54'),
(112, 772, '2020-07-30 12:37:54'),
(112, 796, '2020-07-30 12:37:54'),
(112, 817, '2020-07-30 12:37:54'),
(112, 829, '2020-07-30 12:37:54'),
(112, 856, '2020-07-30 12:37:54'),
(112, 865, '2020-07-30 12:37:54'),
(112, 869, '2020-07-30 12:37:54'),
(112, 988, '2020-07-30 12:37:54'),
(113, 35, '2020-07-30 12:37:54'),
(113, 84, '2020-07-30 12:37:54'),
(113, 116, '2020-07-30 12:37:54'),
(113, 181, '2020-07-30 12:37:54'),
(113, 218, '2020-07-30 12:37:54'),
(113, 249, '2020-07-30 12:37:54'),
(113, 258, '2020-07-30 12:37:54'),
(113, 292, '2020-07-30 12:37:54'),
(113, 322, '2020-07-30 12:37:54'),
(113, 353, '2020-07-30 12:37:54'),
(113, 403, '2020-07-30 12:37:54'),
(113, 525, '2020-07-30 12:37:54'),
(113, 642, '2020-07-30 12:37:54'),
(113, 656, '2020-07-30 12:37:54'),
(113, 674, '2020-07-30 12:37:54'),
(113, 680, '2020-07-30 12:37:54'),
(113, 700, '2020-07-30 12:37:54'),
(113, 719, '2020-07-30 12:37:54'),
(113, 723, '2020-07-30 12:37:54'),
(113, 726, '2020-07-30 12:37:54'),
(113, 732, '2020-07-30 12:37:54'),
(113, 748, '2020-07-30 12:37:54'),
(113, 838, '2020-07-30 12:37:54'),
(113, 890, '2020-07-30 12:37:54'),
(113, 921, '2020-07-30 12:37:54'),
(113, 969, '2020-07-30 12:37:54'),
(113, 981, '2020-07-30 12:37:54'),
(114, 13, '2020-07-30 12:37:54'),
(114, 68, '2020-07-30 12:37:54'),
(114, 90, '2020-07-30 12:37:54'),
(114, 162, '2020-07-30 12:37:54'),
(114, 188, '2020-07-30 12:37:54'),
(114, 194, '2020-07-30 12:37:54'),
(114, 210, '2020-07-30 12:37:54'),
(114, 237, '2020-07-30 12:37:54'),
(114, 254, '2020-07-30 12:37:54'),
(114, 305, '2020-07-30 12:37:54'),
(114, 339, '2020-07-30 12:37:54'),
(114, 420, '2020-07-30 12:37:54'),
(114, 425, '2020-07-30 12:37:54'),
(114, 452, '2020-07-30 12:37:54'),
(114, 538, '2020-07-30 12:37:54'),
(114, 619, '2020-07-30 12:37:54'),
(114, 757, '2020-07-30 12:37:54'),
(114, 807, '2020-07-30 12:37:54'),
(114, 827, '2020-07-30 12:37:54'),
(114, 841, '2020-07-30 12:37:54'),
(114, 861, '2020-07-30 12:37:54'),
(114, 866, '2020-07-30 12:37:54'),
(114, 913, '2020-07-30 12:37:54'),
(114, 961, '2020-07-30 12:37:54'),
(114, 993, '2020-07-30 12:37:54'),
(115, 49, '2020-07-30 12:37:54'),
(115, 52, '2020-07-30 12:37:54'),
(115, 245, '2020-07-30 12:37:54');
INSERT INTO `film_actor` (`actor_id`, `film_id`, `last_update`) VALUES
(115, 246, '2020-07-30 12:37:54'),
(115, 277, '2020-07-30 12:37:54'),
(115, 302, '2020-07-30 12:37:54'),
(115, 379, '2020-07-30 12:37:54'),
(115, 383, '2020-07-30 12:37:54'),
(115, 391, '2020-07-30 12:37:54'),
(115, 428, '2020-07-30 12:37:54'),
(115, 506, '2020-07-30 12:37:54'),
(115, 531, '2020-07-30 12:37:54'),
(115, 607, '2020-07-30 12:37:54'),
(115, 615, '2020-07-30 12:37:54'),
(115, 661, '2020-07-30 12:37:54'),
(115, 671, '2020-07-30 12:37:54'),
(115, 686, '2020-07-30 12:37:54'),
(115, 703, '2020-07-30 12:37:54'),
(115, 714, '2020-07-30 12:37:54'),
(115, 740, '2020-07-30 12:37:54'),
(115, 754, '2020-07-30 12:37:54'),
(115, 846, '2020-07-30 12:37:54'),
(115, 887, '2020-07-30 12:37:54'),
(115, 952, '2020-07-30 12:37:54'),
(115, 955, '2020-07-30 12:37:54'),
(115, 966, '2020-07-30 12:37:54'),
(115, 985, '2020-07-30 12:37:54'),
(115, 994, '2020-07-30 12:37:54'),
(116, 36, '2020-07-30 12:37:54'),
(116, 48, '2020-07-30 12:37:54'),
(116, 88, '2020-07-30 12:37:54'),
(116, 90, '2020-07-30 12:37:54'),
(116, 105, '2020-07-30 12:37:54'),
(116, 128, '2020-07-30 12:37:54'),
(116, 336, '2020-07-30 12:37:54'),
(116, 338, '2020-07-30 12:37:54'),
(116, 384, '2020-07-30 12:37:54'),
(116, 412, '2020-07-30 12:37:54'),
(116, 420, '2020-07-30 12:37:54'),
(116, 451, '2020-07-30 12:37:54'),
(116, 481, '2020-07-30 12:37:54'),
(116, 492, '2020-07-30 12:37:54'),
(116, 584, '2020-07-30 12:37:54'),
(116, 606, '2020-07-30 12:37:54'),
(116, 622, '2020-07-30 12:37:54'),
(116, 647, '2020-07-30 12:37:54'),
(116, 653, '2020-07-30 12:37:54'),
(116, 742, '2020-07-30 12:37:54'),
(116, 784, '2020-07-30 12:37:54'),
(116, 844, '2020-07-30 12:37:54'),
(116, 939, '2020-07-30 12:37:54'),
(116, 956, '2020-07-30 12:37:54'),
(117, 10, '2020-07-30 12:37:54'),
(117, 15, '2020-07-30 12:37:54'),
(117, 42, '2020-07-30 12:37:54'),
(117, 167, '2020-07-30 12:37:54'),
(117, 178, '2020-07-30 12:37:54'),
(117, 190, '2020-07-30 12:37:54'),
(117, 197, '2020-07-30 12:37:54'),
(117, 224, '2020-07-30 12:37:54'),
(117, 246, '2020-07-30 12:37:54'),
(117, 273, '2020-07-30 12:37:54'),
(117, 298, '2020-07-30 12:37:54'),
(117, 316, '2020-07-30 12:37:54'),
(117, 337, '2020-07-30 12:37:54'),
(117, 395, '2020-07-30 12:37:54'),
(117, 423, '2020-07-30 12:37:54'),
(117, 432, '2020-07-30 12:37:54'),
(117, 459, '2020-07-30 12:37:54'),
(117, 468, '2020-07-30 12:37:54'),
(117, 550, '2020-07-30 12:37:54'),
(117, 578, '2020-07-30 12:37:54'),
(117, 707, '2020-07-30 12:37:54'),
(117, 710, '2020-07-30 12:37:54'),
(117, 738, '2020-07-30 12:37:54'),
(117, 739, '2020-07-30 12:37:54'),
(117, 778, '2020-07-30 12:37:54'),
(117, 783, '2020-07-30 12:37:54'),
(117, 785, '2020-07-30 12:37:54'),
(117, 797, '2020-07-30 12:37:54'),
(117, 812, '2020-07-30 12:37:54'),
(117, 831, '2020-07-30 12:37:54'),
(117, 864, '2020-07-30 12:37:54'),
(117, 887, '2020-07-30 12:37:54'),
(117, 926, '2020-07-30 12:37:54'),
(118, 35, '2020-07-30 12:37:54'),
(118, 39, '2020-07-30 12:37:54'),
(118, 41, '2020-07-30 12:37:54'),
(118, 49, '2020-07-30 12:37:54'),
(118, 55, '2020-07-30 12:37:54'),
(118, 136, '2020-07-30 12:37:54'),
(118, 141, '2020-07-30 12:37:54'),
(118, 151, '2020-07-30 12:37:54'),
(118, 311, '2020-07-30 12:37:54'),
(118, 384, '2020-07-30 12:37:54'),
(118, 399, '2020-07-30 12:37:54'),
(118, 499, '2020-07-30 12:37:54'),
(118, 517, '2020-07-30 12:37:54'),
(118, 553, '2020-07-30 12:37:54'),
(118, 558, '2020-07-30 12:37:54'),
(118, 572, '2020-07-30 12:37:54'),
(118, 641, '2020-07-30 12:37:54'),
(118, 656, '2020-07-30 12:37:54'),
(118, 695, '2020-07-30 12:37:54'),
(118, 735, '2020-07-30 12:37:54'),
(118, 788, '2020-07-30 12:37:54'),
(118, 852, '2020-07-30 12:37:54'),
(118, 938, '2020-07-30 12:37:54'),
(118, 957, '2020-07-30 12:37:54'),
(118, 969, '2020-07-30 12:37:54'),
(119, 21, '2020-07-30 12:37:54'),
(119, 49, '2020-07-30 12:37:54'),
(119, 64, '2020-07-30 12:37:54'),
(119, 87, '2020-07-30 12:37:54'),
(119, 143, '2020-07-30 12:37:54'),
(119, 171, '2020-07-30 12:37:54'),
(119, 172, '2020-07-30 12:37:54'),
(119, 173, '2020-07-30 12:37:54'),
(119, 381, '2020-07-30 12:37:54'),
(119, 394, '2020-07-30 12:37:54'),
(119, 412, '2020-07-30 12:37:54'),
(119, 418, '2020-07-30 12:37:54'),
(119, 454, '2020-07-30 12:37:54'),
(119, 509, '2020-07-30 12:37:54'),
(119, 521, '2020-07-30 12:37:54'),
(119, 567, '2020-07-30 12:37:54'),
(119, 570, '2020-07-30 12:37:54'),
(119, 592, '2020-07-30 12:37:54'),
(119, 614, '2020-07-30 12:37:54'),
(119, 636, '2020-07-30 12:37:54'),
(119, 649, '2020-07-30 12:37:54'),
(119, 693, '2020-07-30 12:37:54'),
(119, 738, '2020-07-30 12:37:54'),
(119, 751, '2020-07-30 12:37:54'),
(119, 782, '2020-07-30 12:37:54'),
(119, 786, '2020-07-30 12:37:54'),
(119, 788, '2020-07-30 12:37:54'),
(119, 802, '2020-07-30 12:37:54'),
(119, 858, '2020-07-30 12:37:54'),
(119, 868, '2020-07-30 12:37:54'),
(119, 900, '2020-07-30 12:37:54'),
(119, 939, '2020-07-30 12:37:54'),
(120, 57, '2020-07-30 12:37:54'),
(120, 63, '2020-07-30 12:37:54'),
(120, 144, '2020-07-30 12:37:54'),
(120, 149, '2020-07-30 12:37:54'),
(120, 208, '2020-07-30 12:37:54'),
(120, 231, '2020-07-30 12:37:54'),
(120, 238, '2020-07-30 12:37:54'),
(120, 255, '2020-07-30 12:37:54'),
(120, 414, '2020-07-30 12:37:54'),
(120, 424, '2020-07-30 12:37:54'),
(120, 489, '2020-07-30 12:37:54'),
(120, 513, '2020-07-30 12:37:54'),
(120, 590, '2020-07-30 12:37:54'),
(120, 641, '2020-07-30 12:37:54'),
(120, 642, '2020-07-30 12:37:54'),
(120, 659, '2020-07-30 12:37:54'),
(120, 682, '2020-07-30 12:37:54'),
(120, 691, '2020-07-30 12:37:54'),
(120, 715, '2020-07-30 12:37:54'),
(120, 717, '2020-07-30 12:37:54'),
(120, 722, '2020-07-30 12:37:54'),
(120, 746, '2020-07-30 12:37:54'),
(120, 830, '2020-07-30 12:37:54'),
(120, 894, '2020-07-30 12:37:54'),
(120, 898, '2020-07-30 12:37:54'),
(120, 911, '2020-07-30 12:37:54'),
(120, 994, '2020-07-30 12:37:54'),
(121, 141, '2020-07-30 12:37:54'),
(121, 154, '2020-07-30 12:37:54'),
(121, 161, '2020-07-30 12:37:54'),
(121, 170, '2020-07-30 12:37:54'),
(121, 186, '2020-07-30 12:37:54'),
(121, 198, '2020-07-30 12:37:54'),
(121, 220, '2020-07-30 12:37:54'),
(121, 222, '2020-07-30 12:37:54'),
(121, 284, '2020-07-30 12:37:54'),
(121, 297, '2020-07-30 12:37:54'),
(121, 338, '2020-07-30 12:37:54'),
(121, 353, '2020-07-30 12:37:54'),
(121, 449, '2020-07-30 12:37:54'),
(121, 479, '2020-07-30 12:37:54'),
(121, 517, '2020-07-30 12:37:54'),
(121, 633, '2020-07-30 12:37:54'),
(121, 654, '2020-07-30 12:37:54'),
(121, 658, '2020-07-30 12:37:54'),
(121, 666, '2020-07-30 12:37:54'),
(121, 771, '2020-07-30 12:37:54'),
(121, 780, '2020-07-30 12:37:54'),
(121, 847, '2020-07-30 12:37:54'),
(121, 884, '2020-07-30 12:37:54'),
(121, 885, '2020-07-30 12:37:54'),
(121, 966, '2020-07-30 12:37:54'),
(122, 22, '2020-07-30 12:37:54'),
(122, 29, '2020-07-30 12:37:54'),
(122, 76, '2020-07-30 12:37:54'),
(122, 83, '2020-07-30 12:37:54'),
(122, 157, '2020-07-30 12:37:54'),
(122, 158, '2020-07-30 12:37:54'),
(122, 166, '2020-07-30 12:37:54'),
(122, 227, '2020-07-30 12:37:54'),
(122, 238, '2020-07-30 12:37:54'),
(122, 300, '2020-07-30 12:37:54'),
(122, 307, '2020-07-30 12:37:54'),
(122, 363, '2020-07-30 12:37:54'),
(122, 470, '2020-07-30 12:37:54'),
(122, 489, '2020-07-30 12:37:54'),
(122, 491, '2020-07-30 12:37:54'),
(122, 542, '2020-07-30 12:37:54'),
(122, 620, '2020-07-30 12:37:54'),
(122, 649, '2020-07-30 12:37:54'),
(122, 654, '2020-07-30 12:37:54'),
(122, 673, '2020-07-30 12:37:54'),
(122, 718, '2020-07-30 12:37:54'),
(122, 795, '2020-07-30 12:37:54'),
(122, 957, '2020-07-30 12:37:54'),
(122, 961, '2020-07-30 12:37:54'),
(122, 998, '2020-07-30 12:37:54'),
(123, 3, '2020-07-30 12:37:54'),
(123, 43, '2020-07-30 12:37:54'),
(123, 67, '2020-07-30 12:37:54'),
(123, 105, '2020-07-30 12:37:54'),
(123, 148, '2020-07-30 12:37:54'),
(123, 151, '2020-07-30 12:37:54'),
(123, 185, '2020-07-30 12:37:54'),
(123, 223, '2020-07-30 12:37:54'),
(123, 234, '2020-07-30 12:37:54'),
(123, 245, '2020-07-30 12:37:54'),
(123, 246, '2020-07-30 12:37:54'),
(123, 266, '2020-07-30 12:37:54'),
(123, 286, '2020-07-30 12:37:54'),
(123, 429, '2020-07-30 12:37:54'),
(123, 442, '2020-07-30 12:37:54'),
(123, 446, '2020-07-30 12:37:54'),
(123, 479, '2020-07-30 12:37:54'),
(123, 480, '2020-07-30 12:37:54'),
(123, 494, '2020-07-30 12:37:54'),
(123, 503, '2020-07-30 12:37:54'),
(123, 530, '2020-07-30 12:37:54'),
(123, 576, '2020-07-30 12:37:54'),
(123, 577, '2020-07-30 12:37:54'),
(123, 589, '2020-07-30 12:37:54'),
(123, 593, '2020-07-30 12:37:54'),
(123, 725, '2020-07-30 12:37:54'),
(123, 730, '2020-07-30 12:37:54'),
(123, 786, '2020-07-30 12:37:54'),
(123, 860, '2020-07-30 12:37:54'),
(123, 892, '2020-07-30 12:37:54'),
(123, 926, '2020-07-30 12:37:54'),
(123, 988, '2020-07-30 12:37:54'),
(124, 22, '2020-07-30 12:37:54'),
(124, 64, '2020-07-30 12:37:54'),
(124, 106, '2020-07-30 12:37:54'),
(124, 113, '2020-07-30 12:37:54'),
(124, 190, '2020-07-30 12:37:54'),
(124, 246, '2020-07-30 12:37:54'),
(124, 260, '2020-07-30 12:37:54'),
(124, 263, '2020-07-30 12:37:54'),
(124, 289, '2020-07-30 12:37:54'),
(124, 306, '2020-07-30 12:37:54'),
(124, 312, '2020-07-30 12:37:54'),
(124, 322, '2020-07-30 12:37:54'),
(124, 343, '2020-07-30 12:37:54'),
(124, 449, '2020-07-30 12:37:54'),
(124, 468, '2020-07-30 12:37:54'),
(124, 539, '2020-07-30 12:37:54'),
(124, 601, '2020-07-30 12:37:54'),
(124, 726, '2020-07-30 12:37:54'),
(124, 742, '2020-07-30 12:37:54'),
(124, 775, '2020-07-30 12:37:54'),
(124, 785, '2020-07-30 12:37:54'),
(124, 814, '2020-07-30 12:37:54'),
(124, 858, '2020-07-30 12:37:54'),
(124, 882, '2020-07-30 12:37:54'),
(124, 987, '2020-07-30 12:37:54'),
(124, 997, '2020-07-30 12:37:54'),
(125, 62, '2020-07-30 12:37:54'),
(125, 98, '2020-07-30 12:37:54'),
(125, 100, '2020-07-30 12:37:54'),
(125, 114, '2020-07-30 12:37:54'),
(125, 175, '2020-07-30 12:37:54'),
(125, 188, '2020-07-30 12:37:54'),
(125, 204, '2020-07-30 12:37:54'),
(125, 238, '2020-07-30 12:37:54'),
(125, 250, '2020-07-30 12:37:54'),
(125, 324, '2020-07-30 12:37:54'),
(125, 338, '2020-07-30 12:37:54'),
(125, 361, '2020-07-30 12:37:54'),
(125, 367, '2020-07-30 12:37:54'),
(125, 395, '2020-07-30 12:37:54'),
(125, 414, '2020-07-30 12:37:54'),
(125, 428, '2020-07-30 12:37:54'),
(125, 429, '2020-07-30 12:37:54'),
(125, 450, '2020-07-30 12:37:54'),
(125, 497, '2020-07-30 12:37:54'),
(125, 557, '2020-07-30 12:37:54'),
(125, 568, '2020-07-30 12:37:54'),
(125, 584, '2020-07-30 12:37:54'),
(125, 602, '2020-07-30 12:37:54'),
(125, 623, '2020-07-30 12:37:54'),
(125, 664, '2020-07-30 12:37:54'),
(125, 683, '2020-07-30 12:37:54'),
(125, 710, '2020-07-30 12:37:54'),
(125, 877, '2020-07-30 12:37:54'),
(125, 908, '2020-07-30 12:37:54'),
(125, 949, '2020-07-30 12:37:54'),
(125, 965, '2020-07-30 12:37:54'),
(126, 21, '2020-07-30 12:37:54'),
(126, 34, '2020-07-30 12:37:54'),
(126, 43, '2020-07-30 12:37:54'),
(126, 58, '2020-07-30 12:37:54'),
(126, 85, '2020-07-30 12:37:54'),
(126, 96, '2020-07-30 12:37:54'),
(126, 193, '2020-07-30 12:37:54'),
(126, 194, '2020-07-30 12:37:54'),
(126, 199, '2020-07-30 12:37:54'),
(126, 256, '2020-07-30 12:37:54'),
(126, 263, '2020-07-30 12:37:54'),
(126, 288, '2020-07-30 12:37:54'),
(126, 317, '2020-07-30 12:37:54'),
(126, 347, '2020-07-30 12:37:54'),
(126, 369, '2020-07-30 12:37:54'),
(126, 370, '2020-07-30 12:37:54'),
(126, 419, '2020-07-30 12:37:54'),
(126, 468, '2020-07-30 12:37:54'),
(126, 469, '2020-07-30 12:37:54'),
(126, 545, '2020-07-30 12:37:54'),
(126, 685, '2020-07-30 12:37:54'),
(126, 836, '2020-07-30 12:37:54'),
(126, 860, '2020-07-30 12:37:54'),
(127, 36, '2020-07-30 12:37:54'),
(127, 47, '2020-07-30 12:37:54'),
(127, 48, '2020-07-30 12:37:54'),
(127, 79, '2020-07-30 12:37:54'),
(127, 119, '2020-07-30 12:37:54'),
(127, 141, '2020-07-30 12:37:54'),
(127, 157, '2020-07-30 12:37:54'),
(127, 202, '2020-07-30 12:37:54'),
(127, 286, '2020-07-30 12:37:54'),
(127, 333, '2020-07-30 12:37:54'),
(127, 354, '2020-07-30 12:37:54'),
(127, 366, '2020-07-30 12:37:54'),
(127, 382, '2020-07-30 12:37:54'),
(127, 388, '2020-07-30 12:37:54'),
(127, 411, '2020-07-30 12:37:54'),
(127, 459, '2020-07-30 12:37:54'),
(127, 553, '2020-07-30 12:37:54'),
(127, 573, '2020-07-30 12:37:54'),
(127, 613, '2020-07-30 12:37:54'),
(127, 617, '2020-07-30 12:37:54'),
(127, 641, '2020-07-30 12:37:54'),
(127, 710, '2020-07-30 12:37:54'),
(127, 727, '2020-07-30 12:37:54'),
(127, 749, '2020-07-30 12:37:54'),
(127, 763, '2020-07-30 12:37:54'),
(127, 771, '2020-07-30 12:37:54'),
(127, 791, '2020-07-30 12:37:54'),
(127, 819, '2020-07-30 12:37:54'),
(127, 839, '2020-07-30 12:37:54'),
(127, 846, '2020-07-30 12:37:54'),
(127, 911, '2020-07-30 12:37:54'),
(127, 953, '2020-07-30 12:37:54'),
(127, 970, '2020-07-30 12:37:54'),
(128, 26, '2020-07-30 12:37:54'),
(128, 82, '2020-07-30 12:37:54'),
(128, 119, '2020-07-30 12:37:54'),
(128, 168, '2020-07-30 12:37:54'),
(128, 212, '2020-07-30 12:37:54'),
(128, 238, '2020-07-30 12:37:54'),
(128, 299, '2020-07-30 12:37:54'),
(128, 312, '2020-07-30 12:37:54'),
(128, 326, '2020-07-30 12:37:54'),
(128, 336, '2020-07-30 12:37:54'),
(128, 345, '2020-07-30 12:37:54'),
(128, 407, '2020-07-30 12:37:54'),
(128, 462, '2020-07-30 12:37:54'),
(128, 485, '2020-07-30 12:37:54'),
(128, 516, '2020-07-30 12:37:54'),
(128, 564, '2020-07-30 12:37:54'),
(128, 614, '2020-07-30 12:37:54'),
(128, 650, '2020-07-30 12:37:54'),
(128, 665, '2020-07-30 12:37:54'),
(128, 671, '2020-07-30 12:37:54'),
(128, 693, '2020-07-30 12:37:54'),
(128, 696, '2020-07-30 12:37:54'),
(128, 759, '2020-07-30 12:37:54'),
(128, 774, '2020-07-30 12:37:54'),
(128, 814, '2020-07-30 12:37:54'),
(128, 899, '2020-07-30 12:37:54'),
(128, 912, '2020-07-30 12:37:54'),
(128, 944, '2020-07-30 12:37:54'),
(128, 949, '2020-07-30 12:37:54'),
(128, 965, '2020-07-30 12:37:54'),
(129, 56, '2020-07-30 12:37:54'),
(129, 89, '2020-07-30 12:37:54'),
(129, 101, '2020-07-30 12:37:54'),
(129, 166, '2020-07-30 12:37:54'),
(129, 202, '2020-07-30 12:37:54'),
(129, 230, '2020-07-30 12:37:54'),
(129, 247, '2020-07-30 12:37:54'),
(129, 249, '2020-07-30 12:37:54'),
(129, 348, '2020-07-30 12:37:54'),
(129, 367, '2020-07-30 12:37:54'),
(129, 391, '2020-07-30 12:37:54'),
(129, 418, '2020-07-30 12:37:54'),
(129, 431, '2020-07-30 12:37:54'),
(129, 452, '2020-07-30 12:37:54'),
(129, 471, '2020-07-30 12:37:54'),
(129, 520, '2020-07-30 12:37:54'),
(129, 597, '2020-07-30 12:37:54'),
(129, 602, '2020-07-30 12:37:54'),
(129, 640, '2020-07-30 12:37:54'),
(129, 669, '2020-07-30 12:37:54'),
(129, 684, '2020-07-30 12:37:54'),
(129, 705, '2020-07-30 12:37:54'),
(129, 805, '2020-07-30 12:37:54'),
(129, 826, '2020-07-30 12:37:54'),
(129, 834, '2020-07-30 12:37:54'),
(129, 857, '2020-07-30 12:37:54'),
(129, 910, '2020-07-30 12:37:54'),
(129, 920, '2020-07-30 12:37:54'),
(129, 938, '2020-07-30 12:37:54'),
(129, 962, '2020-07-30 12:37:54'),
(130, 9, '2020-07-30 12:37:54'),
(130, 26, '2020-07-30 12:37:54'),
(130, 37, '2020-07-30 12:37:54'),
(130, 43, '2020-07-30 12:37:54'),
(130, 49, '2020-07-30 12:37:54'),
(130, 57, '2020-07-30 12:37:54'),
(130, 107, '2020-07-30 12:37:54'),
(130, 112, '2020-07-30 12:37:54'),
(130, 208, '2020-07-30 12:37:54'),
(130, 326, '2020-07-30 12:37:54'),
(130, 375, '2020-07-30 12:37:54'),
(130, 416, '2020-07-30 12:37:54'),
(130, 431, '2020-07-30 12:37:54'),
(130, 452, '2020-07-30 12:37:54'),
(130, 453, '2020-07-30 12:37:54'),
(130, 478, '2020-07-30 12:37:54'),
(130, 507, '2020-07-30 12:37:54'),
(130, 525, '2020-07-30 12:37:54'),
(130, 549, '2020-07-30 12:37:54'),
(130, 592, '2020-07-30 12:37:54'),
(130, 702, '2020-07-30 12:37:54'),
(130, 725, '2020-07-30 12:37:54'),
(130, 764, '2020-07-30 12:37:54'),
(130, 809, '2020-07-30 12:37:54'),
(130, 869, '2020-07-30 12:37:54'),
(130, 930, '2020-07-30 12:37:54'),
(130, 981, '2020-07-30 12:37:54'),
(131, 48, '2020-07-30 12:37:54'),
(131, 66, '2020-07-30 12:37:54'),
(131, 94, '2020-07-30 12:37:54'),
(131, 120, '2020-07-30 12:37:54'),
(131, 147, '2020-07-30 12:37:54'),
(131, 206, '2020-07-30 12:37:54'),
(131, 320, '2020-07-30 12:37:54'),
(131, 383, '2020-07-30 12:37:54'),
(131, 432, '2020-07-30 12:37:54'),
(131, 436, '2020-07-30 12:37:54'),
(131, 450, '2020-07-30 12:37:54'),
(131, 479, '2020-07-30 12:37:54'),
(131, 494, '2020-07-30 12:37:54'),
(131, 515, '2020-07-30 12:37:54'),
(131, 539, '2020-07-30 12:37:54'),
(131, 590, '2020-07-30 12:37:54'),
(131, 647, '2020-07-30 12:37:54'),
(131, 693, '2020-07-30 12:37:54'),
(131, 713, '2020-07-30 12:37:54'),
(131, 770, '2020-07-30 12:37:54'),
(131, 798, '2020-07-30 12:37:54'),
(131, 809, '2020-07-30 12:37:54'),
(131, 875, '2020-07-30 12:37:54'),
(131, 881, '2020-07-30 12:37:54'),
(131, 921, '2020-07-30 12:37:54'),
(132, 81, '2020-07-30 12:37:54'),
(132, 82, '2020-07-30 12:37:54'),
(132, 133, '2020-07-30 12:37:54'),
(132, 156, '2020-07-30 12:37:54'),
(132, 162, '2020-07-30 12:37:54'),
(132, 311, '2020-07-30 12:37:54'),
(132, 345, '2020-07-30 12:37:54'),
(132, 377, '2020-07-30 12:37:54'),
(132, 410, '2020-07-30 12:37:54'),
(132, 538, '2020-07-30 12:37:54'),
(132, 562, '2020-07-30 12:37:54'),
(132, 586, '2020-07-30 12:37:54'),
(132, 626, '2020-07-30 12:37:54'),
(132, 637, '2020-07-30 12:37:54'),
(132, 698, '2020-07-30 12:37:54'),
(132, 756, '2020-07-30 12:37:54'),
(132, 806, '2020-07-30 12:37:54'),
(132, 897, '2020-07-30 12:37:54'),
(132, 899, '2020-07-30 12:37:54'),
(132, 904, '2020-07-30 12:37:54'),
(132, 930, '2020-07-30 12:37:54'),
(132, 987, '2020-07-30 12:37:54'),
(133, 7, '2020-07-30 12:37:54'),
(133, 51, '2020-07-30 12:37:54'),
(133, 133, '2020-07-30 12:37:54'),
(133, 172, '2020-07-30 12:37:54'),
(133, 210, '2020-07-30 12:37:54'),
(133, 270, '2020-07-30 12:37:54'),
(133, 280, '2020-07-30 12:37:54'),
(133, 286, '2020-07-30 12:37:54'),
(133, 338, '2020-07-30 12:37:54'),
(133, 342, '2020-07-30 12:37:54'),
(133, 351, '2020-07-30 12:37:54'),
(133, 368, '2020-07-30 12:37:54'),
(133, 385, '2020-07-30 12:37:54'),
(133, 390, '2020-07-30 12:37:54'),
(133, 397, '2020-07-30 12:37:54'),
(133, 410, '2020-07-30 12:37:54'),
(133, 452, '2020-07-30 12:37:54'),
(133, 463, '2020-07-30 12:37:54'),
(133, 514, '2020-07-30 12:37:54'),
(133, 588, '2020-07-30 12:37:54'),
(133, 594, '2020-07-30 12:37:54'),
(133, 635, '2020-07-30 12:37:54'),
(133, 652, '2020-07-30 12:37:54'),
(133, 727, '2020-07-30 12:37:54'),
(133, 806, '2020-07-30 12:37:54'),
(133, 868, '2020-07-30 12:37:54'),
(133, 882, '2020-07-30 12:37:54'),
(133, 894, '2020-07-30 12:37:54'),
(133, 933, '2020-07-30 12:37:54'),
(133, 952, '2020-07-30 12:37:54'),
(134, 132, '2020-07-30 12:37:54'),
(134, 145, '2020-07-30 12:37:54'),
(134, 161, '2020-07-30 12:37:54'),
(134, 219, '2020-07-30 12:37:54'),
(134, 243, '2020-07-30 12:37:54'),
(134, 250, '2020-07-30 12:37:54'),
(134, 278, '2020-07-30 12:37:54'),
(134, 341, '2020-07-30 12:37:54'),
(134, 386, '2020-07-30 12:37:54'),
(134, 413, '2020-07-30 12:37:54'),
(134, 558, '2020-07-30 12:37:54'),
(134, 588, '2020-07-30 12:37:54'),
(134, 624, '2020-07-30 12:37:54'),
(134, 655, '2020-07-30 12:37:54'),
(134, 683, '2020-07-30 12:37:54'),
(134, 690, '2020-07-30 12:37:54'),
(134, 861, '2020-07-30 12:37:54'),
(134, 896, '2020-07-30 12:37:54'),
(134, 897, '2020-07-30 12:37:54'),
(134, 915, '2020-07-30 12:37:54'),
(134, 927, '2020-07-30 12:37:54'),
(134, 936, '2020-07-30 12:37:54'),
(135, 35, '2020-07-30 12:37:54'),
(135, 41, '2020-07-30 12:37:54'),
(135, 65, '2020-07-30 12:37:54'),
(135, 88, '2020-07-30 12:37:54'),
(135, 170, '2020-07-30 12:37:54'),
(135, 269, '2020-07-30 12:37:54'),
(135, 320, '2020-07-30 12:37:54'),
(135, 353, '2020-07-30 12:37:54'),
(135, 357, '2020-07-30 12:37:54'),
(135, 364, '2020-07-30 12:37:54'),
(135, 455, '2020-07-30 12:37:54'),
(135, 458, '2020-07-30 12:37:54'),
(135, 484, '2020-07-30 12:37:54'),
(135, 541, '2020-07-30 12:37:54'),
(135, 553, '2020-07-30 12:37:54'),
(135, 616, '2020-07-30 12:37:54'),
(135, 628, '2020-07-30 12:37:54'),
(135, 719, '2020-07-30 12:37:54'),
(135, 814, '2020-07-30 12:37:54'),
(135, 905, '2020-07-30 12:37:54'),
(136, 20, '2020-07-30 12:37:54'),
(136, 25, '2020-07-30 12:37:54'),
(136, 33, '2020-07-30 12:37:54'),
(136, 56, '2020-07-30 12:37:54'),
(136, 61, '2020-07-30 12:37:54'),
(136, 193, '2020-07-30 12:37:54'),
(136, 214, '2020-07-30 12:37:54'),
(136, 229, '2020-07-30 12:37:54'),
(136, 243, '2020-07-30 12:37:54'),
(136, 256, '2020-07-30 12:37:54'),
(136, 262, '2020-07-30 12:37:54'),
(136, 271, '2020-07-30 12:37:54'),
(136, 288, '2020-07-30 12:37:54'),
(136, 300, '2020-07-30 12:37:54'),
(136, 364, '2020-07-30 12:37:54'),
(136, 401, '2020-07-30 12:37:54'),
(136, 414, '2020-07-30 12:37:54'),
(136, 420, '2020-07-30 12:37:54'),
(136, 474, '2020-07-30 12:37:54'),
(136, 485, '2020-07-30 12:37:54'),
(136, 542, '2020-07-30 12:37:54'),
(136, 552, '2020-07-30 12:37:54'),
(136, 620, '2020-07-30 12:37:54'),
(136, 649, '2020-07-30 12:37:54'),
(136, 686, '2020-07-30 12:37:54'),
(136, 781, '2020-07-30 12:37:54'),
(136, 806, '2020-07-30 12:37:54'),
(136, 808, '2020-07-30 12:37:54'),
(136, 818, '2020-07-30 12:37:54'),
(136, 842, '2020-07-30 12:37:54'),
(136, 933, '2020-07-30 12:37:54'),
(136, 993, '2020-07-30 12:37:54'),
(137, 6, '2020-07-30 12:37:54'),
(137, 14, '2020-07-30 12:37:54'),
(137, 56, '2020-07-30 12:37:54'),
(137, 96, '2020-07-30 12:37:54'),
(137, 160, '2020-07-30 12:37:54'),
(137, 224, '2020-07-30 12:37:54'),
(137, 249, '2020-07-30 12:37:54'),
(137, 254, '2020-07-30 12:37:54'),
(137, 263, '2020-07-30 12:37:54'),
(137, 268, '2020-07-30 12:37:54'),
(137, 304, '2020-07-30 12:37:54'),
(137, 390, '2020-07-30 12:37:54'),
(137, 410, '2020-07-30 12:37:54'),
(137, 433, '2020-07-30 12:37:54'),
(137, 446, '2020-07-30 12:37:54'),
(137, 489, '2020-07-30 12:37:54'),
(137, 530, '2020-07-30 12:37:54'),
(137, 564, '2020-07-30 12:37:54'),
(137, 603, '2020-07-30 12:37:54'),
(137, 610, '2020-07-30 12:37:54'),
(137, 688, '2020-07-30 12:37:54'),
(137, 703, '2020-07-30 12:37:54'),
(137, 745, '2020-07-30 12:37:54'),
(137, 758, '2020-07-30 12:37:54'),
(137, 832, '2020-07-30 12:37:54'),
(137, 841, '2020-07-30 12:37:54'),
(137, 917, '2020-07-30 12:37:54'),
(138, 8, '2020-07-30 12:37:54'),
(138, 52, '2020-07-30 12:37:54'),
(138, 61, '2020-07-30 12:37:54'),
(138, 125, '2020-07-30 12:37:54'),
(138, 157, '2020-07-30 12:37:54'),
(138, 214, '2020-07-30 12:37:54'),
(138, 258, '2020-07-30 12:37:54'),
(138, 376, '2020-07-30 12:37:54'),
(138, 403, '2020-07-30 12:37:54'),
(138, 446, '2020-07-30 12:37:54'),
(138, 453, '2020-07-30 12:37:54'),
(138, 508, '2020-07-30 12:37:54'),
(138, 553, '2020-07-30 12:37:54'),
(138, 561, '2020-07-30 12:37:54'),
(138, 583, '2020-07-30 12:37:54'),
(138, 627, '2020-07-30 12:37:54'),
(138, 639, '2020-07-30 12:37:54'),
(138, 695, '2020-07-30 12:37:54'),
(138, 747, '2020-07-30 12:37:54'),
(138, 879, '2020-07-30 12:37:54'),
(138, 885, '2020-07-30 12:37:54'),
(138, 923, '2020-07-30 12:37:54'),
(138, 970, '2020-07-30 12:37:54'),
(138, 989, '2020-07-30 12:37:54'),
(139, 20, '2020-07-30 12:37:54'),
(139, 35, '2020-07-30 12:37:54'),
(139, 57, '2020-07-30 12:37:54'),
(139, 74, '2020-07-30 12:37:54'),
(139, 90, '2020-07-30 12:37:54'),
(139, 107, '2020-07-30 12:37:54'),
(139, 155, '2020-07-30 12:37:54'),
(139, 170, '2020-07-30 12:37:54'),
(139, 181, '2020-07-30 12:37:54'),
(139, 200, '2020-07-30 12:37:54'),
(139, 229, '2020-07-30 12:37:54'),
(139, 233, '2020-07-30 12:37:54'),
(139, 261, '2020-07-30 12:37:54'),
(139, 262, '2020-07-30 12:37:54'),
(139, 266, '2020-07-30 12:37:54'),
(139, 282, '2020-07-30 12:37:54'),
(139, 284, '2020-07-30 12:37:54'),
(139, 373, '2020-07-30 12:37:54'),
(139, 447, '2020-07-30 12:37:54'),
(139, 489, '2020-07-30 12:37:54'),
(139, 529, '2020-07-30 12:37:54'),
(139, 540, '2020-07-30 12:37:54'),
(139, 570, '2020-07-30 12:37:54'),
(139, 602, '2020-07-30 12:37:54'),
(139, 605, '2020-07-30 12:37:54'),
(139, 636, '2020-07-30 12:37:54'),
(139, 691, '2020-07-30 12:37:54'),
(139, 706, '2020-07-30 12:37:54'),
(139, 719, '2020-07-30 12:37:54'),
(139, 744, '2020-07-30 12:37:54'),
(139, 746, '2020-07-30 12:37:54'),
(139, 862, '2020-07-30 12:37:54'),
(139, 892, '2020-07-30 12:37:54'),
(140, 27, '2020-07-30 12:37:54'),
(140, 77, '2020-07-30 12:37:54'),
(140, 112, '2020-07-30 12:37:54'),
(140, 135, '2020-07-30 12:37:54'),
(140, 185, '2020-07-30 12:37:54'),
(140, 258, '2020-07-30 12:37:54'),
(140, 370, '2020-07-30 12:37:54'),
(140, 373, '2020-07-30 12:37:54'),
(140, 498, '2020-07-30 12:37:54'),
(140, 509, '2020-07-30 12:37:54'),
(140, 576, '2020-07-30 12:37:54'),
(140, 587, '2020-07-30 12:37:54'),
(140, 599, '2020-07-30 12:37:54'),
(140, 608, '2020-07-30 12:37:54'),
(140, 647, '2020-07-30 12:37:54'),
(140, 665, '2020-07-30 12:37:54'),
(140, 670, '2020-07-30 12:37:54'),
(140, 693, '2020-07-30 12:37:54'),
(140, 702, '2020-07-30 12:37:54'),
(140, 729, '2020-07-30 12:37:54'),
(140, 730, '2020-07-30 12:37:54'),
(140, 731, '2020-07-30 12:37:54'),
(140, 736, '2020-07-30 12:37:54'),
(140, 742, '2020-07-30 12:37:54'),
(140, 778, '2020-07-30 12:37:54'),
(140, 820, '2020-07-30 12:37:54'),
(140, 830, '2020-07-30 12:37:54'),
(140, 835, '2020-07-30 12:37:54'),
(140, 857, '2020-07-30 12:37:54'),
(140, 923, '2020-07-30 12:37:54'),
(140, 934, '2020-07-30 12:37:54'),
(140, 999, '2020-07-30 12:37:54'),
(141, 43, '2020-07-30 12:37:54'),
(141, 67, '2020-07-30 12:37:54'),
(141, 188, '2020-07-30 12:37:54'),
(141, 191, '2020-07-30 12:37:54'),
(141, 207, '2020-07-30 12:37:54'),
(141, 223, '2020-07-30 12:37:54'),
(141, 341, '2020-07-30 12:37:54'),
(141, 358, '2020-07-30 12:37:54'),
(141, 380, '2020-07-30 12:37:54'),
(141, 395, '2020-07-30 12:37:54'),
(141, 467, '2020-07-30 12:37:54'),
(141, 491, '2020-07-30 12:37:54'),
(141, 589, '2020-07-30 12:37:54'),
(141, 607, '2020-07-30 12:37:54'),
(141, 673, '2020-07-30 12:37:54'),
(141, 740, '2020-07-30 12:37:54'),
(141, 752, '2020-07-30 12:37:54'),
(141, 768, '2020-07-30 12:37:54'),
(141, 772, '2020-07-30 12:37:54'),
(141, 787, '2020-07-30 12:37:54'),
(141, 821, '2020-07-30 12:37:54'),
(141, 829, '2020-07-30 12:37:54'),
(141, 840, '2020-07-30 12:37:54'),
(141, 849, '2020-07-30 12:37:54'),
(141, 862, '2020-07-30 12:37:54'),
(141, 863, '2020-07-30 12:37:54'),
(141, 909, '2020-07-30 12:37:54'),
(141, 992, '2020-07-30 12:37:54'),
(142, 10, '2020-07-30 12:37:54'),
(142, 18, '2020-07-30 12:37:54'),
(142, 107, '2020-07-30 12:37:54'),
(142, 139, '2020-07-30 12:37:54'),
(142, 186, '2020-07-30 12:37:54'),
(142, 199, '2020-07-30 12:37:54'),
(142, 248, '2020-07-30 12:37:54'),
(142, 328, '2020-07-30 12:37:54'),
(142, 350, '2020-07-30 12:37:54'),
(142, 371, '2020-07-30 12:37:54'),
(142, 470, '2020-07-30 12:37:54'),
(142, 481, '2020-07-30 12:37:54'),
(142, 494, '2020-07-30 12:37:54'),
(142, 501, '2020-07-30 12:37:54'),
(142, 504, '2020-07-30 12:37:54'),
(142, 540, '2020-07-30 12:37:54'),
(142, 554, '2020-07-30 12:37:54'),
(142, 575, '2020-07-30 12:37:54'),
(142, 608, '2020-07-30 12:37:54'),
(142, 710, '2020-07-30 12:37:54'),
(142, 712, '2020-07-30 12:37:54'),
(142, 735, '2020-07-30 12:37:54'),
(142, 759, '2020-07-30 12:37:54'),
(142, 794, '2020-07-30 12:37:54'),
(142, 842, '2020-07-30 12:37:54'),
(142, 859, '2020-07-30 12:37:54'),
(142, 863, '2020-07-30 12:37:54'),
(142, 875, '2020-07-30 12:37:54'),
(142, 906, '2020-07-30 12:37:54'),
(142, 914, '2020-07-30 12:37:54'),
(142, 999, '2020-07-30 12:37:54'),
(143, 47, '2020-07-30 12:37:54'),
(143, 79, '2020-07-30 12:37:54'),
(143, 141, '2020-07-30 12:37:54'),
(143, 175, '2020-07-30 12:37:54'),
(143, 232, '2020-07-30 12:37:54'),
(143, 239, '2020-07-30 12:37:54'),
(143, 316, '2020-07-30 12:37:54'),
(143, 339, '2020-07-30 12:37:54'),
(143, 361, '2020-07-30 12:37:54'),
(143, 386, '2020-07-30 12:37:54'),
(143, 404, '2020-07-30 12:37:54'),
(143, 457, '2020-07-30 12:37:54'),
(143, 485, '2020-07-30 12:37:54'),
(143, 497, '2020-07-30 12:37:54'),
(143, 560, '2020-07-30 12:37:54'),
(143, 576, '2020-07-30 12:37:54'),
(143, 603, '2020-07-30 12:37:54'),
(143, 613, '2020-07-30 12:37:54'),
(143, 659, '2020-07-30 12:37:54'),
(143, 660, '2020-07-30 12:37:54'),
(143, 680, '2020-07-30 12:37:54'),
(143, 687, '2020-07-30 12:37:54'),
(143, 690, '2020-07-30 12:37:54'),
(143, 706, '2020-07-30 12:37:54'),
(143, 792, '2020-07-30 12:37:54'),
(143, 821, '2020-07-30 12:37:54'),
(143, 830, '2020-07-30 12:37:54'),
(143, 872, '2020-07-30 12:37:54'),
(143, 878, '2020-07-30 12:37:54'),
(143, 906, '2020-07-30 12:37:54'),
(143, 958, '2020-07-30 12:37:54'),
(144, 18, '2020-07-30 12:37:54'),
(144, 67, '2020-07-30 12:37:54'),
(144, 79, '2020-07-30 12:37:54'),
(144, 90, '2020-07-30 12:37:54'),
(144, 99, '2020-07-30 12:37:54'),
(144, 105, '2020-07-30 12:37:54'),
(144, 123, '2020-07-30 12:37:54'),
(144, 125, '2020-07-30 12:37:54'),
(144, 127, '2020-07-30 12:37:54'),
(144, 130, '2020-07-30 12:37:54'),
(144, 135, '2020-07-30 12:37:54'),
(144, 164, '2020-07-30 12:37:54'),
(144, 184, '2020-07-30 12:37:54'),
(144, 216, '2020-07-30 12:37:54'),
(144, 228, '2020-07-30 12:37:54'),
(144, 260, '2020-07-30 12:37:54'),
(144, 272, '2020-07-30 12:37:54'),
(144, 291, '2020-07-30 12:37:54'),
(144, 293, '2020-07-30 12:37:54'),
(144, 312, '2020-07-30 12:37:54'),
(144, 393, '2020-07-30 12:37:54'),
(144, 396, '2020-07-30 12:37:54'),
(144, 473, '2020-07-30 12:37:54'),
(144, 504, '2020-07-30 12:37:54'),
(144, 540, '2020-07-30 12:37:54'),
(144, 599, '2020-07-30 12:37:54'),
(144, 668, '2020-07-30 12:37:54'),
(144, 702, '2020-07-30 12:37:54'),
(144, 753, '2020-07-30 12:37:54'),
(144, 762, '2020-07-30 12:37:54'),
(144, 776, '2020-07-30 12:37:54'),
(144, 785, '2020-07-30 12:37:54'),
(144, 845, '2020-07-30 12:37:54'),
(144, 894, '2020-07-30 12:37:54'),
(144, 953, '2020-07-30 12:37:54'),
(145, 39, '2020-07-30 12:37:54'),
(145, 109, '2020-07-30 12:37:54'),
(145, 120, '2020-07-30 12:37:54'),
(145, 154, '2020-07-30 12:37:54'),
(145, 155, '2020-07-30 12:37:54'),
(145, 243, '2020-07-30 12:37:54'),
(145, 293, '2020-07-30 12:37:54'),
(145, 402, '2020-07-30 12:37:54'),
(145, 409, '2020-07-30 12:37:54'),
(145, 457, '2020-07-30 12:37:54'),
(145, 475, '2020-07-30 12:37:54'),
(145, 487, '2020-07-30 12:37:54'),
(145, 494, '2020-07-30 12:37:54'),
(145, 527, '2020-07-30 12:37:54'),
(145, 592, '2020-07-30 12:37:54'),
(145, 625, '2020-07-30 12:37:54'),
(145, 629, '2020-07-30 12:37:54'),
(145, 641, '2020-07-30 12:37:54'),
(145, 661, '2020-07-30 12:37:54'),
(145, 664, '2020-07-30 12:37:54'),
(145, 692, '2020-07-30 12:37:54'),
(145, 713, '2020-07-30 12:37:54'),
(145, 726, '2020-07-30 12:37:54'),
(145, 748, '2020-07-30 12:37:54'),
(145, 822, '2020-07-30 12:37:54'),
(145, 893, '2020-07-30 12:37:54'),
(145, 923, '2020-07-30 12:37:54'),
(145, 953, '2020-07-30 12:37:54'),
(146, 12, '2020-07-30 12:37:54'),
(146, 16, '2020-07-30 12:37:54'),
(146, 33, '2020-07-30 12:37:54'),
(146, 117, '2020-07-30 12:37:54'),
(146, 177, '2020-07-30 12:37:54'),
(146, 191, '2020-07-30 12:37:54'),
(146, 197, '2020-07-30 12:37:54'),
(146, 207, '2020-07-30 12:37:54'),
(146, 218, '2020-07-30 12:37:54'),
(146, 278, '2020-07-30 12:37:54'),
(146, 296, '2020-07-30 12:37:54'),
(146, 314, '2020-07-30 12:37:54'),
(146, 320, '2020-07-30 12:37:54'),
(146, 372, '2020-07-30 12:37:54'),
(146, 384, '2020-07-30 12:37:54'),
(146, 402, '2020-07-30 12:37:54'),
(146, 410, '2020-07-30 12:37:54'),
(146, 427, '2020-07-30 12:37:54'),
(146, 429, '2020-07-30 12:37:54'),
(146, 512, '2020-07-30 12:37:54'),
(146, 514, '2020-07-30 12:37:54'),
(146, 571, '2020-07-30 12:37:54'),
(146, 591, '2020-07-30 12:37:54'),
(146, 720, '2020-07-30 12:37:54'),
(146, 731, '2020-07-30 12:37:54'),
(146, 734, '2020-07-30 12:37:54'),
(146, 871, '2020-07-30 12:37:54'),
(146, 909, '2020-07-30 12:37:54'),
(146, 922, '2020-07-30 12:37:54'),
(146, 945, '2020-07-30 12:37:54'),
(146, 955, '2020-07-30 12:37:54'),
(146, 966, '2020-07-30 12:37:54'),
(146, 969, '2020-07-30 12:37:54'),
(147, 4, '2020-07-30 12:37:54'),
(147, 85, '2020-07-30 12:37:54'),
(147, 131, '2020-07-30 12:37:54'),
(147, 139, '2020-07-30 12:37:54'),
(147, 145, '2020-07-30 12:37:54'),
(147, 178, '2020-07-30 12:37:54'),
(147, 251, '2020-07-30 12:37:54'),
(147, 254, '2020-07-30 12:37:54'),
(147, 295, '2020-07-30 12:37:54'),
(147, 298, '2020-07-30 12:37:54'),
(147, 305, '2020-07-30 12:37:54'),
(147, 310, '2020-07-30 12:37:54'),
(147, 318, '2020-07-30 12:37:54'),
(147, 333, '2020-07-30 12:37:54'),
(147, 341, '2020-07-30 12:37:54'),
(147, 351, '2020-07-30 12:37:54'),
(147, 394, '2020-07-30 12:37:54'),
(147, 402, '2020-07-30 12:37:54'),
(147, 405, '2020-07-30 12:37:54'),
(147, 410, '2020-07-30 12:37:54'),
(147, 431, '2020-07-30 12:37:54'),
(147, 443, '2020-07-30 12:37:54'),
(147, 508, '2020-07-30 12:37:54'),
(147, 554, '2020-07-30 12:37:54'),
(147, 563, '2020-07-30 12:37:54'),
(147, 649, '2020-07-30 12:37:54'),
(147, 688, '2020-07-30 12:37:54'),
(147, 708, '2020-07-30 12:37:54'),
(147, 864, '2020-07-30 12:37:54'),
(147, 957, '2020-07-30 12:37:54'),
(147, 987, '2020-07-30 12:37:54'),
(148, 27, '2020-07-30 12:37:54'),
(148, 57, '2020-07-30 12:37:54'),
(148, 133, '2020-07-30 12:37:54'),
(148, 149, '2020-07-30 12:37:54'),
(148, 226, '2020-07-30 12:37:54'),
(148, 342, '2020-07-30 12:37:54'),
(148, 368, '2020-07-30 12:37:54'),
(148, 422, '2020-07-30 12:37:54'),
(148, 468, '2020-07-30 12:37:54'),
(148, 633, '2020-07-30 12:37:54'),
(148, 718, '2020-07-30 12:37:54'),
(148, 768, '2020-07-30 12:37:54'),
(148, 772, '2020-07-30 12:37:54'),
(148, 792, '2020-07-30 12:37:54'),
(149, 53, '2020-07-30 12:37:54'),
(149, 72, '2020-07-30 12:37:54'),
(149, 95, '2020-07-30 12:37:54'),
(149, 118, '2020-07-30 12:37:54'),
(149, 139, '2020-07-30 12:37:54'),
(149, 146, '2020-07-30 12:37:54'),
(149, 153, '2020-07-30 12:37:54'),
(149, 159, '2020-07-30 12:37:54'),
(149, 169, '2020-07-30 12:37:54'),
(149, 178, '2020-07-30 12:37:54'),
(149, 188, '2020-07-30 12:37:54'),
(149, 193, '2020-07-30 12:37:54'),
(149, 339, '2020-07-30 12:37:54'),
(149, 354, '2020-07-30 12:37:54'),
(149, 362, '2020-07-30 12:37:54'),
(149, 365, '2020-07-30 12:37:54'),
(149, 458, '2020-07-30 12:37:54'),
(149, 631, '2020-07-30 12:37:54'),
(149, 670, '2020-07-30 12:37:54'),
(149, 685, '2020-07-30 12:37:54'),
(149, 761, '2020-07-30 12:37:54'),
(149, 782, '2020-07-30 12:37:54'),
(149, 810, '2020-07-30 12:37:54'),
(149, 811, '2020-07-30 12:37:54'),
(149, 899, '2020-07-30 12:37:54'),
(149, 905, '2020-07-30 12:37:54'),
(149, 913, '2020-07-30 12:37:54'),
(149, 921, '2020-07-30 12:37:54'),
(149, 947, '2020-07-30 12:37:54'),
(149, 949, '2020-07-30 12:37:54'),
(149, 992, '2020-07-30 12:37:54'),
(150, 23, '2020-07-30 12:37:54'),
(150, 63, '2020-07-30 12:37:54'),
(150, 75, '2020-07-30 12:37:54'),
(150, 94, '2020-07-30 12:37:54'),
(150, 105, '2020-07-30 12:37:54'),
(150, 168, '2020-07-30 12:37:54'),
(150, 190, '2020-07-30 12:37:54'),
(150, 206, '2020-07-30 12:37:54'),
(150, 233, '2020-07-30 12:37:54'),
(150, 270, '2020-07-30 12:37:54'),
(150, 285, '2020-07-30 12:37:54'),
(150, 306, '2020-07-30 12:37:54'),
(150, 386, '2020-07-30 12:37:54'),
(150, 433, '2020-07-30 12:37:54'),
(150, 446, '2020-07-30 12:37:54'),
(150, 447, '2020-07-30 12:37:54'),
(150, 468, '2020-07-30 12:37:54'),
(150, 508, '2020-07-30 12:37:54'),
(150, 542, '2020-07-30 12:37:54'),
(150, 551, '2020-07-30 12:37:54'),
(150, 629, '2020-07-30 12:37:54'),
(150, 647, '2020-07-30 12:37:54'),
(150, 672, '2020-07-30 12:37:54'),
(150, 697, '2020-07-30 12:37:54'),
(150, 728, '2020-07-30 12:37:54'),
(150, 777, '2020-07-30 12:37:54'),
(150, 854, '2020-07-30 12:37:54'),
(150, 873, '2020-07-30 12:37:54'),
(150, 880, '2020-07-30 12:37:54'),
(150, 887, '2020-07-30 12:37:54'),
(150, 889, '2020-07-30 12:37:54'),
(150, 892, '2020-07-30 12:37:54'),
(150, 953, '2020-07-30 12:37:54'),
(150, 962, '2020-07-30 12:37:54'),
(151, 131, '2020-07-30 12:37:54'),
(151, 144, '2020-07-30 12:37:54'),
(151, 167, '2020-07-30 12:37:54'),
(151, 170, '2020-07-30 12:37:54'),
(151, 217, '2020-07-30 12:37:54'),
(151, 232, '2020-07-30 12:37:54'),
(151, 342, '2020-07-30 12:37:54'),
(151, 367, '2020-07-30 12:37:54'),
(151, 370, '2020-07-30 12:37:54'),
(151, 382, '2020-07-30 12:37:54'),
(151, 451, '2020-07-30 12:37:54'),
(151, 463, '2020-07-30 12:37:54'),
(151, 482, '2020-07-30 12:37:54'),
(151, 501, '2020-07-30 12:37:54'),
(151, 527, '2020-07-30 12:37:54'),
(151, 539, '2020-07-30 12:37:54'),
(151, 570, '2020-07-30 12:37:54'),
(151, 574, '2020-07-30 12:37:54'),
(151, 634, '2020-07-30 12:37:54'),
(151, 658, '2020-07-30 12:37:54'),
(151, 665, '2020-07-30 12:37:54'),
(151, 703, '2020-07-30 12:37:54'),
(151, 880, '2020-07-30 12:37:54'),
(151, 892, '2020-07-30 12:37:54'),
(151, 895, '2020-07-30 12:37:54'),
(151, 989, '2020-07-30 12:37:54'),
(152, 59, '2020-07-30 12:37:54'),
(152, 153, '2020-07-30 12:37:54'),
(152, 217, '2020-07-30 12:37:54'),
(152, 248, '2020-07-30 12:37:54'),
(152, 318, '2020-07-30 12:37:54'),
(152, 332, '2020-07-30 12:37:54'),
(152, 475, '2020-07-30 12:37:54'),
(152, 476, '2020-07-30 12:37:54'),
(152, 578, '2020-07-30 12:37:54'),
(152, 607, '2020-07-30 12:37:54'),
(152, 611, '2020-07-30 12:37:54'),
(152, 615, '2020-07-30 12:37:54'),
(152, 674, '2020-07-30 12:37:54'),
(152, 680, '2020-07-30 12:37:54'),
(152, 729, '2020-07-30 12:37:54'),
(152, 768, '2020-07-30 12:37:54'),
(152, 821, '2020-07-30 12:37:54'),
(152, 846, '2020-07-30 12:37:54'),
(152, 891, '2020-07-30 12:37:54'),
(152, 898, '2020-07-30 12:37:54'),
(152, 927, '2020-07-30 12:37:54'),
(152, 964, '2020-07-30 12:37:54'),
(152, 968, '2020-07-30 12:37:54'),
(153, 47, '2020-07-30 12:37:54'),
(153, 64, '2020-07-30 12:37:54'),
(153, 136, '2020-07-30 12:37:54'),
(153, 180, '2020-07-30 12:37:54'),
(153, 203, '2020-07-30 12:37:54'),
(153, 231, '2020-07-30 12:37:54'),
(153, 444, '2020-07-30 12:37:54'),
(153, 476, '2020-07-30 12:37:54'),
(153, 480, '2020-07-30 12:37:54'),
(153, 486, '2020-07-30 12:37:54'),
(153, 536, '2020-07-30 12:37:54'),
(153, 627, '2020-07-30 12:37:54'),
(153, 732, '2020-07-30 12:37:54'),
(153, 756, '2020-07-30 12:37:54'),
(153, 766, '2020-07-30 12:37:54'),
(153, 817, '2020-07-30 12:37:54'),
(153, 847, '2020-07-30 12:37:54'),
(153, 919, '2020-07-30 12:37:54'),
(153, 938, '2020-07-30 12:37:54'),
(153, 988, '2020-07-30 12:37:54'),
(154, 27, '2020-07-30 12:37:54'),
(154, 111, '2020-07-30 12:37:54'),
(154, 141, '2020-07-30 12:37:54'),
(154, 158, '2020-07-30 12:37:54'),
(154, 169, '2020-07-30 12:37:54'),
(154, 170, '2020-07-30 12:37:54'),
(154, 193, '2020-07-30 12:37:54'),
(154, 208, '2020-07-30 12:37:54'),
(154, 274, '2020-07-30 12:37:54'),
(154, 276, '2020-07-30 12:37:54'),
(154, 282, '2020-07-30 12:37:54'),
(154, 299, '2020-07-30 12:37:54'),
(154, 314, '2020-07-30 12:37:54'),
(154, 396, '2020-07-30 12:37:54'),
(154, 399, '2020-07-30 12:37:54'),
(154, 421, '2020-07-30 12:37:54'),
(154, 440, '2020-07-30 12:37:54'),
(154, 467, '2020-07-30 12:37:54'),
(154, 474, '2020-07-30 12:37:54'),
(154, 489, '2020-07-30 12:37:54'),
(154, 588, '2020-07-30 12:37:54'),
(154, 602, '2020-07-30 12:37:54'),
(154, 680, '2020-07-30 12:37:54'),
(154, 698, '2020-07-30 12:37:54'),
(154, 802, '2020-07-30 12:37:54'),
(154, 842, '2020-07-30 12:37:54'),
(154, 954, '2020-07-30 12:37:54'),
(154, 988, '2020-07-30 12:37:54'),
(155, 20, '2020-07-30 12:37:54'),
(155, 67, '2020-07-30 12:37:54'),
(155, 128, '2020-07-30 12:37:54'),
(155, 153, '2020-07-30 12:37:54'),
(155, 220, '2020-07-30 12:37:54'),
(155, 249, '2020-07-30 12:37:54'),
(155, 303, '2020-07-30 12:37:54'),
(155, 312, '2020-07-30 12:37:54'),
(155, 359, '2020-07-30 12:37:54'),
(155, 361, '2020-07-30 12:37:54'),
(155, 383, '2020-07-30 12:37:54'),
(155, 387, '2020-07-30 12:37:54'),
(155, 407, '2020-07-30 12:37:54'),
(155, 427, '2020-07-30 12:37:54'),
(155, 459, '2020-07-30 12:37:54'),
(155, 513, '2020-07-30 12:37:54'),
(155, 584, '2020-07-30 12:37:54'),
(155, 590, '2020-07-30 12:37:54'),
(155, 630, '2020-07-30 12:37:54'),
(155, 688, '2020-07-30 12:37:54'),
(155, 757, '2020-07-30 12:37:54'),
(155, 768, '2020-07-30 12:37:54'),
(155, 785, '2020-07-30 12:37:54'),
(155, 849, '2020-07-30 12:37:54'),
(155, 885, '2020-07-30 12:37:54'),
(155, 890, '2020-07-30 12:37:54'),
(155, 941, '2020-07-30 12:37:54'),
(155, 966, '2020-07-30 12:37:54'),
(155, 987, '2020-07-30 12:37:54'),
(155, 997, '2020-07-30 12:37:54'),
(155, 1000, '2020-07-30 12:37:54'),
(156, 53, '2020-07-30 12:37:54'),
(156, 155, '2020-07-30 12:37:54'),
(156, 198, '2020-07-30 12:37:54'),
(156, 244, '2020-07-30 12:37:54'),
(156, 262, '2020-07-30 12:37:54'),
(156, 263, '2020-07-30 12:37:54'),
(156, 285, '2020-07-30 12:37:54'),
(156, 297, '2020-07-30 12:37:54'),
(156, 301, '2020-07-30 12:37:54'),
(156, 349, '2020-07-30 12:37:54'),
(156, 379, '2020-07-30 12:37:54'),
(156, 448, '2020-07-30 12:37:54'),
(156, 462, '2020-07-30 12:37:54'),
(156, 467, '2020-07-30 12:37:54'),
(156, 504, '2020-07-30 12:37:54'),
(156, 518, '2020-07-30 12:37:54'),
(156, 593, '2020-07-30 12:37:54'),
(156, 646, '2020-07-30 12:37:54'),
(156, 705, '2020-07-30 12:37:54'),
(156, 754, '2020-07-30 12:37:54'),
(156, 775, '2020-07-30 12:37:54'),
(156, 844, '2020-07-30 12:37:54'),
(157, 10, '2020-07-30 12:37:54'),
(157, 24, '2020-07-30 12:37:54'),
(157, 34, '2020-07-30 12:37:54'),
(157, 122, '2020-07-30 12:37:54'),
(157, 159, '2020-07-30 12:37:54'),
(157, 183, '2020-07-30 12:37:54'),
(157, 210, '2020-07-30 12:37:54'),
(157, 217, '2020-07-30 12:37:54'),
(157, 291, '2020-07-30 12:37:54'),
(157, 303, '2020-07-30 12:37:54'),
(157, 321, '2020-07-30 12:37:54'),
(157, 326, '2020-07-30 12:37:54'),
(157, 353, '2020-07-30 12:37:54'),
(157, 400, '2020-07-30 12:37:54'),
(157, 406, '2020-07-30 12:37:54'),
(157, 431, '2020-07-30 12:37:54'),
(157, 496, '2020-07-30 12:37:54'),
(157, 535, '2020-07-30 12:37:54'),
(157, 573, '2020-07-30 12:37:54'),
(157, 574, '2020-07-30 12:37:54'),
(157, 604, '2020-07-30 12:37:54'),
(157, 616, '2020-07-30 12:37:54'),
(157, 642, '2020-07-30 12:37:54'),
(157, 661, '2020-07-30 12:37:54'),
(157, 696, '2020-07-30 12:37:54'),
(157, 713, '2020-07-30 12:37:54'),
(157, 802, '2020-07-30 12:37:54'),
(157, 835, '2020-07-30 12:37:54'),
(157, 874, '2020-07-30 12:37:54'),
(157, 913, '2020-07-30 12:37:54'),
(157, 967, '2020-07-30 12:37:54'),
(157, 973, '2020-07-30 12:37:54'),
(158, 32, '2020-07-30 12:37:54'),
(158, 47, '2020-07-30 12:37:54'),
(158, 64, '2020-07-30 12:37:54'),
(158, 66, '2020-07-30 12:37:54'),
(158, 102, '2020-07-30 12:37:54'),
(158, 121, '2020-07-30 12:37:54'),
(158, 177, '2020-07-30 12:37:54'),
(158, 178, '2020-07-30 12:37:54'),
(158, 188, '2020-07-30 12:37:54'),
(158, 215, '2020-07-30 12:37:54'),
(158, 241, '2020-07-30 12:37:54'),
(158, 293, '2020-07-30 12:37:54'),
(158, 437, '2020-07-30 12:37:54'),
(158, 473, '2020-07-30 12:37:54'),
(158, 483, '2020-07-30 12:37:54'),
(158, 532, '2020-07-30 12:37:54'),
(158, 555, '2020-07-30 12:37:54'),
(158, 581, '2020-07-30 12:37:54'),
(158, 601, '2020-07-30 12:37:54'),
(158, 616, '2020-07-30 12:37:54'),
(158, 626, '2020-07-30 12:37:54'),
(158, 637, '2020-07-30 12:37:54'),
(158, 799, '2020-07-30 12:37:54'),
(158, 812, '2020-07-30 12:37:54'),
(158, 824, '2020-07-30 12:37:54'),
(158, 830, '2020-07-30 12:37:54'),
(158, 840, '2020-07-30 12:37:54'),
(158, 869, '2020-07-30 12:37:54'),
(158, 879, '2020-07-30 12:37:54'),
(158, 880, '2020-07-30 12:37:54'),
(158, 894, '2020-07-30 12:37:54'),
(158, 896, '2020-07-30 12:37:54'),
(158, 967, '2020-07-30 12:37:54'),
(158, 968, '2020-07-30 12:37:54'),
(158, 990, '2020-07-30 12:37:54'),
(159, 20, '2020-07-30 12:37:54'),
(159, 82, '2020-07-30 12:37:54'),
(159, 127, '2020-07-30 12:37:54'),
(159, 187, '2020-07-30 12:37:54'),
(159, 206, '2020-07-30 12:37:54'),
(159, 208, '2020-07-30 12:37:54'),
(159, 223, '2020-07-30 12:37:54'),
(159, 248, '2020-07-30 12:37:54'),
(159, 342, '2020-07-30 12:37:54'),
(159, 343, '2020-07-30 12:37:54'),
(159, 344, '2020-07-30 12:37:54'),
(159, 364, '2020-07-30 12:37:54'),
(159, 418, '2020-07-30 12:37:54'),
(159, 549, '2020-07-30 12:37:54'),
(159, 561, '2020-07-30 12:37:54'),
(159, 600, '2020-07-30 12:37:54'),
(159, 674, '2020-07-30 12:37:54'),
(159, 680, '2020-07-30 12:37:54'),
(159, 784, '2020-07-30 12:37:54'),
(159, 789, '2020-07-30 12:37:54'),
(159, 800, '2020-07-30 12:37:54'),
(159, 802, '2020-07-30 12:37:54'),
(159, 818, '2020-07-30 12:37:54'),
(159, 876, '2020-07-30 12:37:54'),
(159, 907, '2020-07-30 12:37:54'),
(159, 978, '2020-07-30 12:37:54'),
(160, 2, '2020-07-30 12:37:54'),
(160, 17, '2020-07-30 12:37:54'),
(160, 43, '2020-07-30 12:37:54'),
(160, 242, '2020-07-30 12:37:54'),
(160, 267, '2020-07-30 12:37:54'),
(160, 275, '2020-07-30 12:37:54'),
(160, 368, '2020-07-30 12:37:54'),
(160, 455, '2020-07-30 12:37:54'),
(160, 469, '2020-07-30 12:37:54'),
(160, 484, '2020-07-30 12:37:54'),
(160, 579, '2020-07-30 12:37:54'),
(160, 660, '2020-07-30 12:37:54'),
(160, 755, '2020-07-30 12:37:54'),
(160, 767, '2020-07-30 12:37:54'),
(160, 769, '2020-07-30 12:37:54'),
(160, 794, '2020-07-30 12:37:54'),
(160, 826, '2020-07-30 12:37:54'),
(160, 883, '2020-07-30 12:37:54'),
(160, 950, '2020-07-30 12:37:54'),
(160, 954, '2020-07-30 12:37:54'),
(161, 43, '2020-07-30 12:37:54'),
(161, 58, '2020-07-30 12:37:54'),
(161, 89, '2020-07-30 12:37:54'),
(161, 90, '2020-07-30 12:37:54'),
(161, 120, '2020-07-30 12:37:54'),
(161, 188, '2020-07-30 12:37:54'),
(161, 247, '2020-07-30 12:37:54'),
(161, 269, '2020-07-30 12:37:54'),
(161, 281, '2020-07-30 12:37:54'),
(161, 340, '2020-07-30 12:37:54'),
(161, 353, '2020-07-30 12:37:54'),
(161, 401, '2020-07-30 12:37:54'),
(161, 414, '2020-07-30 12:37:54'),
(161, 425, '2020-07-30 12:37:54'),
(161, 469, '2020-07-30 12:37:54'),
(161, 526, '2020-07-30 12:37:54'),
(161, 588, '2020-07-30 12:37:54'),
(161, 644, '2020-07-30 12:37:54'),
(161, 653, '2020-07-30 12:37:54'),
(161, 655, '2020-07-30 12:37:54'),
(161, 669, '2020-07-30 12:37:54'),
(161, 684, '2020-07-30 12:37:54'),
(161, 714, '2020-07-30 12:37:54'),
(161, 749, '2020-07-30 12:37:54'),
(161, 807, '2020-07-30 12:37:54'),
(161, 825, '2020-07-30 12:37:54'),
(161, 850, '2020-07-30 12:37:54'),
(161, 880, '2020-07-30 12:37:54'),
(161, 920, '2020-07-30 12:37:54'),
(161, 921, '2020-07-30 12:37:54'),
(161, 924, '2020-07-30 12:37:54'),
(161, 927, '2020-07-30 12:37:54'),
(162, 1, '2020-07-30 12:37:54'),
(162, 4, '2020-07-30 12:37:54'),
(162, 7, '2020-07-30 12:37:54'),
(162, 18, '2020-07-30 12:37:54'),
(162, 28, '2020-07-30 12:37:54'),
(162, 32, '2020-07-30 12:37:54'),
(162, 33, '2020-07-30 12:37:54'),
(162, 41, '2020-07-30 12:37:54'),
(162, 85, '2020-07-30 12:37:54'),
(162, 121, '2020-07-30 12:37:54'),
(162, 164, '2020-07-30 12:37:54'),
(162, 274, '2020-07-30 12:37:54'),
(162, 279, '2020-07-30 12:37:54'),
(162, 409, '2020-07-30 12:37:54'),
(162, 410, '2020-07-30 12:37:54'),
(162, 415, '2020-07-30 12:37:54'),
(162, 500, '2020-07-30 12:37:54'),
(162, 574, '2020-07-30 12:37:54'),
(162, 612, '2020-07-30 12:37:54'),
(162, 636, '2020-07-30 12:37:54'),
(162, 659, '2020-07-30 12:37:54'),
(162, 786, '2020-07-30 12:37:54'),
(162, 844, '2020-07-30 12:37:54'),
(162, 909, '2020-07-30 12:37:54'),
(162, 968, '2020-07-30 12:37:54'),
(163, 30, '2020-07-30 12:37:54'),
(163, 45, '2020-07-30 12:37:54'),
(163, 166, '2020-07-30 12:37:54'),
(163, 180, '2020-07-30 12:37:54'),
(163, 239, '2020-07-30 12:37:54'),
(163, 283, '2020-07-30 12:37:54'),
(163, 303, '2020-07-30 12:37:54'),
(163, 304, '2020-07-30 12:37:54'),
(163, 307, '2020-07-30 12:37:54'),
(163, 394, '2020-07-30 12:37:54'),
(163, 409, '2020-07-30 12:37:54'),
(163, 434, '2020-07-30 12:37:54'),
(163, 444, '2020-07-30 12:37:54'),
(163, 522, '2020-07-30 12:37:54'),
(163, 719, '2020-07-30 12:37:54'),
(163, 785, '2020-07-30 12:37:54'),
(163, 833, '2020-07-30 12:37:54'),
(163, 881, '2020-07-30 12:37:54'),
(163, 891, '2020-07-30 12:37:54'),
(163, 947, '2020-07-30 12:37:54'),
(163, 996, '2020-07-30 12:37:54'),
(164, 15, '2020-07-30 12:37:54'),
(164, 23, '2020-07-30 12:37:54'),
(164, 148, '2020-07-30 12:37:54'),
(164, 169, '2020-07-30 12:37:54'),
(164, 252, '2020-07-30 12:37:54'),
(164, 324, '2020-07-30 12:37:54'),
(164, 347, '2020-07-30 12:37:54'),
(164, 367, '2020-07-30 12:37:54'),
(164, 431, '2020-07-30 12:37:54'),
(164, 448, '2020-07-30 12:37:54'),
(164, 469, '2020-07-30 12:37:54'),
(164, 545, '2020-07-30 12:37:54'),
(164, 610, '2020-07-30 12:37:54'),
(164, 613, '2020-07-30 12:37:54'),
(164, 673, '2020-07-30 12:37:54'),
(164, 681, '2020-07-30 12:37:54'),
(164, 698, '2020-07-30 12:37:54'),
(164, 801, '2020-07-30 12:37:54'),
(164, 820, '2020-07-30 12:37:54'),
(164, 832, '2020-07-30 12:37:54'),
(164, 834, '2020-07-30 12:37:54'),
(164, 851, '2020-07-30 12:37:54'),
(164, 884, '2020-07-30 12:37:54'),
(164, 908, '2020-07-30 12:37:54'),
(164, 957, '2020-07-30 12:37:54'),
(164, 984, '2020-07-30 12:37:54'),
(165, 72, '2020-07-30 12:37:54'),
(165, 95, '2020-07-30 12:37:54'),
(165, 146, '2020-07-30 12:37:54'),
(165, 204, '2020-07-30 12:37:54'),
(165, 253, '2020-07-30 12:37:54'),
(165, 286, '2020-07-30 12:37:54'),
(165, 360, '2020-07-30 12:37:54'),
(165, 375, '2020-07-30 12:37:54'),
(165, 395, '2020-07-30 12:37:54'),
(165, 421, '2020-07-30 12:37:54'),
(165, 437, '2020-07-30 12:37:54'),
(165, 473, '2020-07-30 12:37:54'),
(165, 607, '2020-07-30 12:37:54'),
(165, 644, '2020-07-30 12:37:54'),
(165, 659, '2020-07-30 12:37:54'),
(165, 693, '2020-07-30 12:37:54'),
(165, 737, '2020-07-30 12:37:54'),
(165, 779, '2020-07-30 12:37:54'),
(165, 798, '2020-07-30 12:37:54'),
(165, 807, '2020-07-30 12:37:54'),
(165, 809, '2020-07-30 12:37:54'),
(165, 832, '2020-07-30 12:37:54'),
(165, 833, '2020-07-30 12:37:54'),
(165, 947, '2020-07-30 12:37:54'),
(165, 948, '2020-07-30 12:37:54'),
(165, 962, '2020-07-30 12:37:54'),
(166, 25, '2020-07-30 12:37:54'),
(166, 38, '2020-07-30 12:37:54'),
(166, 55, '2020-07-30 12:37:54'),
(166, 61, '2020-07-30 12:37:54'),
(166, 68, '2020-07-30 12:37:54'),
(166, 86, '2020-07-30 12:37:54'),
(166, 146, '2020-07-30 12:37:54'),
(166, 255, '2020-07-30 12:37:54'),
(166, 297, '2020-07-30 12:37:54'),
(166, 306, '2020-07-30 12:37:54'),
(166, 326, '2020-07-30 12:37:54'),
(166, 361, '2020-07-30 12:37:54'),
(166, 366, '2020-07-30 12:37:54'),
(166, 426, '2020-07-30 12:37:54'),
(166, 580, '2020-07-30 12:37:54'),
(166, 622, '2020-07-30 12:37:54'),
(166, 674, '2020-07-30 12:37:54'),
(166, 714, '2020-07-30 12:37:54'),
(166, 788, '2020-07-30 12:37:54'),
(166, 867, '2020-07-30 12:37:54'),
(166, 944, '2020-07-30 12:37:54'),
(166, 1000, '2020-07-30 12:37:54'),
(167, 17, '2020-07-30 12:37:54'),
(167, 25, '2020-07-30 12:37:54'),
(167, 63, '2020-07-30 12:37:54'),
(167, 72, '2020-07-30 12:37:54'),
(167, 107, '2020-07-30 12:37:54'),
(167, 120, '2020-07-30 12:37:54'),
(167, 191, '2020-07-30 12:37:54'),
(167, 294, '2020-07-30 12:37:54'),
(167, 319, '2020-07-30 12:37:54'),
(167, 339, '2020-07-30 12:37:54'),
(167, 341, '2020-07-30 12:37:54'),
(167, 496, '2020-07-30 12:37:54'),
(167, 554, '2020-07-30 12:37:54'),
(167, 626, '2020-07-30 12:37:54'),
(167, 628, '2020-07-30 12:37:54'),
(167, 672, '2020-07-30 12:37:54'),
(167, 692, '2020-07-30 12:37:54'),
(167, 717, '2020-07-30 12:37:54'),
(167, 734, '2020-07-30 12:37:54'),
(167, 794, '2020-07-30 12:37:54'),
(167, 800, '2020-07-30 12:37:54'),
(167, 802, '2020-07-30 12:37:54'),
(167, 856, '2020-07-30 12:37:54'),
(167, 864, '2020-07-30 12:37:54'),
(167, 882, '2020-07-30 12:37:54'),
(167, 923, '2020-07-30 12:37:54'),
(168, 32, '2020-07-30 12:37:54'),
(168, 56, '2020-07-30 12:37:54'),
(168, 92, '2020-07-30 12:37:54'),
(168, 115, '2020-07-30 12:37:54'),
(168, 188, '2020-07-30 12:37:54'),
(168, 196, '2020-07-30 12:37:54'),
(168, 208, '2020-07-30 12:37:54'),
(168, 237, '2020-07-30 12:37:54'),
(168, 241, '2020-07-30 12:37:54'),
(168, 255, '2020-07-30 12:37:54'),
(168, 305, '2020-07-30 12:37:54'),
(168, 336, '2020-07-30 12:37:54'),
(168, 387, '2020-07-30 12:37:54'),
(168, 433, '2020-07-30 12:37:54'),
(168, 438, '2020-07-30 12:37:54'),
(168, 519, '2020-07-30 12:37:54'),
(168, 602, '2020-07-30 12:37:54'),
(168, 619, '2020-07-30 12:37:54'),
(168, 626, '2020-07-30 12:37:54'),
(168, 652, '2020-07-30 12:37:54'),
(168, 678, '2020-07-30 12:37:54'),
(168, 685, '2020-07-30 12:37:54'),
(168, 804, '2020-07-30 12:37:54'),
(168, 807, '2020-07-30 12:37:54'),
(168, 826, '2020-07-30 12:37:54'),
(168, 841, '2020-07-30 12:37:54'),
(168, 886, '2020-07-30 12:37:54'),
(168, 889, '2020-07-30 12:37:54'),
(168, 892, '2020-07-30 12:37:54'),
(168, 927, '2020-07-30 12:37:54'),
(168, 959, '2020-07-30 12:37:54'),
(169, 6, '2020-07-30 12:37:54'),
(169, 78, '2020-07-30 12:37:54'),
(169, 93, '2020-07-30 12:37:54'),
(169, 246, '2020-07-30 12:37:54'),
(169, 248, '2020-07-30 12:37:54'),
(169, 289, '2020-07-30 12:37:54'),
(169, 301, '2020-07-30 12:37:54'),
(169, 326, '2020-07-30 12:37:54'),
(169, 349, '2020-07-30 12:37:54'),
(169, 372, '2020-07-30 12:37:54'),
(169, 398, '2020-07-30 12:37:54'),
(169, 434, '2020-07-30 12:37:54'),
(169, 505, '2020-07-30 12:37:54'),
(169, 564, '2020-07-30 12:37:54'),
(169, 571, '2020-07-30 12:37:54'),
(169, 634, '2020-07-30 12:37:54'),
(169, 642, '2020-07-30 12:37:54'),
(169, 673, '2020-07-30 12:37:54'),
(169, 694, '2020-07-30 12:37:54'),
(169, 727, '2020-07-30 12:37:54'),
(169, 778, '2020-07-30 12:37:54'),
(169, 815, '2020-07-30 12:37:54'),
(169, 847, '2020-07-30 12:37:54'),
(169, 849, '2020-07-30 12:37:54'),
(169, 894, '2020-07-30 12:37:54'),
(169, 897, '2020-07-30 12:37:54'),
(169, 954, '2020-07-30 12:37:54'),
(169, 992, '2020-07-30 12:37:54'),
(169, 998, '2020-07-30 12:37:54'),
(170, 7, '2020-07-30 12:37:54'),
(170, 15, '2020-07-30 12:37:54'),
(170, 27, '2020-07-30 12:37:54'),
(170, 33, '2020-07-30 12:37:54'),
(170, 102, '2020-07-30 12:37:54'),
(170, 139, '2020-07-30 12:37:54');
INSERT INTO `film_actor` (`actor_id`, `film_id`, `last_update`) VALUES
(170, 180, '2020-07-30 12:37:54'),
(170, 184, '2020-07-30 12:37:54'),
(170, 212, '2020-07-30 12:37:54'),
(170, 299, '2020-07-30 12:37:54'),
(170, 322, '2020-07-30 12:37:54'),
(170, 358, '2020-07-30 12:37:54'),
(170, 416, '2020-07-30 12:37:54'),
(170, 508, '2020-07-30 12:37:54'),
(170, 537, '2020-07-30 12:37:54'),
(170, 705, '2020-07-30 12:37:54'),
(170, 758, '2020-07-30 12:37:54'),
(170, 764, '2020-07-30 12:37:54'),
(170, 868, '2020-07-30 12:37:54'),
(170, 877, '2020-07-30 12:37:54'),
(170, 886, '2020-07-30 12:37:54'),
(170, 925, '2020-07-30 12:37:54'),
(170, 993, '2020-07-30 12:37:54'),
(170, 996, '2020-07-30 12:37:54'),
(171, 49, '2020-07-30 12:37:54'),
(171, 146, '2020-07-30 12:37:54'),
(171, 166, '2020-07-30 12:37:54'),
(171, 181, '2020-07-30 12:37:54'),
(171, 219, '2020-07-30 12:37:54'),
(171, 273, '2020-07-30 12:37:54'),
(171, 296, '2020-07-30 12:37:54'),
(171, 318, '2020-07-30 12:37:54'),
(171, 342, '2020-07-30 12:37:54'),
(171, 397, '2020-07-30 12:37:54'),
(171, 447, '2020-07-30 12:37:54'),
(171, 450, '2020-07-30 12:37:54'),
(171, 466, '2020-07-30 12:37:54'),
(171, 549, '2020-07-30 12:37:54'),
(171, 560, '2020-07-30 12:37:54'),
(171, 566, '2020-07-30 12:37:54'),
(171, 608, '2020-07-30 12:37:54'),
(171, 625, '2020-07-30 12:37:54'),
(171, 645, '2020-07-30 12:37:54'),
(171, 701, '2020-07-30 12:37:54'),
(171, 761, '2020-07-30 12:37:54'),
(171, 779, '2020-07-30 12:37:54'),
(171, 849, '2020-07-30 12:37:54'),
(171, 872, '2020-07-30 12:37:54'),
(171, 892, '2020-07-30 12:37:54'),
(171, 898, '2020-07-30 12:37:54'),
(171, 903, '2020-07-30 12:37:54'),
(171, 953, '2020-07-30 12:37:54'),
(172, 57, '2020-07-30 12:37:54'),
(172, 100, '2020-07-30 12:37:54'),
(172, 148, '2020-07-30 12:37:54'),
(172, 215, '2020-07-30 12:37:54'),
(172, 302, '2020-07-30 12:37:54'),
(172, 345, '2020-07-30 12:37:54'),
(172, 368, '2020-07-30 12:37:54'),
(172, 385, '2020-07-30 12:37:54'),
(172, 423, '2020-07-30 12:37:54'),
(172, 487, '2020-07-30 12:37:54'),
(172, 493, '2020-07-30 12:37:54'),
(172, 529, '2020-07-30 12:37:54'),
(172, 538, '2020-07-30 12:37:54'),
(172, 567, '2020-07-30 12:37:54'),
(172, 609, '2020-07-30 12:37:54'),
(172, 639, '2020-07-30 12:37:54'),
(172, 649, '2020-07-30 12:37:54'),
(172, 661, '2020-07-30 12:37:54'),
(172, 667, '2020-07-30 12:37:54'),
(172, 710, '2020-07-30 12:37:54'),
(172, 744, '2020-07-30 12:37:54'),
(172, 758, '2020-07-30 12:37:54'),
(172, 771, '2020-07-30 12:37:54'),
(172, 833, '2020-07-30 12:37:54'),
(172, 959, '2020-07-30 12:37:54'),
(173, 49, '2020-07-30 12:37:54'),
(173, 55, '2020-07-30 12:37:54'),
(173, 74, '2020-07-30 12:37:54'),
(173, 80, '2020-07-30 12:37:54'),
(173, 106, '2020-07-30 12:37:54'),
(173, 154, '2020-07-30 12:37:54'),
(173, 162, '2020-07-30 12:37:54'),
(173, 188, '2020-07-30 12:37:54'),
(173, 235, '2020-07-30 12:37:54'),
(173, 313, '2020-07-30 12:37:54'),
(173, 379, '2020-07-30 12:37:54'),
(173, 405, '2020-07-30 12:37:54'),
(173, 491, '2020-07-30 12:37:54'),
(173, 496, '2020-07-30 12:37:54'),
(173, 529, '2020-07-30 12:37:54'),
(173, 550, '2020-07-30 12:37:54'),
(173, 564, '2020-07-30 12:37:54'),
(173, 571, '2020-07-30 12:37:54'),
(173, 592, '2020-07-30 12:37:54'),
(173, 688, '2020-07-30 12:37:54'),
(173, 753, '2020-07-30 12:37:54'),
(173, 757, '2020-07-30 12:37:54'),
(173, 852, '2020-07-30 12:37:54'),
(173, 857, '2020-07-30 12:37:54'),
(173, 921, '2020-07-30 12:37:54'),
(173, 928, '2020-07-30 12:37:54'),
(173, 933, '2020-07-30 12:37:54'),
(174, 11, '2020-07-30 12:37:54'),
(174, 61, '2020-07-30 12:37:54'),
(174, 168, '2020-07-30 12:37:54'),
(174, 298, '2020-07-30 12:37:54'),
(174, 352, '2020-07-30 12:37:54'),
(174, 442, '2020-07-30 12:37:54'),
(174, 451, '2020-07-30 12:37:54'),
(174, 496, '2020-07-30 12:37:54'),
(174, 610, '2020-07-30 12:37:54'),
(174, 618, '2020-07-30 12:37:54'),
(174, 622, '2020-07-30 12:37:54'),
(174, 659, '2020-07-30 12:37:54'),
(174, 677, '2020-07-30 12:37:54'),
(174, 705, '2020-07-30 12:37:54'),
(174, 722, '2020-07-30 12:37:54'),
(174, 780, '2020-07-30 12:37:54'),
(174, 797, '2020-07-30 12:37:54'),
(174, 809, '2020-07-30 12:37:54'),
(174, 827, '2020-07-30 12:37:54'),
(174, 830, '2020-07-30 12:37:54'),
(174, 852, '2020-07-30 12:37:54'),
(174, 853, '2020-07-30 12:37:54'),
(174, 879, '2020-07-30 12:37:54'),
(174, 982, '2020-07-30 12:37:54'),
(175, 9, '2020-07-30 12:37:54'),
(175, 29, '2020-07-30 12:37:54'),
(175, 67, '2020-07-30 12:37:54'),
(175, 129, '2020-07-30 12:37:54'),
(175, 155, '2020-07-30 12:37:54'),
(175, 190, '2020-07-30 12:37:54'),
(175, 191, '2020-07-30 12:37:54'),
(175, 362, '2020-07-30 12:37:54'),
(175, 405, '2020-07-30 12:37:54'),
(175, 424, '2020-07-30 12:37:54'),
(175, 439, '2020-07-30 12:37:54'),
(175, 442, '2020-07-30 12:37:54'),
(175, 483, '2020-07-30 12:37:54'),
(175, 591, '2020-07-30 12:37:54'),
(175, 596, '2020-07-30 12:37:54'),
(175, 616, '2020-07-30 12:37:54'),
(175, 719, '2020-07-30 12:37:54'),
(175, 729, '2020-07-30 12:37:54'),
(175, 772, '2020-07-30 12:37:54'),
(175, 778, '2020-07-30 12:37:54'),
(175, 828, '2020-07-30 12:37:54'),
(175, 842, '2020-07-30 12:37:54'),
(175, 890, '2020-07-30 12:37:54'),
(175, 908, '2020-07-30 12:37:54'),
(175, 977, '2020-07-30 12:37:54'),
(175, 978, '2020-07-30 12:37:54'),
(175, 998, '2020-07-30 12:37:54'),
(176, 13, '2020-07-30 12:37:54'),
(176, 73, '2020-07-30 12:37:54'),
(176, 89, '2020-07-30 12:37:54'),
(176, 150, '2020-07-30 12:37:54'),
(176, 162, '2020-07-30 12:37:54'),
(176, 238, '2020-07-30 12:37:54'),
(176, 252, '2020-07-30 12:37:54'),
(176, 303, '2020-07-30 12:37:54'),
(176, 320, '2020-07-30 12:37:54'),
(176, 401, '2020-07-30 12:37:54'),
(176, 417, '2020-07-30 12:37:54'),
(176, 441, '2020-07-30 12:37:54'),
(176, 458, '2020-07-30 12:37:54'),
(176, 461, '2020-07-30 12:37:54'),
(176, 517, '2020-07-30 12:37:54'),
(176, 521, '2020-07-30 12:37:54'),
(176, 543, '2020-07-30 12:37:54'),
(176, 573, '2020-07-30 12:37:54'),
(176, 699, '2020-07-30 12:37:54'),
(176, 726, '2020-07-30 12:37:54'),
(176, 740, '2020-07-30 12:37:54'),
(176, 746, '2020-07-30 12:37:54'),
(176, 758, '2020-07-30 12:37:54'),
(176, 802, '2020-07-30 12:37:54'),
(176, 827, '2020-07-30 12:37:54'),
(176, 839, '2020-07-30 12:37:54'),
(176, 859, '2020-07-30 12:37:54'),
(176, 872, '2020-07-30 12:37:54'),
(176, 946, '2020-07-30 12:37:54'),
(177, 12, '2020-07-30 12:37:54'),
(177, 39, '2020-07-30 12:37:54'),
(177, 52, '2020-07-30 12:37:54'),
(177, 55, '2020-07-30 12:37:54'),
(177, 86, '2020-07-30 12:37:54'),
(177, 175, '2020-07-30 12:37:54'),
(177, 188, '2020-07-30 12:37:54'),
(177, 235, '2020-07-30 12:37:54'),
(177, 237, '2020-07-30 12:37:54'),
(177, 289, '2020-07-30 12:37:54'),
(177, 363, '2020-07-30 12:37:54'),
(177, 401, '2020-07-30 12:37:54'),
(177, 433, '2020-07-30 12:37:54'),
(177, 458, '2020-07-30 12:37:54'),
(177, 522, '2020-07-30 12:37:54'),
(177, 543, '2020-07-30 12:37:54'),
(177, 563, '2020-07-30 12:37:54'),
(177, 649, '2020-07-30 12:37:54'),
(177, 683, '2020-07-30 12:37:54'),
(177, 684, '2020-07-30 12:37:54'),
(177, 726, '2020-07-30 12:37:54'),
(177, 751, '2020-07-30 12:37:54'),
(177, 763, '2020-07-30 12:37:54'),
(177, 764, '2020-07-30 12:37:54'),
(177, 827, '2020-07-30 12:37:54'),
(177, 910, '2020-07-30 12:37:54'),
(177, 956, '2020-07-30 12:37:54'),
(178, 30, '2020-07-30 12:37:54'),
(178, 34, '2020-07-30 12:37:54'),
(178, 109, '2020-07-30 12:37:54'),
(178, 146, '2020-07-30 12:37:54'),
(178, 160, '2020-07-30 12:37:54'),
(178, 164, '2020-07-30 12:37:54'),
(178, 194, '2020-07-30 12:37:54'),
(178, 197, '2020-07-30 12:37:54'),
(178, 273, '2020-07-30 12:37:54'),
(178, 311, '2020-07-30 12:37:54'),
(178, 397, '2020-07-30 12:37:54'),
(178, 483, '2020-07-30 12:37:54'),
(178, 517, '2020-07-30 12:37:54'),
(178, 537, '2020-07-30 12:37:54'),
(178, 587, '2020-07-30 12:37:54'),
(178, 708, '2020-07-30 12:37:54'),
(178, 733, '2020-07-30 12:37:54'),
(178, 744, '2020-07-30 12:37:54'),
(178, 762, '2020-07-30 12:37:54'),
(178, 930, '2020-07-30 12:37:54'),
(178, 974, '2020-07-30 12:37:54'),
(178, 983, '2020-07-30 12:37:54'),
(178, 1000, '2020-07-30 12:37:54'),
(179, 24, '2020-07-30 12:37:54'),
(179, 27, '2020-07-30 12:37:54'),
(179, 65, '2020-07-30 12:37:54'),
(179, 85, '2020-07-30 12:37:54'),
(179, 109, '2020-07-30 12:37:54'),
(179, 131, '2020-07-30 12:37:54'),
(179, 159, '2020-07-30 12:37:54'),
(179, 193, '2020-07-30 12:37:54'),
(179, 250, '2020-07-30 12:37:54'),
(179, 291, '2020-07-30 12:37:54'),
(179, 353, '2020-07-30 12:37:54'),
(179, 415, '2020-07-30 12:37:54'),
(179, 463, '2020-07-30 12:37:54'),
(179, 468, '2020-07-30 12:37:54'),
(179, 489, '2020-07-30 12:37:54'),
(179, 566, '2020-07-30 12:37:54'),
(179, 588, '2020-07-30 12:37:54'),
(179, 650, '2020-07-30 12:37:54'),
(179, 698, '2020-07-30 12:37:54'),
(179, 732, '2020-07-30 12:37:54'),
(179, 737, '2020-07-30 12:37:54'),
(179, 769, '2020-07-30 12:37:54'),
(179, 811, '2020-07-30 12:37:54'),
(179, 817, '2020-07-30 12:37:54'),
(179, 852, '2020-07-30 12:37:54'),
(179, 924, '2020-07-30 12:37:54'),
(179, 931, '2020-07-30 12:37:54'),
(179, 960, '2020-07-30 12:37:54'),
(179, 976, '2020-07-30 12:37:54'),
(180, 12, '2020-07-30 12:37:54'),
(180, 33, '2020-07-30 12:37:54'),
(180, 144, '2020-07-30 12:37:54'),
(180, 195, '2020-07-30 12:37:54'),
(180, 258, '2020-07-30 12:37:54'),
(180, 441, '2020-07-30 12:37:54'),
(180, 506, '2020-07-30 12:37:54'),
(180, 561, '2020-07-30 12:37:54'),
(180, 609, '2020-07-30 12:37:54'),
(180, 622, '2020-07-30 12:37:54'),
(180, 628, '2020-07-30 12:37:54'),
(180, 657, '2020-07-30 12:37:54'),
(180, 724, '2020-07-30 12:37:54'),
(180, 729, '2020-07-30 12:37:54'),
(180, 732, '2020-07-30 12:37:54'),
(180, 777, '2020-07-30 12:37:54'),
(180, 809, '2020-07-30 12:37:54'),
(180, 811, '2020-07-30 12:37:54'),
(180, 820, '2020-07-30 12:37:54'),
(180, 824, '2020-07-30 12:37:54'),
(180, 847, '2020-07-30 12:37:54'),
(180, 869, '2020-07-30 12:37:54'),
(180, 874, '2020-07-30 12:37:54'),
(180, 955, '2020-07-30 12:37:54'),
(180, 963, '2020-07-30 12:37:54'),
(181, 5, '2020-07-30 12:37:54'),
(181, 40, '2020-07-30 12:37:54'),
(181, 74, '2020-07-30 12:37:54'),
(181, 78, '2020-07-30 12:37:54'),
(181, 83, '2020-07-30 12:37:54'),
(181, 152, '2020-07-30 12:37:54'),
(181, 195, '2020-07-30 12:37:54'),
(181, 233, '2020-07-30 12:37:54'),
(181, 286, '2020-07-30 12:37:54'),
(181, 301, '2020-07-30 12:37:54'),
(181, 311, '2020-07-30 12:37:54'),
(181, 381, '2020-07-30 12:37:54'),
(181, 387, '2020-07-30 12:37:54'),
(181, 403, '2020-07-30 12:37:54'),
(181, 409, '2020-07-30 12:37:54'),
(181, 420, '2020-07-30 12:37:54'),
(181, 437, '2020-07-30 12:37:54'),
(181, 456, '2020-07-30 12:37:54'),
(181, 507, '2020-07-30 12:37:54'),
(181, 522, '2020-07-30 12:37:54'),
(181, 539, '2020-07-30 12:37:54'),
(181, 542, '2020-07-30 12:37:54'),
(181, 546, '2020-07-30 12:37:54'),
(181, 579, '2020-07-30 12:37:54'),
(181, 596, '2020-07-30 12:37:54'),
(181, 604, '2020-07-30 12:37:54'),
(181, 609, '2020-07-30 12:37:54'),
(181, 625, '2020-07-30 12:37:54'),
(181, 744, '2020-07-30 12:37:54'),
(181, 816, '2020-07-30 12:37:54'),
(181, 836, '2020-07-30 12:37:54'),
(181, 868, '2020-07-30 12:37:54'),
(181, 870, '2020-07-30 12:37:54'),
(181, 874, '2020-07-30 12:37:54'),
(181, 892, '2020-07-30 12:37:54'),
(181, 907, '2020-07-30 12:37:54'),
(181, 911, '2020-07-30 12:37:54'),
(181, 921, '2020-07-30 12:37:54'),
(181, 991, '2020-07-30 12:37:54'),
(182, 33, '2020-07-30 12:37:54'),
(182, 160, '2020-07-30 12:37:54'),
(182, 301, '2020-07-30 12:37:54'),
(182, 324, '2020-07-30 12:37:54'),
(182, 346, '2020-07-30 12:37:54'),
(182, 362, '2020-07-30 12:37:54'),
(182, 391, '2020-07-30 12:37:54'),
(182, 413, '2020-07-30 12:37:54'),
(182, 421, '2020-07-30 12:37:54'),
(182, 437, '2020-07-30 12:37:54'),
(182, 590, '2020-07-30 12:37:54'),
(182, 639, '2020-07-30 12:37:54'),
(182, 668, '2020-07-30 12:37:54'),
(182, 677, '2020-07-30 12:37:54'),
(182, 679, '2020-07-30 12:37:54'),
(182, 695, '2020-07-30 12:37:54'),
(182, 714, '2020-07-30 12:37:54'),
(182, 720, '2020-07-30 12:37:54'),
(182, 819, '2020-07-30 12:37:54'),
(182, 828, '2020-07-30 12:37:54'),
(182, 845, '2020-07-30 12:37:54'),
(182, 864, '2020-07-30 12:37:54'),
(182, 940, '2020-07-30 12:37:54'),
(182, 990, '2020-07-30 12:37:54'),
(183, 32, '2020-07-30 12:37:54'),
(183, 40, '2020-07-30 12:37:54'),
(183, 71, '2020-07-30 12:37:54'),
(183, 113, '2020-07-30 12:37:54'),
(183, 313, '2020-07-30 12:37:54'),
(183, 388, '2020-07-30 12:37:54'),
(183, 389, '2020-07-30 12:37:54'),
(183, 390, '2020-07-30 12:37:54'),
(183, 495, '2020-07-30 12:37:54'),
(183, 520, '2020-07-30 12:37:54'),
(183, 576, '2020-07-30 12:37:54'),
(183, 636, '2020-07-30 12:37:54'),
(183, 715, '2020-07-30 12:37:54'),
(183, 850, '2020-07-30 12:37:54'),
(183, 862, '2020-07-30 12:37:54'),
(183, 914, '2020-07-30 12:37:54'),
(183, 941, '2020-07-30 12:37:54'),
(183, 949, '2020-07-30 12:37:54'),
(183, 983, '2020-07-30 12:37:54'),
(184, 35, '2020-07-30 12:37:54'),
(184, 87, '2020-07-30 12:37:54'),
(184, 146, '2020-07-30 12:37:54'),
(184, 169, '2020-07-30 12:37:54'),
(184, 221, '2020-07-30 12:37:54'),
(184, 336, '2020-07-30 12:37:54'),
(184, 371, '2020-07-30 12:37:54'),
(184, 452, '2020-07-30 12:37:54'),
(184, 486, '2020-07-30 12:37:54'),
(184, 492, '2020-07-30 12:37:54'),
(184, 500, '2020-07-30 12:37:54'),
(184, 574, '2020-07-30 12:37:54'),
(184, 580, '2020-07-30 12:37:54'),
(184, 597, '2020-07-30 12:37:54'),
(184, 615, '2020-07-30 12:37:54'),
(184, 640, '2020-07-30 12:37:54'),
(184, 642, '2020-07-30 12:37:54'),
(184, 650, '2020-07-30 12:37:54'),
(184, 661, '2020-07-30 12:37:54'),
(184, 684, '2020-07-30 12:37:54'),
(184, 745, '2020-07-30 12:37:54'),
(184, 772, '2020-07-30 12:37:54'),
(184, 787, '2020-07-30 12:37:54'),
(184, 867, '2020-07-30 12:37:54'),
(184, 959, '2020-07-30 12:37:54'),
(184, 966, '2020-07-30 12:37:54'),
(184, 967, '2020-07-30 12:37:54'),
(184, 969, '2020-07-30 12:37:54'),
(184, 985, '2020-07-30 12:37:54'),
(185, 7, '2020-07-30 12:37:54'),
(185, 95, '2020-07-30 12:37:54'),
(185, 138, '2020-07-30 12:37:54'),
(185, 265, '2020-07-30 12:37:54'),
(185, 286, '2020-07-30 12:37:54'),
(185, 360, '2020-07-30 12:37:54'),
(185, 411, '2020-07-30 12:37:54'),
(185, 427, '2020-07-30 12:37:54'),
(185, 437, '2020-07-30 12:37:54'),
(185, 448, '2020-07-30 12:37:54'),
(185, 494, '2020-07-30 12:37:54'),
(185, 510, '2020-07-30 12:37:54'),
(185, 518, '2020-07-30 12:37:54'),
(185, 554, '2020-07-30 12:37:54'),
(185, 560, '2020-07-30 12:37:54'),
(185, 571, '2020-07-30 12:37:54'),
(185, 584, '2020-07-30 12:37:54'),
(185, 631, '2020-07-30 12:37:54'),
(185, 665, '2020-07-30 12:37:54'),
(185, 694, '2020-07-30 12:37:54'),
(185, 730, '2020-07-30 12:37:54'),
(185, 761, '2020-07-30 12:37:54'),
(185, 818, '2020-07-30 12:37:54'),
(185, 845, '2020-07-30 12:37:54'),
(185, 880, '2020-07-30 12:37:54'),
(185, 882, '2020-07-30 12:37:54'),
(185, 919, '2020-07-30 12:37:54'),
(185, 920, '2020-07-30 12:37:54'),
(185, 965, '2020-07-30 12:37:54'),
(185, 973, '2020-07-30 12:37:54'),
(186, 95, '2020-07-30 12:37:54'),
(186, 187, '2020-07-30 12:37:54'),
(186, 208, '2020-07-30 12:37:54'),
(186, 228, '2020-07-30 12:37:54'),
(186, 237, '2020-07-30 12:37:54'),
(186, 422, '2020-07-30 12:37:54'),
(186, 482, '2020-07-30 12:37:54'),
(186, 508, '2020-07-30 12:37:54'),
(186, 552, '2020-07-30 12:37:54'),
(186, 579, '2020-07-30 12:37:54'),
(186, 637, '2020-07-30 12:37:54'),
(186, 648, '2020-07-30 12:37:54'),
(186, 654, '2020-07-30 12:37:54'),
(186, 729, '2020-07-30 12:37:54'),
(186, 983, '2020-07-30 12:37:54'),
(186, 994, '2020-07-30 12:37:54'),
(187, 17, '2020-07-30 12:37:54'),
(187, 25, '2020-07-30 12:37:54'),
(187, 29, '2020-07-30 12:37:54'),
(187, 51, '2020-07-30 12:37:54'),
(187, 73, '2020-07-30 12:37:54'),
(187, 76, '2020-07-30 12:37:54'),
(187, 98, '2020-07-30 12:37:54'),
(187, 110, '2020-07-30 12:37:54'),
(187, 127, '2020-07-30 12:37:54'),
(187, 168, '2020-07-30 12:37:54'),
(187, 222, '2020-07-30 12:37:54'),
(187, 224, '2020-07-30 12:37:54'),
(187, 297, '2020-07-30 12:37:54'),
(187, 354, '2020-07-30 12:37:54'),
(187, 379, '2020-07-30 12:37:54'),
(187, 417, '2020-07-30 12:37:54'),
(187, 435, '2020-07-30 12:37:54'),
(187, 441, '2020-07-30 12:37:54'),
(187, 474, '2020-07-30 12:37:54'),
(187, 499, '2020-07-30 12:37:54'),
(187, 538, '2020-07-30 12:37:54'),
(187, 548, '2020-07-30 12:37:54'),
(187, 561, '2020-07-30 12:37:54'),
(187, 617, '2020-07-30 12:37:54'),
(187, 625, '2020-07-30 12:37:54'),
(187, 664, '2020-07-30 12:37:54'),
(187, 671, '2020-07-30 12:37:54'),
(187, 768, '2020-07-30 12:37:54'),
(187, 779, '2020-07-30 12:37:54'),
(187, 906, '2020-07-30 12:37:54'),
(187, 914, '2020-07-30 12:37:54'),
(187, 923, '2020-07-30 12:37:54'),
(187, 976, '2020-07-30 12:37:54'),
(188, 1, '2020-07-30 12:37:54'),
(188, 10, '2020-07-30 12:37:54'),
(188, 14, '2020-07-30 12:37:54'),
(188, 51, '2020-07-30 12:37:54'),
(188, 102, '2020-07-30 12:37:54'),
(188, 111, '2020-07-30 12:37:54'),
(188, 146, '2020-07-30 12:37:54'),
(188, 206, '2020-07-30 12:37:54'),
(188, 223, '2020-07-30 12:37:54'),
(188, 289, '2020-07-30 12:37:54'),
(188, 311, '2020-07-30 12:37:54'),
(188, 322, '2020-07-30 12:37:54'),
(188, 338, '2020-07-30 12:37:54'),
(188, 396, '2020-07-30 12:37:54'),
(188, 412, '2020-07-30 12:37:54'),
(188, 506, '2020-07-30 12:37:54'),
(188, 517, '2020-07-30 12:37:54'),
(188, 529, '2020-07-30 12:37:54'),
(188, 566, '2020-07-30 12:37:54'),
(188, 593, '2020-07-30 12:37:54'),
(188, 606, '2020-07-30 12:37:54'),
(188, 662, '2020-07-30 12:37:54'),
(188, 770, '2020-07-30 12:37:54'),
(188, 773, '2020-07-30 12:37:54'),
(188, 774, '2020-07-30 12:37:54'),
(188, 815, '2020-07-30 12:37:54'),
(188, 849, '2020-07-30 12:37:54'),
(188, 925, '2020-07-30 12:37:54'),
(188, 988, '2020-07-30 12:37:54'),
(188, 989, '2020-07-30 12:37:54'),
(189, 43, '2020-07-30 12:37:54'),
(189, 82, '2020-07-30 12:37:54'),
(189, 171, '2020-07-30 12:37:54'),
(189, 266, '2020-07-30 12:37:54'),
(189, 272, '2020-07-30 12:37:54'),
(189, 315, '2020-07-30 12:37:54'),
(189, 378, '2020-07-30 12:37:54'),
(189, 492, '2020-07-30 12:37:54'),
(189, 509, '2020-07-30 12:37:54'),
(189, 512, '2020-07-30 12:37:54'),
(189, 519, '2020-07-30 12:37:54'),
(189, 533, '2020-07-30 12:37:54'),
(189, 548, '2020-07-30 12:37:54'),
(189, 560, '2020-07-30 12:37:54'),
(189, 628, '2020-07-30 12:37:54'),
(189, 734, '2020-07-30 12:37:54'),
(189, 748, '2020-07-30 12:37:54'),
(189, 788, '2020-07-30 12:37:54'),
(189, 820, '2020-07-30 12:37:54'),
(189, 853, '2020-07-30 12:37:54'),
(189, 882, '2020-07-30 12:37:54'),
(189, 896, '2020-07-30 12:37:54'),
(189, 899, '2020-07-30 12:37:54'),
(189, 940, '2020-07-30 12:37:54'),
(190, 38, '2020-07-30 12:37:54'),
(190, 54, '2020-07-30 12:37:54'),
(190, 62, '2020-07-30 12:37:54'),
(190, 87, '2020-07-30 12:37:54'),
(190, 173, '2020-07-30 12:37:54'),
(190, 234, '2020-07-30 12:37:54'),
(190, 253, '2020-07-30 12:37:54'),
(190, 278, '2020-07-30 12:37:54'),
(190, 310, '2020-07-30 12:37:54'),
(190, 374, '2020-07-30 12:37:54'),
(190, 411, '2020-07-30 12:37:54'),
(190, 426, '2020-07-30 12:37:54'),
(190, 472, '2020-07-30 12:37:54'),
(190, 549, '2020-07-30 12:37:54'),
(190, 562, '2020-07-30 12:37:54'),
(190, 606, '2020-07-30 12:37:54'),
(190, 623, '2020-07-30 12:37:54'),
(190, 679, '2020-07-30 12:37:54'),
(190, 682, '2020-07-30 12:37:54'),
(190, 693, '2020-07-30 12:37:54'),
(190, 695, '2020-07-30 12:37:54'),
(190, 705, '2020-07-30 12:37:54'),
(190, 708, '2020-07-30 12:37:54'),
(190, 802, '2020-07-30 12:37:54'),
(190, 806, '2020-07-30 12:37:54'),
(190, 874, '2020-07-30 12:37:54'),
(190, 959, '2020-07-30 12:37:54'),
(191, 16, '2020-07-30 12:37:54'),
(191, 39, '2020-07-30 12:37:54'),
(191, 84, '2020-07-30 12:37:54'),
(191, 185, '2020-07-30 12:37:54'),
(191, 219, '2020-07-30 12:37:54'),
(191, 293, '2020-07-30 12:37:54'),
(191, 296, '2020-07-30 12:37:54'),
(191, 378, '2020-07-30 12:37:54'),
(191, 410, '2020-07-30 12:37:54'),
(191, 420, '2020-07-30 12:37:54'),
(191, 461, '2020-07-30 12:37:54'),
(191, 544, '2020-07-30 12:37:54'),
(191, 551, '2020-07-30 12:37:54'),
(191, 596, '2020-07-30 12:37:54'),
(191, 638, '2020-07-30 12:37:54'),
(191, 668, '2020-07-30 12:37:54'),
(191, 692, '2020-07-30 12:37:54'),
(191, 775, '2020-07-30 12:37:54'),
(191, 801, '2020-07-30 12:37:54'),
(191, 819, '2020-07-30 12:37:54'),
(191, 827, '2020-07-30 12:37:54'),
(191, 830, '2020-07-30 12:37:54'),
(191, 834, '2020-07-30 12:37:54'),
(191, 849, '2020-07-30 12:37:54'),
(191, 858, '2020-07-30 12:37:54'),
(191, 914, '2020-07-30 12:37:54'),
(191, 958, '2020-07-30 12:37:54'),
(191, 969, '2020-07-30 12:37:54'),
(191, 971, '2020-07-30 12:37:54'),
(191, 993, '2020-07-30 12:37:54'),
(192, 16, '2020-07-30 12:37:54'),
(192, 69, '2020-07-30 12:37:54'),
(192, 117, '2020-07-30 12:37:54'),
(192, 155, '2020-07-30 12:37:54'),
(192, 166, '2020-07-30 12:37:54'),
(192, 179, '2020-07-30 12:37:54'),
(192, 214, '2020-07-30 12:37:54'),
(192, 361, '2020-07-30 12:37:54'),
(192, 367, '2020-07-30 12:37:54'),
(192, 426, '2020-07-30 12:37:54'),
(192, 465, '2020-07-30 12:37:54'),
(192, 470, '2020-07-30 12:37:54'),
(192, 475, '2020-07-30 12:37:54'),
(192, 485, '2020-07-30 12:37:54'),
(192, 541, '2020-07-30 12:37:54'),
(192, 578, '2020-07-30 12:37:54'),
(192, 592, '2020-07-30 12:37:54'),
(192, 614, '2020-07-30 12:37:54'),
(192, 618, '2020-07-30 12:37:54'),
(192, 622, '2020-07-30 12:37:54'),
(192, 674, '2020-07-30 12:37:54'),
(192, 677, '2020-07-30 12:37:54'),
(192, 680, '2020-07-30 12:37:54'),
(192, 682, '2020-07-30 12:37:54'),
(192, 708, '2020-07-30 12:37:54'),
(192, 711, '2020-07-30 12:37:54'),
(192, 747, '2020-07-30 12:37:54'),
(192, 763, '2020-07-30 12:37:54'),
(192, 819, '2020-07-30 12:37:54'),
(193, 44, '2020-07-30 12:37:54'),
(193, 80, '2020-07-30 12:37:54'),
(193, 103, '2020-07-30 12:37:54'),
(193, 109, '2020-07-30 12:37:54'),
(193, 119, '2020-07-30 12:37:54'),
(193, 141, '2020-07-30 12:37:54'),
(193, 164, '2020-07-30 12:37:54'),
(193, 291, '2020-07-30 12:37:54'),
(193, 352, '2020-07-30 12:37:54'),
(193, 358, '2020-07-30 12:37:54'),
(193, 376, '2020-07-30 12:37:54'),
(193, 412, '2020-07-30 12:37:54'),
(193, 462, '2020-07-30 12:37:54'),
(193, 689, '2020-07-30 12:37:54'),
(193, 709, '2020-07-30 12:37:54'),
(193, 745, '2020-07-30 12:37:54'),
(193, 807, '2020-07-30 12:37:54'),
(193, 828, '2020-07-30 12:37:54'),
(193, 834, '2020-07-30 12:37:54'),
(193, 851, '2020-07-30 12:37:54'),
(193, 937, '2020-07-30 12:37:54'),
(193, 953, '2020-07-30 12:37:54'),
(193, 960, '2020-07-30 12:37:54'),
(194, 9, '2020-07-30 12:37:54'),
(194, 42, '2020-07-30 12:37:54'),
(194, 67, '2020-07-30 12:37:54'),
(194, 86, '2020-07-30 12:37:54'),
(194, 88, '2020-07-30 12:37:54'),
(194, 98, '2020-07-30 12:37:54'),
(194, 135, '2020-07-30 12:37:54'),
(194, 161, '2020-07-30 12:37:54'),
(194, 163, '2020-07-30 12:37:54'),
(194, 215, '2020-07-30 12:37:54'),
(194, 232, '2020-07-30 12:37:54'),
(194, 352, '2020-07-30 12:37:54'),
(194, 415, '2020-07-30 12:37:54'),
(194, 486, '2020-07-30 12:37:54'),
(194, 498, '2020-07-30 12:37:54'),
(194, 531, '2020-07-30 12:37:54'),
(194, 719, '2020-07-30 12:37:54'),
(194, 738, '2020-07-30 12:37:54'),
(194, 786, '2020-07-30 12:37:54'),
(194, 872, '2020-07-30 12:37:54'),
(194, 938, '2020-07-30 12:37:54'),
(194, 940, '2020-07-30 12:37:54'),
(195, 129, '2020-07-30 12:37:54'),
(195, 130, '2020-07-30 12:37:54'),
(195, 141, '2020-07-30 12:37:54'),
(195, 144, '2020-07-30 12:37:54'),
(195, 298, '2020-07-30 12:37:54'),
(195, 359, '2020-07-30 12:37:54'),
(195, 361, '2020-07-30 12:37:54'),
(195, 392, '2020-07-30 12:37:54'),
(195, 403, '2020-07-30 12:37:54'),
(195, 494, '2020-07-30 12:37:54'),
(195, 520, '2020-07-30 12:37:54'),
(195, 534, '2020-07-30 12:37:54'),
(195, 560, '2020-07-30 12:37:54'),
(195, 592, '2020-07-30 12:37:54'),
(195, 649, '2020-07-30 12:37:54'),
(195, 658, '2020-07-30 12:37:54'),
(195, 673, '2020-07-30 12:37:54'),
(195, 677, '2020-07-30 12:37:54'),
(195, 706, '2020-07-30 12:37:54'),
(195, 738, '2020-07-30 12:37:54'),
(195, 769, '2020-07-30 12:37:54'),
(195, 781, '2020-07-30 12:37:54'),
(195, 794, '2020-07-30 12:37:54'),
(195, 813, '2020-07-30 12:37:54'),
(195, 869, '2020-07-30 12:37:54'),
(195, 885, '2020-07-30 12:37:54'),
(195, 962, '2020-07-30 12:37:54'),
(196, 64, '2020-07-30 12:37:54'),
(196, 122, '2020-07-30 12:37:54'),
(196, 156, '2020-07-30 12:37:54'),
(196, 169, '2020-07-30 12:37:54'),
(196, 276, '2020-07-30 12:37:54'),
(196, 284, '2020-07-30 12:37:54'),
(196, 303, '2020-07-30 12:37:54'),
(196, 324, '2020-07-30 12:37:54'),
(196, 423, '2020-07-30 12:37:54'),
(196, 473, '2020-07-30 12:37:54'),
(196, 484, '2020-07-30 12:37:54'),
(196, 515, '2020-07-30 12:37:54'),
(196, 524, '2020-07-30 12:37:54'),
(196, 541, '2020-07-30 12:37:54'),
(196, 560, '2020-07-30 12:37:54'),
(196, 575, '2020-07-30 12:37:54'),
(196, 576, '2020-07-30 12:37:54'),
(196, 587, '2020-07-30 12:37:54'),
(196, 615, '2020-07-30 12:37:54'),
(196, 635, '2020-07-30 12:37:54'),
(196, 684, '2020-07-30 12:37:54'),
(196, 795, '2020-07-30 12:37:54'),
(196, 815, '2020-07-30 12:37:54'),
(196, 833, '2020-07-30 12:37:54'),
(196, 837, '2020-07-30 12:37:54'),
(196, 906, '2020-07-30 12:37:54'),
(196, 908, '2020-07-30 12:37:54'),
(196, 919, '2020-07-30 12:37:54'),
(196, 939, '2020-07-30 12:37:54'),
(196, 972, '2020-07-30 12:37:54'),
(197, 6, '2020-07-30 12:37:54'),
(197, 29, '2020-07-30 12:37:54'),
(197, 63, '2020-07-30 12:37:54'),
(197, 123, '2020-07-30 12:37:54'),
(197, 129, '2020-07-30 12:37:54'),
(197, 147, '2020-07-30 12:37:54'),
(197, 164, '2020-07-30 12:37:54'),
(197, 189, '2020-07-30 12:37:54'),
(197, 243, '2020-07-30 12:37:54'),
(197, 249, '2020-07-30 12:37:54'),
(197, 258, '2020-07-30 12:37:54'),
(197, 364, '2020-07-30 12:37:54'),
(197, 369, '2020-07-30 12:37:54'),
(197, 370, '2020-07-30 12:37:54'),
(197, 418, '2020-07-30 12:37:54'),
(197, 522, '2020-07-30 12:37:54'),
(197, 531, '2020-07-30 12:37:54'),
(197, 554, '2020-07-30 12:37:54'),
(197, 598, '2020-07-30 12:37:54'),
(197, 628, '2020-07-30 12:37:54'),
(197, 691, '2020-07-30 12:37:54'),
(197, 724, '2020-07-30 12:37:54'),
(197, 746, '2020-07-30 12:37:54'),
(197, 752, '2020-07-30 12:37:54'),
(197, 758, '2020-07-30 12:37:54'),
(197, 769, '2020-07-30 12:37:54'),
(197, 815, '2020-07-30 12:37:54'),
(197, 916, '2020-07-30 12:37:54'),
(197, 950, '2020-07-30 12:37:54'),
(197, 967, '2020-07-30 12:37:54'),
(197, 974, '2020-07-30 12:37:54'),
(197, 979, '2020-07-30 12:37:54'),
(197, 995, '2020-07-30 12:37:54'),
(198, 1, '2020-07-30 12:37:54'),
(198, 109, '2020-07-30 12:37:54'),
(198, 125, '2020-07-30 12:37:54'),
(198, 186, '2020-07-30 12:37:54'),
(198, 262, '2020-07-30 12:37:54'),
(198, 264, '2020-07-30 12:37:54'),
(198, 303, '2020-07-30 12:37:54'),
(198, 309, '2020-07-30 12:37:54'),
(198, 311, '2020-07-30 12:37:54'),
(198, 329, '2020-07-30 12:37:54'),
(198, 347, '2020-07-30 12:37:54'),
(198, 379, '2020-07-30 12:37:54'),
(198, 395, '2020-07-30 12:37:54'),
(198, 406, '2020-07-30 12:37:54'),
(198, 450, '2020-07-30 12:37:54'),
(198, 464, '2020-07-30 12:37:54'),
(198, 482, '2020-07-30 12:37:54'),
(198, 499, '2020-07-30 12:37:54'),
(198, 536, '2020-07-30 12:37:54'),
(198, 541, '2020-07-30 12:37:54'),
(198, 545, '2020-07-30 12:37:54'),
(198, 555, '2020-07-30 12:37:54'),
(198, 568, '2020-07-30 12:37:54'),
(198, 570, '2020-07-30 12:37:54'),
(198, 588, '2020-07-30 12:37:54'),
(198, 597, '2020-07-30 12:37:54'),
(198, 628, '2020-07-30 12:37:54'),
(198, 745, '2020-07-30 12:37:54'),
(198, 758, '2020-07-30 12:37:54'),
(198, 796, '2020-07-30 12:37:54'),
(198, 806, '2020-07-30 12:37:54'),
(198, 817, '2020-07-30 12:37:54'),
(198, 843, '2020-07-30 12:37:54'),
(198, 858, '2020-07-30 12:37:54'),
(198, 871, '2020-07-30 12:37:54'),
(198, 886, '2020-07-30 12:37:54'),
(198, 892, '2020-07-30 12:37:54'),
(198, 924, '2020-07-30 12:37:54'),
(198, 952, '2020-07-30 12:37:54'),
(198, 997, '2020-07-30 12:37:54'),
(199, 67, '2020-07-30 12:37:54'),
(199, 84, '2020-07-30 12:37:54'),
(199, 145, '2020-07-30 12:37:54'),
(199, 159, '2020-07-30 12:37:54'),
(199, 216, '2020-07-30 12:37:54'),
(199, 432, '2020-07-30 12:37:54'),
(199, 541, '2020-07-30 12:37:54'),
(199, 604, '2020-07-30 12:37:54'),
(199, 640, '2020-07-30 12:37:54'),
(199, 689, '2020-07-30 12:37:54'),
(199, 730, '2020-07-30 12:37:54'),
(199, 784, '2020-07-30 12:37:54'),
(199, 785, '2020-07-30 12:37:54'),
(199, 886, '2020-07-30 12:37:54'),
(199, 953, '2020-07-30 12:37:54'),
(200, 5, '2020-07-30 12:37:54'),
(200, 49, '2020-07-30 12:37:54'),
(200, 80, '2020-07-30 12:37:54'),
(200, 116, '2020-07-30 12:37:54'),
(200, 121, '2020-07-30 12:37:54'),
(200, 149, '2020-07-30 12:37:54'),
(200, 346, '2020-07-30 12:37:54'),
(200, 419, '2020-07-30 12:37:54'),
(200, 462, '2020-07-30 12:37:54'),
(200, 465, '2020-07-30 12:37:54'),
(200, 474, '2020-07-30 12:37:54'),
(200, 537, '2020-07-30 12:37:54'),
(200, 538, '2020-07-30 12:37:54'),
(200, 544, '2020-07-30 12:37:54'),
(200, 714, '2020-07-30 12:37:54'),
(200, 879, '2020-07-30 12:37:54'),
(200, 912, '2020-07-30 12:37:54'),
(200, 945, '2020-07-30 12:37:54'),
(200, 958, '2020-07-30 12:37:54'),
(200, 993, '2020-07-30 12:37:54');

-- --------------------------------------------------------

--
-- Table structure for table `film_category`
--

CREATE TABLE `film_category` (
  `film_id` smallint(5) UNSIGNED,
  `category_id` tinyint(3) UNSIGNED,
  `last_update` timestamp NOT NULL DEFAULT CURRENT_TIMESTAMP ON UPDATE CURRENT_TIMESTAMP
) ENGINE=InnoDB DEFAULT CHARSET=utf8mb4;

--
-- Dumping data for table `film_category`
--

INSERT INTO `film_category` (`film_id`, `category_id`, `last_update`) VALUES
(1, 6, '2020-07-30 12:37:55'),
(2, 11, '2020-07-30 12:37:55'),
(3, 6, '2020-07-30 12:37:55'),
(4, 11, '2020-07-30 12:37:55'),
(5, 8, '2020-07-30 12:37:55'),
(6, 9, '2020-07-30 12:37:55'),
(7, 5, '2020-07-30 12:37:55'),
(8, 11, '2020-07-30 12:37:55'),
(9, 11, '2020-07-30 12:37:55'),
(10, 15, '2020-07-30 12:37:55'),
(11, 9, '2020-07-30 12:37:55'),
(12, 12, '2020-07-30 12:37:55'),
(13, 11, '2020-07-30 12:37:55'),
(14, 4, '2020-07-30 12:37:55'),
(15, 9, '2020-07-30 12:37:55'),
(16, 9, '2020-07-30 12:37:55'),
(17, 12, '2020-07-30 12:37:55'),
(18, 2, '2020-07-30 12:37:55'),
(19, 1, '2020-07-30 12:37:55'),
(20, 12, '2020-07-30 12:37:55'),
(21, 1, '2020-07-30 12:37:55'),
(22, 13, '2020-07-30 12:37:55'),
(23, 2, '2020-07-30 12:37:55'),
(24, 11, '2020-07-30 12:37:55'),
(25, 13, '2020-07-30 12:37:55'),
(26, 14, '2020-07-30 12:37:55'),
(27, 15, '2020-07-30 12:37:55'),
(28, 5, '2020-07-30 12:37:55'),
(29, 1, '2020-07-30 12:37:55'),
(30, 11, '2020-07-30 12:37:55'),
(31, 8, '2020-07-30 12:37:55'),
(32, 13, '2020-07-30 12:37:55'),
(33, 7, '2020-07-30 12:37:55'),
(34, 11, '2020-07-30 12:37:55'),
(35, 11, '2020-07-30 12:37:55'),
(36, 2, '2020-07-30 12:37:55'),
(37, 4, '2020-07-30 12:37:55'),
(38, 1, '2020-07-30 12:37:55'),
(39, 14, '2020-07-30 12:37:55'),
(40, 6, '2020-07-30 12:37:55'),
(41, 16, '2020-07-30 12:37:55'),
(42, 15, '2020-07-30 12:37:55'),
(43, 8, '2020-07-30 12:37:55'),
(44, 14, '2020-07-30 12:37:55'),
(45, 13, '2020-07-30 12:37:55'),
(46, 10, '2020-07-30 12:37:55'),
(47, 9, '2020-07-30 12:37:55'),
(48, 3, '2020-07-30 12:37:55'),
(49, 14, '2020-07-30 12:37:55'),
(50, 8, '2020-07-30 12:37:55'),
(51, 12, '2020-07-30 12:37:55'),
(52, 9, '2020-07-30 12:37:55'),
(53, 8, '2020-07-30 12:37:55'),
(54, 12, '2020-07-30 12:37:55'),
(55, 14, '2020-07-30 12:37:55'),
(56, 1, '2020-07-30 12:37:55'),
(57, 16, '2020-07-30 12:37:55'),
(58, 6, '2020-07-30 12:37:55'),
(59, 3, '2020-07-30 12:37:55'),
(60, 4, '2020-07-30 12:37:55'),
(61, 7, '2020-07-30 12:37:55'),
(62, 6, '2020-07-30 12:37:55'),
(63, 8, '2020-07-30 12:37:55'),
(64, 7, '2020-07-30 12:37:55'),
(65, 11, '2020-07-30 12:37:55'),
(66, 3, '2020-07-30 12:37:55'),
(67, 1, '2020-07-30 12:37:55'),
(68, 3, '2020-07-30 12:37:55'),
(69, 14, '2020-07-30 12:37:55'),
(70, 2, '2020-07-30 12:37:55'),
(71, 8, '2020-07-30 12:37:55'),
(72, 6, '2020-07-30 12:37:55'),
(73, 14, '2020-07-30 12:37:55'),
(74, 12, '2020-07-30 12:37:55'),
(75, 16, '2020-07-30 12:37:55'),
(76, 12, '2020-07-30 12:37:55'),
(77, 13, '2020-07-30 12:37:55'),
(78, 2, '2020-07-30 12:37:55'),
(79, 7, '2020-07-30 12:37:55'),
(80, 8, '2020-07-30 12:37:55'),
(81, 14, '2020-07-30 12:37:55'),
(82, 8, '2020-07-30 12:37:55'),
(83, 8, '2020-07-30 12:37:55'),
(84, 16, '2020-07-30 12:37:55'),
(85, 6, '2020-07-30 12:37:55'),
(86, 12, '2020-07-30 12:37:55'),
(87, 16, '2020-07-30 12:37:55'),
(88, 16, '2020-07-30 12:37:55'),
(89, 2, '2020-07-30 12:37:55'),
(90, 13, '2020-07-30 12:37:55'),
(91, 4, '2020-07-30 12:37:55'),
(92, 11, '2020-07-30 12:37:55'),
(93, 13, '2020-07-30 12:37:55'),
(94, 8, '2020-07-30 12:37:55'),
(95, 13, '2020-07-30 12:37:55'),
(96, 13, '2020-07-30 12:37:55'),
(97, 1, '2020-07-30 12:37:55'),
(98, 7, '2020-07-30 12:37:55'),
(99, 5, '2020-07-30 12:37:55'),
(100, 9, '2020-07-30 12:37:55'),
(101, 6, '2020-07-30 12:37:55'),
(102, 15, '2020-07-30 12:37:55'),
(103, 16, '2020-07-30 12:37:55'),
(104, 9, '2020-07-30 12:37:55'),
(105, 1, '2020-07-30 12:37:55'),
(106, 10, '2020-07-30 12:37:55'),
(107, 7, '2020-07-30 12:37:55'),
(108, 13, '2020-07-30 12:37:55'),
(109, 13, '2020-07-30 12:37:55'),
(110, 3, '2020-07-30 12:37:55'),
(111, 1, '2020-07-30 12:37:55'),
(112, 9, '2020-07-30 12:37:55'),
(113, 15, '2020-07-30 12:37:55'),
(114, 14, '2020-07-30 12:37:55'),
(115, 1, '2020-07-30 12:37:55'),
(116, 4, '2020-07-30 12:37:55'),
(117, 10, '2020-07-30 12:37:55'),
(118, 2, '2020-07-30 12:37:55'),
(119, 5, '2020-07-30 12:37:55'),
(120, 15, '2020-07-30 12:37:55'),
(121, 2, '2020-07-30 12:37:55'),
(122, 11, '2020-07-30 12:37:55'),
(123, 16, '2020-07-30 12:37:55'),
(124, 3, '2020-07-30 12:37:55'),
(125, 16, '2020-07-30 12:37:55'),
(126, 1, '2020-07-30 12:37:55'),
(127, 5, '2020-07-30 12:37:55'),
(128, 9, '2020-07-30 12:37:55'),
(129, 6, '2020-07-30 12:37:55'),
(130, 1, '2020-07-30 12:37:55'),
(131, 4, '2020-07-30 12:37:55'),
(132, 14, '2020-07-30 12:37:55'),
(133, 12, '2020-07-30 12:37:55'),
(134, 2, '2020-07-30 12:37:55'),
(135, 15, '2020-07-30 12:37:55'),
(136, 13, '2020-07-30 12:37:55'),
(137, 14, '2020-07-30 12:37:55'),
(138, 14, '2020-07-30 12:37:55'),
(139, 8, '2020-07-30 12:37:55'),
(140, 14, '2020-07-30 12:37:55'),
(141, 10, '2020-07-30 12:37:55'),
(142, 6, '2020-07-30 12:37:55'),
(143, 7, '2020-07-30 12:37:55'),
(144, 13, '2020-07-30 12:37:55'),
(145, 8, '2020-07-30 12:37:55'),
(146, 7, '2020-07-30 12:37:55'),
(147, 8, '2020-07-30 12:37:55'),
(148, 9, '2020-07-30 12:37:55'),
(149, 3, '2020-07-30 12:37:55'),
(150, 6, '2020-07-30 12:37:55'),
(151, 14, '2020-07-30 12:37:55'),
(152, 3, '2020-07-30 12:37:55'),
(153, 14, '2020-07-30 12:37:55'),
(154, 2, '2020-07-30 12:37:55'),
(155, 13, '2020-07-30 12:37:55'),
(156, 6, '2020-07-30 12:37:55'),
(157, 3, '2020-07-30 12:37:55'),
(158, 12, '2020-07-30 12:37:55'),
(159, 5, '2020-07-30 12:37:55'),
(160, 2, '2020-07-30 12:37:55'),
(161, 12, '2020-07-30 12:37:55'),
(162, 1, '2020-07-30 12:37:55'),
(163, 13, '2020-07-30 12:37:55'),
(164, 6, '2020-07-30 12:37:55'),
(165, 14, '2020-07-30 12:37:55'),
(166, 4, '2020-07-30 12:37:55'),
(167, 16, '2020-07-30 12:37:55'),
(168, 3, '2020-07-30 12:37:55'),
(169, 16, '2020-07-30 12:37:55'),
(170, 9, '2020-07-30 12:37:55'),
(171, 11, '2020-07-30 12:37:55'),
(172, 7, '2020-07-30 12:37:55'),
(173, 7, '2020-07-30 12:37:55'),
(174, 12, '2020-07-30 12:37:55'),
(175, 8, '2020-07-30 12:37:55'),
(176, 15, '2020-07-30 12:37:55'),
(177, 14, '2020-07-30 12:37:55'),
(178, 5, '2020-07-30 12:37:55'),
(179, 7, '2020-07-30 12:37:55'),
(180, 4, '2020-07-30 12:37:55'),
(181, 16, '2020-07-30 12:37:55'),
(182, 5, '2020-07-30 12:37:55'),
(183, 8, '2020-07-30 12:37:55'),
(184, 4, '2020-07-30 12:37:55'),
(185, 9, '2020-07-30 12:37:55'),
(186, 7, '2020-07-30 12:37:55'),
(187, 15, '2020-07-30 12:37:55'),
(188, 5, '2020-07-30 12:37:55'),
(189, 10, '2020-07-30 12:37:55'),
(190, 4, '2020-07-30 12:37:55'),
(191, 3, '2020-07-30 12:37:55'),
(192, 9, '2020-07-30 12:37:55'),
(193, 2, '2020-07-30 12:37:55'),
(194, 1, '2020-07-30 12:37:55'),
(195, 14, '2020-07-30 12:37:55'),
(196, 4, '2020-07-30 12:37:55'),
(197, 15, '2020-07-30 12:37:55'),
(198, 9, '2020-07-30 12:37:55'),
(199, 6, '2020-07-30 12:37:55'),
(200, 10, '2020-07-30 12:37:55'),
(201, 9, '2020-07-30 12:37:55'),
(202, 5, '2020-07-30 12:37:55'),
(203, 14, '2020-07-30 12:37:55'),
(204, 7, '2020-07-30 12:37:55'),
(205, 1, '2020-07-30 12:37:55'),
(206, 6, '2020-07-30 12:37:55'),
(207, 9, '2020-07-30 12:37:55'),
(208, 2, '2020-07-30 12:37:55'),
(209, 7, '2020-07-30 12:37:55'),
(210, 1, '2020-07-30 12:37:55'),
(211, 10, '2020-07-30 12:37:55'),
(212, 1, '2020-07-30 12:37:55'),
(213, 8, '2020-07-30 12:37:55'),
(214, 3, '2020-07-30 12:37:55'),
(215, 10, '2020-07-30 12:37:55'),
(216, 13, '2020-07-30 12:37:55'),
(217, 10, '2020-07-30 12:37:55'),
(218, 7, '2020-07-30 12:37:55'),
(219, 6, '2020-07-30 12:37:55'),
(220, 12, '2020-07-30 12:37:55'),
(221, 6, '2020-07-30 12:37:55'),
(222, 11, '2020-07-30 12:37:55'),
(223, 2, '2020-07-30 12:37:55'),
(224, 16, '2020-07-30 12:37:55'),
(225, 7, '2020-07-30 12:37:55'),
(226, 13, '2020-07-30 12:37:55'),
(227, 10, '2020-07-30 12:37:55'),
(228, 4, '2020-07-30 12:37:55'),
(229, 1, '2020-07-30 12:37:55'),
(230, 7, '2020-07-30 12:37:55'),
(231, 8, '2020-07-30 12:37:55'),
(232, 10, '2020-07-30 12:37:55'),
(233, 16, '2020-07-30 12:37:55'),
(234, 14, '2020-07-30 12:37:55'),
(235, 14, '2020-07-30 12:37:55'),
(236, 10, '2020-07-30 12:37:55'),
(237, 15, '2020-07-30 12:37:55'),
(238, 3, '2020-07-30 12:37:55'),
(239, 2, '2020-07-30 12:37:55'),
(240, 14, '2020-07-30 12:37:55'),
(241, 2, '2020-07-30 12:37:55'),
(242, 5, '2020-07-30 12:37:55'),
(243, 2, '2020-07-30 12:37:55'),
(244, 12, '2020-07-30 12:37:55'),
(245, 2, '2020-07-30 12:37:55'),
(246, 9, '2020-07-30 12:37:55'),
(247, 5, '2020-07-30 12:37:55'),
(248, 6, '2020-07-30 12:37:55'),
(249, 4, '2020-07-30 12:37:55'),
(250, 1, '2020-07-30 12:37:55'),
(251, 13, '2020-07-30 12:37:55'),
(252, 1, '2020-07-30 12:37:55'),
(253, 1, '2020-07-30 12:37:55'),
(254, 15, '2020-07-30 12:37:55'),
(255, 12, '2020-07-30 12:37:55'),
(256, 15, '2020-07-30 12:37:55'),
(257, 16, '2020-07-30 12:37:55'),
(258, 11, '2020-07-30 12:37:55'),
(259, 2, '2020-07-30 12:37:55'),
(260, 15, '2020-07-30 12:37:55'),
(261, 6, '2020-07-30 12:37:55'),
(262, 8, '2020-07-30 12:37:55'),
(263, 15, '2020-07-30 12:37:55'),
(264, 10, '2020-07-30 12:37:55'),
(265, 5, '2020-07-30 12:37:55'),
(266, 4, '2020-07-30 12:37:55'),
(267, 13, '2020-07-30 12:37:55'),
(268, 2, '2020-07-30 12:37:55'),
(269, 8, '2020-07-30 12:37:55'),
(270, 13, '2020-07-30 12:37:55'),
(271, 1, '2020-07-30 12:37:55'),
(272, 7, '2020-07-30 12:37:55'),
(273, 8, '2020-07-30 12:37:55'),
(274, 6, '2020-07-30 12:37:55'),
(275, 11, '2020-07-30 12:37:55'),
(276, 5, '2020-07-30 12:37:55'),
(277, 11, '2020-07-30 12:37:55'),
(278, 12, '2020-07-30 12:37:55'),
(279, 15, '2020-07-30 12:37:55'),
(280, 3, '2020-07-30 12:37:55'),
(281, 10, '2020-07-30 12:37:55'),
(282, 7, '2020-07-30 12:37:55'),
(283, 13, '2020-07-30 12:37:55'),
(284, 12, '2020-07-30 12:37:55'),
(285, 14, '2020-07-30 12:37:55'),
(286, 16, '2020-07-30 12:37:55'),
(287, 1, '2020-07-30 12:37:55'),
(288, 16, '2020-07-30 12:37:55'),
(289, 13, '2020-07-30 12:37:55'),
(290, 9, '2020-07-30 12:37:55'),
(291, 15, '2020-07-30 12:37:55'),
(292, 1, '2020-07-30 12:37:55'),
(293, 15, '2020-07-30 12:37:55'),
(294, 16, '2020-07-30 12:37:55'),
(295, 6, '2020-07-30 12:37:55'),
(296, 14, '2020-07-30 12:37:55'),
(297, 4, '2020-07-30 12:37:55'),
(298, 14, '2020-07-30 12:37:55'),
(299, 16, '2020-07-30 12:37:55'),
(300, 2, '2020-07-30 12:37:55'),
(301, 11, '2020-07-30 12:37:55'),
(302, 10, '2020-07-30 12:37:55'),
(303, 1, '2020-07-30 12:37:55'),
(304, 3, '2020-07-30 12:37:55'),
(305, 13, '2020-07-30 12:37:55'),
(306, 10, '2020-07-30 12:37:55'),
(307, 16, '2020-07-30 12:37:55'),
(308, 5, '2020-07-30 12:37:55'),
(309, 8, '2020-07-30 12:37:55'),
(310, 10, '2020-07-30 12:37:55'),
(311, 9, '2020-07-30 12:37:55'),
(312, 14, '2020-07-30 12:37:55'),
(313, 11, '2020-07-30 12:37:55'),
(314, 2, '2020-07-30 12:37:55'),
(315, 8, '2020-07-30 12:37:55'),
(316, 10, '2020-07-30 12:37:55'),
(317, 5, '2020-07-30 12:37:55'),
(318, 1, '2020-07-30 12:37:55'),
(319, 14, '2020-07-30 12:37:55'),
(320, 13, '2020-07-30 12:37:55'),
(321, 13, '2020-07-30 12:37:55'),
(322, 15, '2020-07-30 12:37:55'),
(323, 15, '2020-07-30 12:37:55'),
(324, 5, '2020-07-30 12:37:55'),
(325, 2, '2020-07-30 12:37:55'),
(326, 2, '2020-07-30 12:37:55'),
(327, 1, '2020-07-30 12:37:55'),
(328, 3, '2020-07-30 12:37:55'),
(329, 1, '2020-07-30 12:37:55'),
(330, 2, '2020-07-30 12:37:55'),
(331, 10, '2020-07-30 12:37:55'),
(332, 5, '2020-07-30 12:37:55'),
(333, 12, '2020-07-30 12:37:55'),
(334, 11, '2020-07-30 12:37:55'),
(335, 5, '2020-07-30 12:37:55'),
(336, 6, '2020-07-30 12:37:55'),
(337, 9, '2020-07-30 12:37:55'),
(338, 14, '2020-07-30 12:37:55'),
(339, 16, '2020-07-30 12:37:55'),
(340, 13, '2020-07-30 12:37:55'),
(341, 4, '2020-07-30 12:37:55'),
(342, 16, '2020-07-30 12:37:55'),
(343, 3, '2020-07-30 12:37:55'),
(344, 3, '2020-07-30 12:37:55'),
(345, 8, '2020-07-30 12:37:55'),
(346, 4, '2020-07-30 12:37:55'),
(347, 16, '2020-07-30 12:37:55'),
(348, 8, '2020-07-30 12:37:55'),
(349, 2, '2020-07-30 12:37:55'),
(350, 14, '2020-07-30 12:37:55'),
(351, 11, '2020-07-30 12:37:55'),
(352, 10, '2020-07-30 12:37:55'),
(353, 9, '2020-07-30 12:37:55'),
(354, 3, '2020-07-30 12:37:55'),
(355, 2, '2020-07-30 12:37:55'),
(356, 3, '2020-07-30 12:37:55'),
(357, 4, '2020-07-30 12:37:55'),
(358, 4, '2020-07-30 12:37:55'),
(359, 8, '2020-07-30 12:37:55'),
(360, 1, '2020-07-30 12:37:55'),
(361, 15, '2020-07-30 12:37:55'),
(362, 10, '2020-07-30 12:37:55'),
(363, 12, '2020-07-30 12:37:55'),
(364, 13, '2020-07-30 12:37:55'),
(365, 5, '2020-07-30 12:37:55'),
(366, 7, '2020-07-30 12:37:55'),
(367, 14, '2020-07-30 12:37:55'),
(368, 7, '2020-07-30 12:37:55'),
(369, 14, '2020-07-30 12:37:55'),
(370, 3, '2020-07-30 12:37:55'),
(371, 1, '2020-07-30 12:37:55'),
(372, 15, '2020-07-30 12:37:55'),
(373, 3, '2020-07-30 12:37:55'),
(374, 14, '2020-07-30 12:37:55'),
(375, 1, '2020-07-30 12:37:55'),
(376, 9, '2020-07-30 12:37:55'),
(377, 8, '2020-07-30 12:37:55'),
(378, 12, '2020-07-30 12:37:55'),
(379, 7, '2020-07-30 12:37:55'),
(380, 9, '2020-07-30 12:37:55'),
(381, 10, '2020-07-30 12:37:55'),
(382, 10, '2020-07-30 12:37:55'),
(383, 15, '2020-07-30 12:37:55'),
(384, 12, '2020-07-30 12:37:55'),
(385, 5, '2020-07-30 12:37:55'),
(386, 16, '2020-07-30 12:37:55'),
(387, 10, '2020-07-30 12:37:55'),
(388, 5, '2020-07-30 12:37:55'),
(389, 15, '2020-07-30 12:37:55'),
(390, 14, '2020-07-30 12:37:55'),
(391, 8, '2020-07-30 12:37:55'),
(392, 3, '2020-07-30 12:37:55'),
(393, 6, '2020-07-30 12:37:55'),
(394, 14, '2020-07-30 12:37:55'),
(395, 1, '2020-07-30 12:37:55'),
(396, 7, '2020-07-30 12:37:55'),
(397, 14, '2020-07-30 12:37:55'),
(398, 12, '2020-07-30 12:37:55'),
(399, 9, '2020-07-30 12:37:55'),
(400, 6, '2020-07-30 12:37:55'),
(401, 7, '2020-07-30 12:37:55'),
(402, 2, '2020-07-30 12:37:55'),
(403, 7, '2020-07-30 12:37:55'),
(404, 5, '2020-07-30 12:37:55'),
(405, 16, '2020-07-30 12:37:55'),
(406, 10, '2020-07-30 12:37:55'),
(407, 6, '2020-07-30 12:37:55'),
(408, 10, '2020-07-30 12:37:55'),
(409, 3, '2020-07-30 12:37:55'),
(410, 5, '2020-07-30 12:37:55'),
(411, 12, '2020-07-30 12:37:55'),
(412, 6, '2020-07-30 12:37:55'),
(413, 5, '2020-07-30 12:37:55'),
(414, 9, '2020-07-30 12:37:55'),
(415, 11, '2020-07-30 12:37:55'),
(416, 9, '2020-07-30 12:37:55'),
(417, 1, '2020-07-30 12:37:55'),
(418, 7, '2020-07-30 12:37:55'),
(419, 8, '2020-07-30 12:37:55'),
(420, 15, '2020-07-30 12:37:55'),
(421, 9, '2020-07-30 12:37:55'),
(422, 14, '2020-07-30 12:37:55'),
(423, 3, '2020-07-30 12:37:55'),
(424, 3, '2020-07-30 12:37:55'),
(425, 4, '2020-07-30 12:37:55'),
(426, 12, '2020-07-30 12:37:55'),
(427, 6, '2020-07-30 12:37:55'),
(428, 8, '2020-07-30 12:37:55'),
(429, 15, '2020-07-30 12:37:55'),
(430, 2, '2020-07-30 12:37:55'),
(431, 9, '2020-07-30 12:37:55'),
(432, 4, '2020-07-30 12:37:55'),
(433, 2, '2020-07-30 12:37:55'),
(434, 16, '2020-07-30 12:37:55'),
(435, 9, '2020-07-30 12:37:55'),
(436, 13, '2020-07-30 12:37:55'),
(437, 8, '2020-07-30 12:37:55'),
(438, 10, '2020-07-30 12:37:55'),
(439, 7, '2020-07-30 12:37:55'),
(440, 9, '2020-07-30 12:37:55'),
(441, 6, '2020-07-30 12:37:55'),
(442, 8, '2020-07-30 12:37:55'),
(443, 5, '2020-07-30 12:37:55'),
(444, 5, '2020-07-30 12:37:55'),
(445, 4, '2020-07-30 12:37:55'),
(446, 15, '2020-07-30 12:37:55'),
(447, 10, '2020-07-30 12:37:55'),
(448, 13, '2020-07-30 12:37:55'),
(449, 14, '2020-07-30 12:37:55'),
(450, 3, '2020-07-30 12:37:55'),
(451, 16, '2020-07-30 12:37:55'),
(452, 9, '2020-07-30 12:37:55'),
(453, 15, '2020-07-30 12:37:55'),
(454, 12, '2020-07-30 12:37:55'),
(455, 9, '2020-07-30 12:37:55'),
(456, 2, '2020-07-30 12:37:55'),
(457, 6, '2020-07-30 12:37:55'),
(458, 8, '2020-07-30 12:37:55'),
(459, 9, '2020-07-30 12:37:55'),
(460, 9, '2020-07-30 12:37:55'),
(461, 2, '2020-07-30 12:37:55'),
(462, 12, '2020-07-30 12:37:55'),
(463, 15, '2020-07-30 12:37:55'),
(464, 2, '2020-07-30 12:37:55'),
(465, 13, '2020-07-30 12:37:55'),
(466, 6, '2020-07-30 12:37:55'),
(467, 9, '2020-07-30 12:37:55'),
(468, 3, '2020-07-30 12:37:55'),
(469, 4, '2020-07-30 12:37:55'),
(470, 2, '2020-07-30 12:37:55'),
(471, 4, '2020-07-30 12:37:55'),
(472, 16, '2020-07-30 12:37:55'),
(473, 7, '2020-07-30 12:37:55'),
(474, 15, '2020-07-30 12:37:55'),
(475, 11, '2020-07-30 12:37:55'),
(476, 8, '2020-07-30 12:37:55'),
(477, 12, '2020-07-30 12:37:55'),
(478, 5, '2020-07-30 12:37:55'),
(479, 8, '2020-07-30 12:37:55'),
(480, 4, '2020-07-30 12:37:55'),
(481, 13, '2020-07-30 12:37:55'),
(482, 4, '2020-07-30 12:37:55'),
(483, 10, '2020-07-30 12:37:55'),
(484, 4, '2020-07-30 12:37:55'),
(485, 3, '2020-07-30 12:37:55'),
(486, 9, '2020-07-30 12:37:55'),
(487, 4, '2020-07-30 12:37:55'),
(488, 15, '2020-07-30 12:37:55'),
(489, 2, '2020-07-30 12:37:55'),
(490, 13, '2020-07-30 12:37:55'),
(491, 3, '2020-07-30 12:37:55'),
(492, 13, '2020-07-30 12:37:55'),
(493, 9, '2020-07-30 12:37:55'),
(494, 11, '2020-07-30 12:37:55'),
(495, 11, '2020-07-30 12:37:55'),
(496, 16, '2020-07-30 12:37:55'),
(497, 6, '2020-07-30 12:37:55'),
(498, 8, '2020-07-30 12:37:55'),
(499, 8, '2020-07-30 12:37:55'),
(500, 9, '2020-07-30 12:37:55'),
(501, 1, '2020-07-30 12:37:55'),
(502, 5, '2020-07-30 12:37:55'),
(503, 15, '2020-07-30 12:37:55'),
(504, 7, '2020-07-30 12:37:55'),
(505, 3, '2020-07-30 12:37:55'),
(506, 11, '2020-07-30 12:37:55'),
(507, 10, '2020-07-30 12:37:55'),
(508, 10, '2020-07-30 12:37:55'),
(509, 3, '2020-07-30 12:37:55'),
(510, 2, '2020-07-30 12:37:55'),
(511, 1, '2020-07-30 12:37:55'),
(512, 4, '2020-07-30 12:37:55'),
(513, 16, '2020-07-30 12:37:55'),
(514, 7, '2020-07-30 12:37:55'),
(515, 3, '2020-07-30 12:37:55'),
(516, 12, '2020-07-30 12:37:55'),
(517, 15, '2020-07-30 12:37:55'),
(518, 16, '2020-07-30 12:37:55'),
(519, 15, '2020-07-30 12:37:55'),
(520, 14, '2020-07-30 12:37:55'),
(521, 7, '2020-07-30 12:37:55'),
(522, 5, '2020-07-30 12:37:55'),
(523, 4, '2020-07-30 12:37:55'),
(524, 5, '2020-07-30 12:37:55'),
(525, 4, '2020-07-30 12:37:55'),
(526, 16, '2020-07-30 12:37:55'),
(527, 11, '2020-07-30 12:37:55'),
(528, 8, '2020-07-30 12:37:55'),
(529, 5, '2020-07-30 12:37:55'),
(530, 1, '2020-07-30 12:37:55'),
(531, 9, '2020-07-30 12:37:55'),
(532, 15, '2020-07-30 12:37:55'),
(533, 9, '2020-07-30 12:37:55'),
(534, 8, '2020-07-30 12:37:55'),
(535, 11, '2020-07-30 12:37:55'),
(536, 4, '2020-07-30 12:37:55'),
(537, 4, '2020-07-30 12:37:55'),
(538, 13, '2020-07-30 12:37:55'),
(539, 7, '2020-07-30 12:37:55'),
(540, 12, '2020-07-30 12:37:55'),
(541, 2, '2020-07-30 12:37:55'),
(542, 1, '2020-07-30 12:37:55'),
(543, 16, '2020-07-30 12:37:55'),
(544, 6, '2020-07-30 12:37:55'),
(545, 9, '2020-07-30 12:37:55'),
(546, 10, '2020-07-30 12:37:55'),
(547, 3, '2020-07-30 12:37:55'),
(548, 4, '2020-07-30 12:37:55'),
(549, 1, '2020-07-30 12:37:55'),
(550, 8, '2020-07-30 12:37:55'),
(551, 13, '2020-07-30 12:37:55'),
(552, 6, '2020-07-30 12:37:55'),
(553, 3, '2020-07-30 12:37:55'),
(554, 4, '2020-07-30 12:37:55'),
(555, 5, '2020-07-30 12:37:55'),
(556, 10, '2020-07-30 12:37:55'),
(557, 8, '2020-07-30 12:37:55'),
(558, 13, '2020-07-30 12:37:55'),
(559, 14, '2020-07-30 12:37:55'),
(560, 10, '2020-07-30 12:37:55'),
(561, 13, '2020-07-30 12:37:55'),
(562, 12, '2020-07-30 12:37:55'),
(563, 10, '2020-07-30 12:37:55'),
(564, 2, '2020-07-30 12:37:55'),
(565, 9, '2020-07-30 12:37:55'),
(566, 9, '2020-07-30 12:37:55'),
(567, 9, '2020-07-30 12:37:55'),
(568, 5, '2020-07-30 12:37:55'),
(569, 2, '2020-07-30 12:37:55'),
(570, 15, '2020-07-30 12:37:55'),
(571, 6, '2020-07-30 12:37:55'),
(572, 14, '2020-07-30 12:37:55'),
(573, 3, '2020-07-30 12:37:55'),
(574, 1, '2020-07-30 12:37:55'),
(575, 6, '2020-07-30 12:37:55'),
(576, 6, '2020-07-30 12:37:55'),
(577, 15, '2020-07-30 12:37:55'),
(578, 4, '2020-07-30 12:37:55'),
(579, 1, '2020-07-30 12:37:55'),
(580, 13, '2020-07-30 12:37:55'),
(581, 12, '2020-07-30 12:37:55'),
(582, 2, '2020-07-30 12:37:55'),
(583, 2, '2020-07-30 12:37:55'),
(584, 9, '2020-07-30 12:37:55'),
(585, 7, '2020-07-30 12:37:55'),
(586, 1, '2020-07-30 12:37:55'),
(587, 6, '2020-07-30 12:37:55'),
(588, 3, '2020-07-30 12:37:55'),
(589, 6, '2020-07-30 12:37:55'),
(590, 13, '2020-07-30 12:37:55'),
(591, 10, '2020-07-30 12:37:55'),
(592, 12, '2020-07-30 12:37:55'),
(593, 11, '2020-07-30 12:37:55'),
(594, 1, '2020-07-30 12:37:55'),
(595, 9, '2020-07-30 12:37:55'),
(596, 10, '2020-07-30 12:37:55'),
(597, 10, '2020-07-30 12:37:55'),
(598, 15, '2020-07-30 12:37:55'),
(599, 15, '2020-07-30 12:37:55'),
(600, 11, '2020-07-30 12:37:55'),
(601, 16, '2020-07-30 12:37:55'),
(602, 14, '2020-07-30 12:37:55'),
(603, 8, '2020-07-30 12:37:55'),
(604, 5, '2020-07-30 12:37:55'),
(605, 9, '2020-07-30 12:37:55'),
(606, 15, '2020-07-30 12:37:55'),
(607, 9, '2020-07-30 12:37:55'),
(608, 3, '2020-07-30 12:37:55'),
(609, 16, '2020-07-30 12:37:55'),
(610, 8, '2020-07-30 12:37:55'),
(611, 4, '2020-07-30 12:37:55'),
(612, 15, '2020-07-30 12:37:55'),
(613, 5, '2020-07-30 12:37:55'),
(614, 10, '2020-07-30 12:37:55'),
(615, 2, '2020-07-30 12:37:55'),
(616, 6, '2020-07-30 12:37:55'),
(617, 8, '2020-07-30 12:37:55'),
(618, 7, '2020-07-30 12:37:55'),
(619, 15, '2020-07-30 12:37:55'),
(620, 14, '2020-07-30 12:37:55'),
(621, 8, '2020-07-30 12:37:55'),
(622, 6, '2020-07-30 12:37:55'),
(623, 9, '2020-07-30 12:37:55'),
(624, 10, '2020-07-30 12:37:55'),
(625, 14, '2020-07-30 12:37:55'),
(626, 3, '2020-07-30 12:37:55'),
(627, 6, '2020-07-30 12:37:55'),
(628, 15, '2020-07-30 12:37:55'),
(629, 6, '2020-07-30 12:37:55'),
(630, 7, '2020-07-30 12:37:55'),
(631, 15, '2020-07-30 12:37:55'),
(632, 13, '2020-07-30 12:37:55'),
(633, 4, '2020-07-30 12:37:55'),
(634, 8, '2020-07-30 12:37:55'),
(635, 13, '2020-07-30 12:37:55'),
(636, 12, '2020-07-30 12:37:55'),
(637, 14, '2020-07-30 12:37:55'),
(638, 5, '2020-07-30 12:37:55'),
(639, 8, '2020-07-30 12:37:55'),
(640, 9, '2020-07-30 12:37:55'),
(641, 9, '2020-07-30 12:37:55'),
(642, 16, '2020-07-30 12:37:55'),
(643, 7, '2020-07-30 12:37:55'),
(644, 2, '2020-07-30 12:37:55'),
(645, 16, '2020-07-30 12:37:55'),
(646, 10, '2020-07-30 12:37:55'),
(647, 12, '2020-07-30 12:37:55'),
(648, 16, '2020-07-30 12:37:55'),
(649, 2, '2020-07-30 12:37:55'),
(650, 6, '2020-07-30 12:37:55'),
(651, 2, '2020-07-30 12:37:55'),
(652, 4, '2020-07-30 12:37:55'),
(653, 11, '2020-07-30 12:37:55'),
(654, 10, '2020-07-30 12:37:55'),
(655, 14, '2020-07-30 12:37:55'),
(656, 16, '2020-07-30 12:37:55'),
(657, 5, '2020-07-30 12:37:55'),
(658, 11, '2020-07-30 12:37:55'),
(659, 1, '2020-07-30 12:37:55'),
(660, 5, '2020-07-30 12:37:55'),
(661, 9, '2020-07-30 12:37:55'),
(662, 7, '2020-07-30 12:37:55'),
(663, 4, '2020-07-30 12:37:55'),
(664, 1, '2020-07-30 12:37:55'),
(665, 11, '2020-07-30 12:37:55'),
(666, 7, '2020-07-30 12:37:55'),
(667, 15, '2020-07-30 12:37:55'),
(668, 15, '2020-07-30 12:37:55'),
(669, 9, '2020-07-30 12:37:55'),
(670, 6, '2020-07-30 12:37:55'),
(671, 15, '2020-07-30 12:37:55'),
(672, 5, '2020-07-30 12:37:55'),
(673, 12, '2020-07-30 12:37:55'),
(674, 9, '2020-07-30 12:37:55'),
(675, 13, '2020-07-30 12:37:55'),
(676, 15, '2020-07-30 12:37:55'),
(677, 13, '2020-07-30 12:37:55'),
(678, 15, '2020-07-30 12:37:55'),
(679, 8, '2020-07-30 12:37:55'),
(680, 5, '2020-07-30 12:37:55'),
(681, 15, '2020-07-30 12:37:55'),
(682, 8, '2020-07-30 12:37:55'),
(683, 7, '2020-07-30 12:37:55'),
(684, 10, '2020-07-30 12:37:55'),
(685, 13, '2020-07-30 12:37:55'),
(686, 13, '2020-07-30 12:37:55'),
(687, 6, '2020-07-30 12:37:55'),
(688, 3, '2020-07-30 12:37:55'),
(689, 9, '2020-07-30 12:37:55'),
(690, 2, '2020-07-30 12:37:55'),
(691, 15, '2020-07-30 12:37:55'),
(692, 2, '2020-07-30 12:37:55'),
(693, 2, '2020-07-30 12:37:55'),
(694, 4, '2020-07-30 12:37:55'),
(695, 8, '2020-07-30 12:37:55'),
(696, 2, '2020-07-30 12:37:55'),
(697, 1, '2020-07-30 12:37:55'),
(698, 6, '2020-07-30 12:37:55'),
(699, 10, '2020-07-30 12:37:55'),
(700, 8, '2020-07-30 12:37:55'),
(701, 10, '2020-07-30 12:37:55'),
(702, 11, '2020-07-30 12:37:55'),
(703, 2, '2020-07-30 12:37:55'),
(704, 5, '2020-07-30 12:37:55'),
(705, 9, '2020-07-30 12:37:55'),
(706, 7, '2020-07-30 12:37:55'),
(707, 1, '2020-07-30 12:37:55'),
(708, 6, '2020-07-30 12:37:55'),
(709, 7, '2020-07-30 12:37:55'),
(710, 8, '2020-07-30 12:37:55'),
(711, 14, '2020-07-30 12:37:55'),
(712, 6, '2020-07-30 12:37:55'),
(713, 6, '2020-07-30 12:37:55'),
(714, 14, '2020-07-30 12:37:55'),
(715, 8, '2020-07-30 12:37:55'),
(716, 11, '2020-07-30 12:37:55'),
(717, 1, '2020-07-30 12:37:55'),
(718, 12, '2020-07-30 12:37:55'),
(719, 15, '2020-07-30 12:37:55'),
(720, 13, '2020-07-30 12:37:55'),
(721, 12, '2020-07-30 12:37:55'),
(722, 11, '2020-07-30 12:37:55'),
(723, 14, '2020-07-30 12:37:55'),
(724, 8, '2020-07-30 12:37:55'),
(725, 4, '2020-07-30 12:37:55'),
(726, 9, '2020-07-30 12:37:55'),
(727, 8, '2020-07-30 12:37:55'),
(728, 7, '2020-07-30 12:37:55'),
(729, 15, '2020-07-30 12:37:55'),
(730, 13, '2020-07-30 12:37:55'),
(731, 4, '2020-07-30 12:37:55'),
(732, 1, '2020-07-30 12:37:55'),
(733, 15, '2020-07-30 12:37:55'),
(734, 6, '2020-07-30 12:37:55'),
(735, 3, '2020-07-30 12:37:55'),
(736, 8, '2020-07-30 12:37:55'),
(737, 11, '2020-07-30 12:37:55'),
(738, 9, '2020-07-30 12:37:55'),
(739, 7, '2020-07-30 12:37:55'),
(740, 11, '2020-07-30 12:37:55'),
(741, 12, '2020-07-30 12:37:55'),
(742, 10, '2020-07-30 12:37:55'),
(743, 2, '2020-07-30 12:37:55'),
(744, 4, '2020-07-30 12:37:55'),
(745, 15, '2020-07-30 12:37:55'),
(746, 10, '2020-07-30 12:37:55'),
(747, 10, '2020-07-30 12:37:55'),
(748, 1, '2020-07-30 12:37:55'),
(749, 11, '2020-07-30 12:37:55'),
(750, 13, '2020-07-30 12:37:55'),
(751, 13, '2020-07-30 12:37:55'),
(752, 12, '2020-07-30 12:37:55'),
(753, 8, '2020-07-30 12:37:55'),
(754, 5, '2020-07-30 12:37:55'),
(755, 3, '2020-07-30 12:37:55'),
(756, 5, '2020-07-30 12:37:55'),
(757, 6, '2020-07-30 12:37:55'),
(758, 7, '2020-07-30 12:37:55'),
(759, 13, '2020-07-30 12:37:55'),
(760, 13, '2020-07-30 12:37:55'),
(761, 3, '2020-07-30 12:37:55'),
(762, 10, '2020-07-30 12:37:55'),
(763, 15, '2020-07-30 12:37:55'),
(764, 15, '2020-07-30 12:37:55'),
(765, 5, '2020-07-30 12:37:55'),
(766, 7, '2020-07-30 12:37:55'),
(767, 12, '2020-07-30 12:37:55'),
(768, 3, '2020-07-30 12:37:55'),
(769, 9, '2020-07-30 12:37:55'),
(770, 9, '2020-07-30 12:37:55'),
(771, 7, '2020-07-30 12:37:55'),
(772, 7, '2020-07-30 12:37:55'),
(773, 15, '2020-07-30 12:37:55'),
(774, 5, '2020-07-30 12:37:55'),
(775, 7, '2020-07-30 12:37:55'),
(776, 6, '2020-07-30 12:37:55'),
(777, 15, '2020-07-30 12:37:55'),
(778, 8, '2020-07-30 12:37:55'),
(779, 15, '2020-07-30 12:37:55'),
(780, 8, '2020-07-30 12:37:55'),
(781, 10, '2020-07-30 12:37:55'),
(782, 15, '2020-07-30 12:37:55'),
(783, 16, '2020-07-30 12:37:55'),
(784, 16, '2020-07-30 12:37:55'),
(785, 16, '2020-07-30 12:37:55'),
(786, 3, '2020-07-30 12:37:55'),
(787, 16, '2020-07-30 12:37:55'),
(788, 6, '2020-07-30 12:37:55'),
(789, 9, '2020-07-30 12:37:55'),
(790, 7, '2020-07-30 12:37:55'),
(791, 6, '2020-07-30 12:37:55'),
(792, 9, '2020-07-30 12:37:55'),
(793, 1, '2020-07-30 12:37:55'),
(794, 1, '2020-07-30 12:37:55'),
(795, 8, '2020-07-30 12:37:55'),
(796, 15, '2020-07-30 12:37:55'),
(797, 12, '2020-07-30 12:37:55'),
(798, 14, '2020-07-30 12:37:55'),
(799, 11, '2020-07-30 12:37:55'),
(800, 11, '2020-07-30 12:37:55'),
(801, 3, '2020-07-30 12:37:55'),
(802, 1, '2020-07-30 12:37:55'),
(803, 7, '2020-07-30 12:37:55'),
(804, 11, '2020-07-30 12:37:55'),
(805, 2, '2020-07-30 12:37:55'),
(806, 13, '2020-07-30 12:37:55'),
(807, 10, '2020-07-30 12:37:55'),
(808, 4, '2020-07-30 12:37:55'),
(809, 15, '2020-07-30 12:37:55'),
(810, 8, '2020-07-30 12:37:55'),
(811, 16, '2020-07-30 12:37:55'),
(812, 6, '2020-07-30 12:37:55'),
(813, 15, '2020-07-30 12:37:55'),
(814, 5, '2020-07-30 12:37:55'),
(815, 4, '2020-07-30 12:37:55'),
(816, 2, '2020-07-30 12:37:55'),
(817, 14, '2020-07-30 12:37:55'),
(818, 7, '2020-07-30 12:37:55'),
(819, 12, '2020-07-30 12:37:55'),
(820, 2, '2020-07-30 12:37:55'),
(821, 9, '2020-07-30 12:37:55'),
(822, 8, '2020-07-30 12:37:55'),
(823, 1, '2020-07-30 12:37:55'),
(824, 8, '2020-07-30 12:37:55'),
(825, 1, '2020-07-30 12:37:55'),
(826, 16, '2020-07-30 12:37:55'),
(827, 7, '2020-07-30 12:37:55'),
(828, 4, '2020-07-30 12:37:55'),
(829, 8, '2020-07-30 12:37:55'),
(830, 11, '2020-07-30 12:37:55'),
(831, 14, '2020-07-30 12:37:55'),
(832, 8, '2020-07-30 12:37:55'),
(833, 3, '2020-07-30 12:37:55'),
(834, 6, '2020-07-30 12:37:55'),
(835, 10, '2020-07-30 12:37:55'),
(836, 15, '2020-07-30 12:37:55'),
(837, 5, '2020-07-30 12:37:55'),
(838, 1, '2020-07-30 12:37:55'),
(839, 14, '2020-07-30 12:37:55'),
(840, 10, '2020-07-30 12:37:55'),
(841, 15, '2020-07-30 12:37:55'),
(842, 10, '2020-07-30 12:37:55'),
(843, 4, '2020-07-30 12:37:55'),
(844, 15, '2020-07-30 12:37:55'),
(845, 9, '2020-07-30 12:37:55'),
(846, 13, '2020-07-30 12:37:55'),
(847, 13, '2020-07-30 12:37:55'),
(848, 16, '2020-07-30 12:37:55'),
(849, 2, '2020-07-30 12:37:55'),
(850, 1, '2020-07-30 12:37:55'),
(851, 15, '2020-07-30 12:37:55'),
(852, 3, '2020-07-30 12:37:55'),
(853, 3, '2020-07-30 12:37:55'),
(854, 11, '2020-07-30 12:37:55'),
(855, 6, '2020-07-30 12:37:55'),
(856, 11, '2020-07-30 12:37:55'),
(857, 5, '2020-07-30 12:37:55'),
(858, 5, '2020-07-30 12:37:55'),
(859, 2, '2020-07-30 12:37:55'),
(860, 14, '2020-07-30 12:37:55'),
(861, 10, '2020-07-30 12:37:55'),
(862, 4, '2020-07-30 12:37:55'),
(863, 14, '2020-07-30 12:37:55'),
(864, 3, '2020-07-30 12:37:55'),
(865, 2, '2020-07-30 12:37:55'),
(866, 8, '2020-07-30 12:37:55'),
(867, 8, '2020-07-30 12:37:55'),
(868, 16, '2020-07-30 12:37:55'),
(869, 1, '2020-07-30 12:37:55'),
(870, 11, '2020-07-30 12:37:55'),
(871, 5, '2020-07-30 12:37:55'),
(872, 16, '2020-07-30 12:37:55'),
(873, 3, '2020-07-30 12:37:55'),
(874, 4, '2020-07-30 12:37:55'),
(875, 15, '2020-07-30 12:37:55'),
(876, 11, '2020-07-30 12:37:55'),
(877, 12, '2020-07-30 12:37:55'),
(878, 16, '2020-07-30 12:37:55'),
(879, 12, '2020-07-30 12:37:55'),
(880, 2, '2020-07-30 12:37:55'),
(881, 11, '2020-07-30 12:37:55'),
(882, 7, '2020-07-30 12:37:55'),
(883, 3, '2020-07-30 12:37:55'),
(884, 12, '2020-07-30 12:37:55'),
(885, 11, '2020-07-30 12:37:55'),
(886, 2, '2020-07-30 12:37:55'),
(887, 2, '2020-07-30 12:37:55'),
(888, 6, '2020-07-30 12:37:55'),
(889, 3, '2020-07-30 12:37:55'),
(890, 15, '2020-07-30 12:37:55'),
(891, 4, '2020-07-30 12:37:55'),
(892, 2, '2020-07-30 12:37:55'),
(893, 14, '2020-07-30 12:37:55'),
(894, 16, '2020-07-30 12:37:55'),
(895, 4, '2020-07-30 12:37:55'),
(896, 3, '2020-07-30 12:37:55'),
(897, 7, '2020-07-30 12:37:55'),
(898, 15, '2020-07-30 12:37:55'),
(899, 4, '2020-07-30 12:37:55'),
(900, 9, '2020-07-30 12:37:55'),
(901, 2, '2020-07-30 12:37:55'),
(902, 15, '2020-07-30 12:37:55'),
(903, 16, '2020-07-30 12:37:55'),
(904, 11, '2020-07-30 12:37:55'),
(905, 5, '2020-07-30 12:37:55'),
(906, 5, '2020-07-30 12:37:55'),
(907, 7, '2020-07-30 12:37:55'),
(908, 9, '2020-07-30 12:37:55'),
(909, 11, '2020-07-30 12:37:55'),
(910, 7, '2020-07-30 12:37:55'),
(911, 1, '2020-07-30 12:37:55'),
(912, 14, '2020-07-30 12:37:55'),
(913, 13, '2020-07-30 12:37:55'),
(914, 16, '2020-07-30 12:37:55'),
(915, 1, '2020-07-30 12:37:55'),
(916, 2, '2020-07-30 12:37:55'),
(917, 15, '2020-07-30 12:37:55'),
(918, 3, '2020-07-30 12:37:55'),
(919, 10, '2020-07-30 12:37:55'),
(920, 13, '2020-07-30 12:37:55'),
(921, 12, '2020-07-30 12:37:55'),
(922, 11, '2020-07-30 12:37:55'),
(923, 7, '2020-07-30 12:37:55'),
(924, 14, '2020-07-30 12:37:55'),
(925, 6, '2020-07-30 12:37:55'),
(926, 6, '2020-07-30 12:37:55'),
(927, 1, '2020-07-30 12:37:55'),
(928, 3, '2020-07-30 12:37:55'),
(929, 9, '2020-07-30 12:37:55'),
(930, 14, '2020-07-30 12:37:55'),
(931, 16, '2020-07-30 12:37:55'),
(932, 5, '2020-07-30 12:37:55'),
(933, 13, '2020-07-30 12:37:55'),
(934, 10, '2020-07-30 12:37:55'),
(935, 13, '2020-07-30 12:37:55'),
(936, 12, '2020-07-30 12:37:55'),
(937, 13, '2020-07-30 12:37:55'),
(938, 5, '2020-07-30 12:37:55'),
(939, 5, '2020-07-30 12:37:55'),
(940, 15, '2020-07-30 12:37:55'),
(941, 10, '2020-07-30 12:37:55'),
(942, 7, '2020-07-30 12:37:55'),
(943, 6, '2020-07-30 12:37:55'),
(944, 7, '2020-07-30 12:37:55'),
(945, 6, '2020-07-30 12:37:55'),
(946, 8, '2020-07-30 12:37:55'),
(947, 9, '2020-07-30 12:37:55'),
(948, 13, '2020-07-30 12:37:55'),
(949, 10, '2020-07-30 12:37:55'),
(950, 4, '2020-07-30 12:37:55'),
(951, 4, '2020-07-30 12:37:55'),
(952, 6, '2020-07-30 12:37:55'),
(953, 2, '2020-07-30 12:37:55'),
(954, 13, '2020-07-30 12:37:55'),
(955, 3, '2020-07-30 12:37:55'),
(956, 10, '2020-07-30 12:37:55'),
(957, 9, '2020-07-30 12:37:55'),
(958, 7, '2020-07-30 12:37:55'),
(959, 3, '2020-07-30 12:37:55'),
(960, 6, '2020-07-30 12:37:55'),
(961, 9, '2020-07-30 12:37:55'),
(962, 4, '2020-07-30 12:37:55'),
(963, 2, '2020-07-30 12:37:55'),
(964, 1, '2020-07-30 12:37:55'),
(965, 11, '2020-07-30 12:37:55'),
(966, 6, '2020-07-30 12:37:55'),
(967, 14, '2020-07-30 12:37:55'),
(968, 1, '2020-07-30 12:37:55'),
(969, 7, '2020-07-30 12:37:55'),
(970, 4, '2020-07-30 12:37:55'),
(971, 9, '2020-07-30 12:37:55'),
(972, 14, '2020-07-30 12:37:55'),
(973, 6, '2020-07-30 12:37:55'),
(974, 13, '2020-07-30 12:37:55'),
(975, 8, '2020-07-30 12:37:55'),
(976, 10, '2020-07-30 12:37:55'),
(977, 16, '2020-07-30 12:37:55'),
(978, 5, '2020-07-30 12:37:55'),
(979, 7, '2020-07-30 12:37:55'),
(980, 12, '2020-07-30 12:37:55'),
(981, 16, '2020-07-30 12:37:55'),
(982, 1, '2020-07-30 12:37:55'),
(983, 12, '2020-07-30 12:37:55'),
(984, 9, '2020-07-30 12:37:55'),
(985, 14, '2020-07-30 12:37:55'),
(986, 2, '2020-07-30 12:37:55'),
(987, 12, '2020-07-30 12:37:55'),
(988, 16, '2020-07-30 12:37:55'),
(989, 16, '2020-07-30 12:37:55'),
(990, 11, '2020-07-30 12:37:55'),
(991, 1, '2020-07-30 12:37:55'),
(992, 6, '2020-07-30 12:37:55'),
(993, 3, '2020-07-30 12:37:55'),
(994, 13, '2020-07-30 12:37:55'),
(995, 11, '2020-07-30 12:37:55'),
(996, 6, '2020-07-30 12:37:55'),
(997, 12, '2020-07-30 12:37:55'),
(998, 11, '2020-07-30 12:37:55'),
(999, 3, '2020-07-30 12:37:55'),
(1000, 5, '2020-07-30 12:37:55');

-- --------------------------------------------------------

--
-- Table structure for table `language`
--

CREATE TABLE `language` (
  `language_id` tinyint(3) UNSIGNED NOT NULL,
  `name` char(20) NOT NULL,
  `last_update` timestamp NOT NULL DEFAULT CURRENT_TIMESTAMP ON UPDATE CURRENT_TIMESTAMP
) ENGINE=InnoDB DEFAULT CHARSET=utf8mb4;

--
-- Dumping data for table `language`
--

INSERT INTO `language` (`language_id`, `name`, `last_update`) VALUES
(1, 'English', '2020-07-30 12:37:56'),
(2, 'Italian', '2020-07-30 12:37:56'),
(3, 'Japanese', '2020-07-30 12:37:56'),
(4, 'Mandarin', '2020-07-30 12:37:56'),
(5, 'French', '2020-07-30 12:37:56'),
(6, 'German', '2020-07-30 12:37:56');

--
-- Indexes for dumped tables
--

--
-- Indexes for table `actor`
--
ALTER TABLE `actor`
  ADD PRIMARY KEY (`actor_id`),
  ADD KEY `idx_actor_last_name` (`last_name`),
  ADD KEY `idx_fk_address_id` (`address_id`);

--
-- Indexes for table `address`
--
ALTER TABLE `address`
  ADD PRIMARY KEY (`address_id`),
  ADD KEY `idx_fk_city_id` (`city_id`);

--
-- Indexes for table `category`
--
ALTER TABLE `category`
  ADD PRIMARY KEY (`category_id`);

--
-- Indexes for table `city`
--
ALTER TABLE `city`
  ADD PRIMARY KEY (`city_id`),
  ADD KEY `idx_fk_country_id` (`country_id`);

--
-- Indexes for table `country`
--
ALTER TABLE `country`
  ADD PRIMARY KEY (`country_id`);

--
-- Indexes for table `film`
--
ALTER TABLE `film`
  ADD PRIMARY KEY (`film_id`),
  ADD KEY `idx_title` (`title`),
  ADD KEY `idx_fk_language_id` (`language_id`),
  ADD KEY `idx_fk_original_language_id` (`original_language_id`);

--
-- Indexes for table `film_actor`
--
ALTER TABLE `film_actor`
  ADD PRIMARY KEY (`actor_id`,`film_id`),
  ADD KEY `idx_fk_film_id` (`film_id`);

--
-- Indexes for table `film_category`
--
ALTER TABLE `film_category`
  ADD PRIMARY KEY (`film_id`,`category_id`),
  ADD KEY `fk_film_category_category` (`category_id`);

--
-- Indexes for table `language`
--
ALTER TABLE `language`
  ADD PRIMARY KEY (`language_id`);

--
-- AUTO_INCREMENT for dumped tables
--

--
-- AUTO_INCREMENT for table `actor`
--
ALTER TABLE `actor`
  MODIFY `actor_id` smallint(5) UNSIGNED NOT NULL AUTO_INCREMENT, AUTO_INCREMENT=201;

--
-- AUTO_INCREMENT for table `address`
--
ALTER TABLE `address`
  MODIFY `address_id` smallint(5) UNSIGNED NOT NULL AUTO_INCREMENT, AUTO_INCREMENT=606;

--
-- AUTO_INCREMENT for table `category`
--
ALTER TABLE `category`
  MODIFY `category_id` tinyint(3) UNSIGNED NOT NULL AUTO_INCREMENT, AUTO_INCREMENT=17;

--
-- AUTO_INCREMENT for table `city`
--
ALTER TABLE `city`
  MODIFY `city_id` smallint(5) UNSIGNED NOT NULL AUTO_INCREMENT, AUTO_INCREMENT=601;

--
-- AUTO_INCREMENT for table `country`
--
ALTER TABLE `country`
  MODIFY `country_id` smallint(5) UNSIGNED NOT NULL AUTO_INCREMENT, AUTO_INCREMENT=110;

--
-- AUTO_INCREMENT for table `film`
--
ALTER TABLE `film`
  MODIFY `film_id` smallint(5) UNSIGNED NOT NULL AUTO_INCREMENT, AUTO_INCREMENT=1001;

--
-- AUTO_INCREMENT for table `language`
--
ALTER TABLE `language`
  MODIFY `language_id` tinyint(3) UNSIGNED NOT NULL AUTO_INCREMENT, AUTO_INCREMENT=7;

--
-- Constraints for dumped tables
--

--
-- Constraints for table `actor`
--
ALTER TABLE `actor`
  ADD CONSTRAINT `fk_actor_address` FOREIGN KEY (`address_id`) REFERENCES `address` (`address_id`) ON UPDATE CASCADE;

--
-- Constraints for table `address`
--
ALTER TABLE `address`
  ADD CONSTRAINT `fk_address_city` FOREIGN KEY (`city_id`) REFERENCES `city` (`city_id`) ON UPDATE CASCADE;

--
-- Constraints for table `city`
--
ALTER TABLE `city`
  ADD CONSTRAINT `fk_city_country` FOREIGN KEY (`country_id`) REFERENCES `country` (`country_id`) ON UPDATE CASCADE;

--
-- Constraints for table `film`
--
ALTER TABLE `film`
  ADD CONSTRAINT `fk_film_language` FOREIGN KEY (`language_id`) REFERENCES `language` (`language_id`) ON UPDATE CASCADE,
  ADD CONSTRAINT `fk_film_language_original` FOREIGN KEY (`original_language_id`) REFERENCES `language` (`language_id`) ON UPDATE CASCADE;

--
-- Constraints for table `film_actor`
--
ALTER TABLE `film_actor`
  ADD CONSTRAINT `fk_film_actor_actor` FOREIGN KEY (`actor_id`) REFERENCES `actor` (`actor_id`) ON UPDATE CASCADE,
  ADD CONSTRAINT `fk_film_actor_film` FOREIGN KEY (`film_id`) REFERENCES `film` (`film_id`) ON UPDATE CASCADE;

--
-- Constraints for table `film_category`
--
ALTER TABLE `film_category`
  ADD CONSTRAINT `fk_film_category_category` FOREIGN KEY (`category_id`) REFERENCES `category` (`category_id`) ON UPDATE CASCADE,
  ADD CONSTRAINT `fk_film_category_film` FOREIGN KEY (`film_id`) REFERENCES `film` (`film_id`) ON UPDATE CASCADE;

COMMIT;

/*!40101 SET CHARACTER_SET_CLIENT=@OLD_CHARACTER_SET_CLIENT */;
/*!40101 SET CHARACTER_SET_RESULTS=@OLD_CHARACTER_SET_RESULTS */;
/*!40101 SET COLLATION_CONNECTION=@OLD_COLLATION_CONNECTION */;
